date,prob_cluster_0,prob_cluster_1,prob_cluster_2,prob_cluster_3,prob_cluster_4,prob_cluster_5,prob_cluster_6
1996-03-15,7.050751594775375e-07,4.219663273660414e-241,0.0832812811644333,3.0963948378984337e-116,0.9118221104470323,6.197311933432315e-68,0.004895903313375095
1996-03-22,7.050751594775375e-07,4.219663273660414e-241,0.0832812811644333,3.0963948378984337e-116,0.9118221104470323,6.197311933432315e-68,0.004895903313375095
1996-03-29,7.050751594775375e-07,4.219663273660414e-241,0.0832812811644333,3.0963948378984337e-116,0.9118221104470323,6.197311933432315e-68,0.004895903313375095
1996-04-05,7.050751594775375e-07,4.219663273660414e-241,0.0832812811644333,3.0963948378984337e-116,0.9118221104470323,6.197311933432315e-68,0.004895903313375095
1996-04-12,7.050751594775375e-07,4.219663273660414e-241,0.0832812811644333,3.0963948378984337e-116,0.9118221104470323,6.197311933432315e-68,0.004895903313375095
1996-04-19,7.050751594775375e-07,4.219663273660414e-241,0.0832812811644333,3.0963948378984337e-116,0.9118221104470323,6.197311933432315e-68,0.004895903313375095
1996-04-26,7.050751594775375e-07,4.219663273660414e-241,0.0832812811644333,3.0963948378984337e-116,0.9118221104470323,6.197311933432315e-68,0.004895903313375095
1996-05-03,7.050751594775375e-07,4.219663273660414e-241,0.0832812811644333,3.0963948378984337e-116,0.9118221104470323,6.197311933432315e-68,0.004895903313375095
1996-05-10,7.050751594775375e-07,4.219663273660414e-241,0.0832812811644333,3.0963948378984337e-116,0.9118221104470323,6.197311933432315e-68,0.004895903313375095
1996-05-17,7.050751594775375e-07,4.219663273660414e-241,0.0832812811644333,3.0963948378984337e-116,0.9118221104470323,6.197311933432315e-68,0.004895903313375095
1996-05-24,7.050751594775375e-07,4.219663273660414e-241,0.0832812811644333,3.0963948378984337e-116,0.9118221104470323,6.197311933432315e-68,0.004895903313375095
1996-05-31,7.050751594775375e-07,4.219663273660414e-241,0.0832812811644333,3.0963948378984337e-116,0.9118221104470323,6.197311933432315e-68,0.004895903313375095
1996-06-07,7.050751594775375e-07,4.219663273660414e-241,0.0832812811644333,3.0963948378984337e-116,0.9118221104470323,6.197311933432315e-68,0.004895903313375095
1996-06-14,7.050751594775375e-07,4.219663273660414e-241,0.0832812811644333,3.0963948378984337e-116,0.9118221104470323,6.197311933432315e-68,0.004895903313375095
1996-06-21,7.050751594775375e-07,4.219663273660414e-241,0.0832812811644333,3.0963948378984337e-116,0.9118221104470323,6.197311933432315e-68,0.004895903313375095
1996-06-28,7.050751594775375e-07,4.219663273660414e-241,0.0832812811644333,3.0963948378984337e-116,0.9118221104470323,6.197311933432315e-68,0.004895903313375095
1996-07-05,7.050751594775375e-07,4.219663273660414e-241,0.0832812811644333,3.0963948378984337e-116,0.9118221104470323,6.197311933432315e-68,0.004895903313375095
1996-07-12,7.050751594775375e-07,4.219663273660414e-241,0.0832812811644333,3.0963948378984337e-116,0.9118221104470323,6.197311933432315e-68,0.004895903313375095
1996-07-19,7.050751594775375e-07,4.219663273660414e-241,0.0832812811644333,3.0963948378984337e-116,0.9118221104470323,6.197311933432315e-68,0.004895903313375095
1996-07-26,7.050751594775375e-07,4.219663273660414e-241,0.0832812811644333,3.0963948378984337e-116,0.9118221104470323,6.197311933432315e-68,0.004895903313375095
1996-08-02,7.050751594775375e-07,4.219663273660414e-241,0.0832812811644333,3.0963948378984337e-116,0.9118221104470323,6.197311933432315e-68,0.004895903313375095
1996-08-09,7.050751594775375e-07,4.219663273660414e-241,0.0832812811644333,3.0963948378984337e-116,0.9118221104470323,6.197311933432315e-68,0.004895903313375095
1996-08-16,7.050751594775375e-07,4.219663273660414e-241,0.0832812811644333,3.0963948378984337e-116,0.9118221104470323,6.197311933432315e-68,0.004895903313375095
1996-08-23,7.050751594775375e-07,4.219663273660414e-241,0.0832812811644333,3.0963948378984337e-116,0.9118221104470323,6.197311933432315e-68,0.004895903313375095
1996-08-30,7.050751594775375e-07,4.219663273660414e-241,0.0832812811644333,3.0963948378984337e-116,0.9118221104470323,6.197311933432315e-68,0.004895903313375095
1996-09-06,0.0,1.0,0.0,0.0,0.0,1.294394532485494e-120,0.0
1996-09-13,0.0,1.0,0.0,0.0,0.0,2.17414336717846e-90,0.0
1996-09-20,0.0,1.0,0.0,0.0,0.0,8.343715464534737e-93,0.0
1996-09-27,0.0,1.0,0.0,0.0,0.0,5.2989433594032245e-80,0.0
1996-10-04,0.0,1.0,0.0,0.0,0.0,5.101265763061572e-74,0.0
1996-10-11,0.0,1.0,0.0,0.0,0.0,3.847237825506396e-78,0.0
1996-10-18,0.0,1.0,0.0,0.0,0.0,4.614745315648939e-64,0.0
1996-10-25,0.0,1.0,0.0,0.0,0.0,4.328200017263323e-80,0.0
1996-11-01,0.0,1.0,0.0,0.0,0.0,9.259279308500869e-89,0.0
1996-11-08,0.0,1.0,0.0,0.0,0.0,1.548421994570356e-121,0.0
1996-11-15,0.0,1.0,0.0,0.0,0.0,2.2318337234127975e-122,0.0
1996-11-22,0.0,1.0,0.0,0.0,0.0,3.393412860860973e-125,0.0
1996-11-29,0.0,0.0,0.0,0.00015688402026233438,0.0,0.9998431159797372,0.0
1996-12-06,0.0,0.0,0.0,0.9996135986292073,0.0,0.00038640137079283033,0.0
1996-12-13,0.0,0.0,0.0,0.01928658992086959,0.0,0.9807134100791306,0.0
1996-12-20,0.0,0.0,0.0,0.9999287988913333,0.0,7.120110866668206e-05,0.0
1996-12-27,0.0,0.0,0.0,0.999941890993768,0.0,5.810900623220267e-05,0.0
1997-01-03,0.0,0.0,0.0,0.9999999999980906,0.0,1.9093616181818725e-12,0.0
1997-01-10,0.0,0.0,0.0,0.999999999999994,0.0,6.045189128475506e-15,0.0
1997-01-17,0.0,0.0,0.0,1.0,0.0,2.924786801050928e-25,0.0
1997-01-24,0.0,0.0,0.0,1.0,0.0,1.7420430952741353e-38,0.0
1997-01-31,0.0,0.0,0.0,1.0,0.0,1.6081774613260657e-44,0.0
1997-02-07,0.0,0.0,0.0,1.0,0.0,2.9693309446123323e-41,0.0
1997-02-14,0.0,0.0,0.0,1.0,0.0,7.645956369760452e-42,0.0
1997-02-21,0.0,0.0,0.0,1.0,0.0,3.6805217460965446e-30,0.0
1997-02-28,0.0,0.0,0.0,0.9999999999209317,0.0,7.906836346560488e-11,0.0
1997-03-07,0.0,0.0,0.0,0.9999999999999909,0.0,9.013513285439555e-15,0.0
1997-03-14,0.0,0.0,0.0,0.9999999995954192,0.0,4.0458106095138424e-10,0.0
1997-03-21,0.0,0.0,0.0,0.999997504699099,0.0,2.4953009010585497e-06,0.0
1997-03-28,0.0,0.0,0.0,1.9996696892382614e-16,0.0,1.0,0.0
1997-04-04,0.0,0.0,0.0,1.0316432551186893e-20,0.0,1.0,0.0
1997-04-11,0.0,0.0,0.0,1.5091179190528915e-38,0.0,1.0,0.0
1997-04-18,0.0,0.0,0.0,1.7912759416609412e-51,0.0,1.0,0.0
1997-04-25,0.0,0.0,0.0,3.754246028406244e-101,0.0,1.0,0.0
1997-05-02,0.0,0.0,0.0,2.594546537327518e-135,0.0,1.0,0.0
1997-05-09,0.0,0.0,0.0,1.0224729335190803e-204,0.0,1.0,0.0
1997-05-16,0.0,0.0,0.0,0.0,0.0,1.0,0.0
1997-05-23,0.0,0.0,0.0,0.0,0.0,1.0,0.0
1997-05-30,0.0,0.0,0.0,0.0,0.0,1.0,0.0
1997-06-06,0.0,0.0,0.0,0.0,0.0,1.0,0.0
1997-06-13,0.0,0.0,0.0,0.0,0.0,1.0,0.0
1997-06-20,0.0,0.0,0.0,0.0,0.0,1.0,0.0
1997-06-27,0.0,0.0,0.0,0.0,0.0,1.0,0.0
1997-07-04,0.0,0.0,0.0,0.0,0.0,1.0,0.0
1997-07-11,0.0,0.0,0.0,0.0,0.0,1.0,0.0
1997-07-18,0.0,0.0,0.0,0.0,0.0,1.0,0.0
1997-07-25,0.0,0.0,0.0,0.0,0.0,1.0,0.0
1997-08-01,1.1235031119516587e-147,0.0,5.16979308076543e-124,0.0,1.7216998070197976e-127,1.0,2.1617814088453748e-122
1997-08-08,0.0,0.0,0.0,0.0,0.0,1.0,0.0
1997-08-15,1.937425045685895e-24,0.0,0.07457696768425658,0.0,1.319835125350866e-09,3.848847963416441e-05,0.9253845425162741
1997-08-22,1.1715278142652882e-23,0.0,0.079268301676942,0.0,1.4147222516114872e-09,1.1238177087066243e-05,0.9207204587312483
1997-08-29,9.400885684898259e-23,0.0,0.06948407220471754,0.0,1.1130951616747851e-08,1.0651886032259659e-05,0.9305052647782984
1997-09-05,2.0024526770739257e-18,0.0,0.14190109527290587,0.0,9.35515077279014e-07,7.228448019225148e-22,0.858097969212017
1997-09-12,3.700677268181743e-18,0.0,0.17929823817478382,0.0,4.732896100340685e-08,1.5352077907702255e-27,0.8207017144962554
1997-09-19,1.3558673538702219e-17,0.0,0.06426498697221515,0.0,0.001136933640292786,6.362046790835112e-30,0.9345980793874922
1997-09-26,3.095228285523538e-18,0.0,0.042112255481753944,0.0,0.004960031339158459,6.955458396972039e-55,0.952927713179088
1997-10-03,1.2954709719557567e-15,0.0,0.07007843552716513,0.0,0.07276004547755774,1.3594698228985488e-89,0.8571615189952755
1997-10-10,7.33952553848021e-16,0.0,0.015012893254271917,0.0,0.6800396700668442,1.5251895166816915e-98,0.30494743667888274
1997-10-17,4.711933251190738e-15,0.0,0.08726098700370542,0.0,0.07607904389456345,6.7163500949603805e-90,0.8366599691017266
1997-10-24,7.768898401789839e-16,0.0,0.1329739165229346,0.0,0.0011024177610773915,1.551968740175518e-123,0.8659236657159876
1997-10-31,9.029900540781424e-16,0.0,0.9972829226074934,0.0,3.0664282676087138e-30,2.4684992857916465e-216,0.002717077392505808
1997-11-07,7.836732865965984e-15,0.0,0.9872696213267869,0.0,3.1511492570239684e-24,3.556642941128604e-220,0.012730378673205273
1997-11-14,2.35174701513048e-13,0.0,0.8959773161522597,0.0,1.960410826588306e-14,1.851073378510271e-203,0.10402268384748556
1997-11-21,4.71267683304905e-12,0.0,0.3678784923984076,0.0,0.0013524210816487792,2.3899015175529215e-197,0.6307690865152308
1997-11-28,1.1481873878296474e-10,0.0,0.6322884074635217,5e-324,0.0007528285382229611,9.038222150144195e-121,0.36695876388343635
1997-12-05,1.0351706078872574e-08,0.0,0.08079291028851449,0.0,0.8996567828104158,4.3704739252981833e-166,0.01955029654936336
1997-12-12,3.859941515070916e-08,0.0,0.9211604743515519,0.0,0.000856358183792675,9.798860787782605e-160,0.07798312886524045
1997-12-19,3.499658337626121e-08,0.0,0.9385511793554665,0.0,6.664042840095802e-05,4.225491867069972e-161,0.061382145219548996
1997-12-26,1.7895177639323492e-07,0.0,0.966400504047837,0.0,0.0001205314605758919,1.2251543023122057e-122,0.0334787855398105
1998-01-02,1.5034603563683912e-14,0.0,0.05589024428731268,0.0,0.6149675686907897,6.176342121680929e-13,0.32914218702126463
1998-01-09,7.110391034663712e-14,0.0,0.4190940451059759,0.0,0.0017407564421378266,8.312066642736743e-09,0.5791651901397485
1998-01-16,2.73587330521155e-14,0.0,0.023324897023898547,0.0,0.8915144227930949,7.327180152880407e-15,0.08516068018297147
1998-01-23,1.0780682396226556e-12,0.0,0.060858136006461686,0.0,0.6917595196496292,1.4290841149351339e-12,0.24738234434140158
1998-01-30,8.204212630830589e-13,0.0,0.02697394460492967,0.0,0.9297914327350353,1.0055207637782646e-09,0.04323462165369365
1998-02-06,1.4029303180383083e-32,0.0,0.00020507441334339146,0.0,0.03439817590336732,1.6209450234267612e-130,0.965396749683289
1998-02-13,8.994357278436211e-33,0.0,0.00021806350860698916,0.0,0.034743573558971466,2.680522958166367e-134,0.9650383629324213
1998-02-20,1.1030089273354255e-33,0.0,0.0001929561333951363,0.0,0.028743916656062574,4.6109621226288286e-132,0.9710631272105427
1998-02-27,1.8929158609016124e-30,0.0,0.00024621404337258035,0.0,0.031937399293184995,1.278058155239953e-153,0.9678163866634425
1998-03-06,1.6742691280982154e-34,0.0,0.00011552841975330522,0.0,0.015627483653304585,2.1148920473671657e-234,0.9842569879269423
1998-03-13,8.583558804155489e-33,0.0,0.0001383041026506836,0.0,0.022569514247392175,6.298173139087069e-183,0.9772921816499576
1998-03-20,2.255118123590035e-31,0.0,0.00021638887194307005,0.0,0.026702530559830354,5.624176973567641e-174,0.9730810805682261
1998-03-27,4.6505789245635687e-35,0.0,0.0004926363671266352,0.0,0.021518812194507637,1.3059534329270382e-36,0.9779885514383654
1998-04-03,1.0398815038846065e-34,0.0,0.000425762701976952,0.0,0.05222461733302402,1.2715817851803226e-67,0.9473496199649987
1998-04-10,2.9750838508760354e-32,0.0,0.00039113564010051304,0.0,0.05734548414340696,6.862238256930302e-44,0.9422633802164923
1998-04-17,4.0593914630320786e-30,0.0,0.000446931886830731,0.0,0.0800253181827807,8.730456595909166e-36,0.9195277499303888
1998-04-24,4.075738177097749e-28,0.0,0.0006630326256103069,0.0,0.058371117716650656,6.49537416481608e-30,0.9409658496577391
1998-05-01,1.7967842434983493e-34,0.0,0.0007322963201776782,0.0,0.3255826162090846,1.0099084150572482e-43,0.6736850874707381
1998-05-08,1.944457607091507e-32,0.0,0.0008663876039923846,0.0,0.2864657550059297,5.870575646639086e-44,0.7126678573900783
1998-05-15,1.5237892664878718e-30,0.0,0.0010006129163237247,0.0,0.3139714447709962,9.100684947092919e-34,0.6850279423126802
1998-05-22,2.9173141023658257e-29,0.0,0.0008819292528180976,0.0,0.27678000328856467,5.066881536604824e-44,0.7223380674586172
1998-05-29,1.6140296959026592e-29,0.0,0.001559471907727712,0.0,0.41594079863315003,1.1411047893875807e-60,0.5824997294591219
1998-06-05,8.487442401948548e-31,0.0,0.00093993939156839,0.0,0.3247121142702454,1.9585527142056973e-35,0.674347946338186
1998-06-12,1.0840253098513767e-28,0.0,0.002658447004943165,0.0,0.28431051008959823,3.508886550911582e-19,0.7130310429054584
1998-06-19,9.09858886941366e-28,0.0,0.0015848242735051134,0.0,0.2531438663503805,8.325170439665987e-35,0.7452713093761145
1998-06-26,2.1786714807076822e-27,0.0,0.001928731785472332,0.0,0.3973174234728155,1.4488632217860962e-36,0.6007538447417123
1998-07-03,1.5063551956030122e-29,0.0,0.0015176233812699206,0.0,0.10490748963158036,5.592217843998484e-11,0.8935748869312274
1998-07-10,4.875086352816727e-28,0.0,0.0018128762313867031,0.0,0.14132481011779577,3.5822394896664195e-11,0.8568623136149948
1998-07-17,4.138471319562724e-27,0.0,0.0013558032894503778,0.0,0.07542227510450764,3.8770312886151937e-19,0.9232219216060423
1998-07-24,9.823306797001345e-26,0.0,0.0024591592692746857,0.0,0.13041716481442542,3.593216461177053e-16,0.8671236759162998
1998-07-31,6.944636882153853e-23,0.0,0.008106832626044043,0.0,0.06847666249352283,3.016499063649663e-29,0.9234165048804334
1998-08-07,5.455516040700184e-22,0.0,0.01731374750662276,0.0,0.005875695085389309,1.5268498587694347e-26,0.9768105574079875
1998-08-14,3.624895363510651e-21,0.0,0.1810489381599855,0.0,5.740190004603223e-09,2.5689165018724926e-18,0.818951056099825
1998-08-21,1.61478358215776e-20,0.0,0.10762725987561292,0.0,4.5922894308672526e-07,5.181674566621028e-22,0.8923722808954444
1998-08-28,7.407654280382418e-22,0.0,0.305313508074099,0.0,3.314440646096938e-14,3.443934091146271e-75,0.694686491925868
1998-09-04,4.143136232610997e-26,0.0,0.1720049068034842,0.0,8.166354475855242e-18,6.536251513369143e-26,0.8279950931965157
1998-09-11,3.5513538988416935e-25,0.0,0.14634868282796176,0.0,7.520638863702183e-17,3.348513522995435e-48,0.8536513171720381
1998-09-18,4.486962041813421e-24,0.0,0.030858551798213618,0.0,1.731318521496685e-10,5.800027685275243e-46,0.9691414480286549
1998-09-25,1.7298530508816142e-25,0.0,0.013098764074380037,0.0,4.5984577330300973e-07,4.879240003869687e-100,0.9869007760798465
1998-10-02,1.4641897606916977e-28,0.0,0.021478159789937147,0.0,1.1965075629227176e-11,2.029508228796613e-35,0.9785218401980978
1998-10-09,2.4374282277683702e-27,0.0,0.053319844780675515,0.0,3.1690148368023093e-13,1.8003115101115681e-62,0.9466801552190075
1998-10-16,3.325640093437962e-26,0.0,0.01253250835753848,0.0,1.295344266148147e-07,1.1108387174517281e-66,0.9874673621080347
1998-10-23,7.545648149960896e-24,0.0,0.006626237244829987,0.0,1.6681427918797895e-05,9.853920484401675e-36,0.9933570813272511
1998-10-30,4.162153098467045e-23,0.0,0.003992559317169163,0.0,0.0016240545580641415,2.5603791912003014e-31,0.9943833861247667
1998-11-06,7.774368919484441e-21,0.0,0.005433927140237009,0.0,0.025287918156695174,8.130973503953216e-58,0.9692781547030681
1998-11-13,2.3663839393793166e-20,0.0,0.00839653942802486,0.0,0.0035991547906396083,1.372294645830267e-50,0.9880043057813356
1998-11-20,3.9286054593259336e-20,0.0,0.004242373204763752,0.0,0.18835582718618715,4.129966267404953e-55,0.8074017996090489
1998-11-27,1.0841297700279211e-24,0.0,0.0023946211426220166,0.0,0.2524681679021063,1.2642017606461055e-183,0.7451372109552721
1998-12-04,6.707101838027117e-26,0.0,0.0032206876574267965,0.0,0.028366126867164252,1.0907936269055211e-161,0.9684131854754088
1998-12-11,5.432326100323249e-26,0.0,0.0051736169083098455,0.0,0.0029919020508225227,1.9672889732360816e-195,0.9918344810408678
1998-12-18,3.175959556663225e-26,0.0,0.003477344615963597,0.0,0.028965186814520615,8.464697650970709e-195,0.9675574685695159
1998-12-25,1.334044851737011e-32,0.0,0.003551880452164898,0.0,0.4659866978782336,0.0,0.5304614216696018
1999-01-01,8.237280815527666e-35,0.0,0.004874551338730036,0.0,0.11459286525170558,2.1248432247679553e-282,0.8805325834095644
1999-01-08,2.1586116084283753e-34,0.0,0.0036687666689066635,0.0,0.18592789282621663,3.437439967128416e-276,0.8104033405048771
1999-01-15,9.319588660634186e-34,0.0,0.009260722123340132,0.0,0.0070280734523389295,3.9172690031988926e-263,0.9837112044243209
1999-01-22,1.5838863818275004e-33,0.0,0.013757713609417445,0.0,0.0006490366387602172,8.48360132041441e-257,0.9855932497518227
1999-01-29,8.834342179451296e-31,0.0,0.0023992800095866463,0.0,0.04936050845945272,1.2774483108733754e-122,0.9482402115309605
1999-02-05,1.0988735807658479e-28,0.0,0.004411520841689547,0.0,0.006402350216650435,1.1609732174604018e-136,0.9891861289416598
1999-02-12,1.1816394527963759e-27,0.0,0.004456452204233651,0.0,0.007130017045382311,2.2683683030486166e-130,0.9884135307503837
1999-02-19,1.696973431454703e-26,0.0,0.0045341625261644,0.0,0.02782651321191846,3.0925127223168245e-100,0.9676393242619173
1999-02-26,1.1969859542384763e-27,0.0,0.004396568072740296,0.0,0.12633616606319414,1.4504033531672767e-154,0.8692672658640654
1999-03-05,1.0261905916418589e-32,0.0,0.000730820617454318,0.0,0.16144711438497114,4.0309823577592015e-09,0.8378220609665921
1999-03-12,1.2611705367551344e-30,0.0,0.0007975505160355183,0.0,0.11179498259165566,7.145377438902889e-10,0.8874074661777716
1999-03-19,1.4821147432125414e-28,0.0,0.0008518192073815174,0.0,0.12731624301884883,3.416636496017218e-08,0.8718319036074049
1999-03-26,4.957546981869065e-32,0.0,0.0011959945509239281,0.0,0.3524703272229874,7.486668219993339e-55,0.6463336782260889
1999-04-02,2.3682919296311952e-29,0.0,0.0014137473629664595,0.0,0.628972405267408,4.29436578266243e-168,0.3696138473696252
1999-04-09,1.6192320836003549e-28,0.0,0.0014627829122802857,0.0,0.6252092918218292,4.760464243156242e-169,0.37332792526589087
1999-04-16,1.0558970299839963e-27,0.0,0.0019077423034713223,0.0,0.5991361704031968,4.852286962186138e-171,0.3989560872933323
1999-04-23,3.569513331625997e-27,0.0,0.0017703470769109592,0.0,0.6715628056447553,1.197101232079784e-168,0.32666684727833345
1999-04-30,3.8750545010654743e-22,0.0,0.0013575812938271619,0.0,0.9859252488674339,0.0,0.012717169838738726
1999-05-07,5.634306346450692e-20,0.0,0.0023839974914533803,0.0,0.9638025877477397,0.0,0.03381341476080666
1999-05-14,7.19095098182457e-18,0.0,0.004758244974605676,0.0,0.9509966744514292,0.0,0.04424508057396513
1999-05-21,1.2771935140523235e-16,0.0,0.002523337262784277,0.0,0.9770581653093269,0.0,0.020418497427889013
1999-05-28,7.796128647200176e-21,0.0,0.0010883546039170493,0.0,0.9934083824838551,0.0,0.0055032629122278845
1999-06-04,8.320263206190489e-10,0.0,0.0010991967784993535,0.0,0.9984412270369774,0.0,0.0004595753524972293
1999-06-11,1.708822080656532e-07,0.0,0.0035956874749352567,0.0,0.9956046168644728,0.0,0.0007995247783841128
1999-06-18,6.720180477865581e-06,0.0,0.0037267435090724546,0.0,0.996098001877866,0.0,0.00016853443258365135
1999-06-25,0.0005789002280395082,0.0,0.00718321003235384,0.0,0.9922073826727641,0.0,3.050706684243978e-05
1999-07-02,0.6515987604862086,0.0,0.011917368369906589,0.0,0.33648348129076167,0.0,3.8985312308624237e-07
1999-07-09,0.8535123522635596,0.0,0.011916108899679149,0.0,0.13457142717532394,0.0,1.1166143731063026e-07
1999-07-16,0.8833737164391897,0.0,0.01302507425861124,0.0,0.10360112418954172,0.0,8.511265734949584e-08
1999-07-23,0.8256890708470349,0.0,0.00440890692709919,0.0,0.16990202197048052,0.0,2.553854602400108e-10
1999-07-30,0.7971185843322666,0.0,0.005791727364568281,0.0,0.19708968768887386,0.0,6.142909238070173e-10
1999-08-06,0.9902101909540447,0.0,0.000632429365357614,0.0,0.009157379680583234,0.0,1.4673655358744837e-14
1999-08-13,0.9826326661773854,0.0,0.0004135364226782207,0.0,0.016953797399920485,0.0,1.6142896430960967e-14
1999-08-20,0.9743131026204215,0.0,0.0005913354685760344,0.0,0.025095561910896777,0.0,1.0585623967582213e-13
1999-08-27,0.9582673155532563,0.0,0.0018810757155924332,0.0,0.03985160873114996,0.0,1.05581482477661e-15
1999-09-03,0.7789696659296765,0.0,0.006205537439274037,0.0,0.21482479663104945,0.0,2.5326259482233834e-19
1999-09-10,0.9657232042711109,0.0,0.0010436473656394627,0.0,0.033233148363249275,0.0,7.427470838213602e-18
1999-09-17,0.9807842422306751,0.0,0.000638311051392515,0.0,0.018577446717932048,0.0,4.0426318843349846e-16
1999-09-24,0.9951931739247892,0.0,0.00323670514342307,0.0,0.0015701209317831514,0.0,4.538949527473253e-15
1999-10-01,0.9889200510178907,0.0,0.0011606905951732057,0.0,0.009919258386934386,0.0,1.4027225495794703e-15
1999-10-08,0.9844415886044936,0.0,0.0003686867943080562,0.0,0.015189724601192788,0.0,5.5979043567257465e-15
1999-10-15,0.9925830777188941,0.0,0.0074140520949669084,0.0,2.8701833825704247e-06,0.0,2.75638430702426e-12
1999-10-22,0.9578412461526743,0.0,0.0007020049547571396,0.0,0.04145674889097817,0.0,1.5902087580931345e-12
1999-10-29,0.9416653633884204,0.0,0.0015675102280086632,0.0,0.05676712638338299,0.0,1.8799363089549617e-13
1999-11-05,0.9283155040885014,0.0,0.001974369675154144,0.0,0.06971012623545238,0.0,8.914602634492422e-13
1999-11-12,0.9094893210735648,0.0,0.002568149428116705,0.0,0.0879425294947552,0.0,3.564069036005622e-12
1999-11-19,0.9658370201790019,0.0,0.003433892349378331,0.0,0.030729087461908028,1e-323,9.711405555924448e-12
1999-11-26,0.8562351148182554,0.0,0.01055025181640197,0.0,0.133214633365333,2.3774583425939214e-70,8.699664224598975e-15
1999-12-03,0.9836170089457299,0.0,0.002960449178031004,0.0,0.013422541876237967,7.76083855247256e-207,6.715648618532613e-16
1999-12-10,0.9286860248802286,0.0,0.003435743715919796,0.0,0.0678782314038386,3.844900086236575e-205,1.2913735205098763e-14
1999-12-17,0.9286315413106491,0.0,0.0036867759361585597,0.0,0.0676816827531465,3.858759713945521e-186,4.6328211107080027e-14
1999-12-24,0.8522431677464243,0.0,0.009567439293082878,0.0,0.1381893929604913,2.3292132588143986e-74,1.540695097658698e-15
1999-12-31,0.95645691917273,0.0,0.022785477018327113,0.0,0.020757603808928094,3.35113120315378e-80,1.4820101856943603e-14
2000-01-07,0.8378842013107284,0.0,0.008392843553215082,0.0,0.15372295513602377,2.1780001603351423e-95,3.32280521833876e-14
2000-01-14,0.9065443046201723,0.0,0.0076889908293935275,0.0,0.08576670455039911,1.6825716491091114e-81,3.500203414380459e-14
2000-01-21,0.8373233240508066,0.0,0.008970936081995945,0.0,0.1537057398670643,4.5878196751326354e-74,1.3257293768242096e-13
2000-01-28,0.9265264950576907,0.0,0.07231392114887587,0.0,0.0011595837927858153,6.917315711381555e-41,6.475738969551546e-13
2000-02-04,0.9177717316558341,0.0,0.011026963281286042,0.0,0.07120130506259612,1.3316724272524004e-73,2.8347697865276793e-13
2000-02-11,0.9517903995061568,0.0,0.035788290832437744,0.0,0.012421309658839629,1.9128711028812514e-63,2.566298479910367e-12
2000-02-18,0.8917565890028417,0.0,0.10787317450982341,0.0,0.00037023647804872715,8.393697492323026e-52,9.285983320998459e-12
2000-02-25,0.7706022407351153,0.0,0.22706056028869998,0.0,0.0023371989761767566,1.5641033173069833e-17,8.192776302555486e-15
2000-03-03,0.99615634020147,0.0,0.0023996455691803445,0.0,0.0014440142293486483,2.3535945027500505e-179,6.619250391451973e-16
2000-03-10,0.9768071775076872,0.0,0.00307037740456169,0.0,0.02012244508774186,7.641992516668991e-175,9.180662239212014e-15
2000-03-17,0.9680528868269306,0.0,0.004712028805627515,0.0,0.02723508436735133,2.7469297935918992e-177,9.084784007490228e-14
2000-03-24,0.9741006563136086,0.0,0.010014515378413934,0.0,0.015884828307831514,4.5969687072366264e-138,1.4597625408108107e-13
2000-03-31,0.994704537257493,0.0,0.003098711682624631,0.0,0.002196751058846811,0.0,1.035634674936713e-12
2000-04-07,0.9936985053184354,0.0,0.004369343113358598,0.0,0.0019321515650056874,0.0,3.2004283686055907e-12
2000-04-14,0.1788118680507085,0.0,0.8211881318529617,0.0,4.206522456543134e-18,0.0,9.63298109831629e-11
2000-04-21,0.9888703978305706,0.0,0.010500292710725721,0.0,0.0006293094381419591,1.104712288017e-312,2.0561844457727387e-11
2000-04-28,0.9823862989753441,0.0,0.017322705683435823,0.0,0.00029099534001021915,5.151878828167185e-175,1.2100489392439896e-12
2000-05-05,0.941344513291746,0.0,0.05862581710403053,0.0,2.9669600947921694e-05,6.17497521957648e-122,3.2758792925285703e-12
2000-05-12,0.9624123353949974,0.0,0.036582044043378115,0.0,0.0010056205430399375,2.7029727198196714e-140,1.858436742716201e-11
2000-05-19,0.962667575545721,0.0,0.033636431543821094,0.0,0.003695992891215597,1.01916201031697e-125,1.9242558368255525e-11
2000-05-26,0.1588616057788656,0.0,0.7832329411733003,3.1731199287343525e-251,0.05790545304783429,3.1431147441738915e-117,7.770290437872774e-20
2000-06-02,0.7018978704793326,0.0,0.05944934018491841,0.0,0.2386527893357492,2.2216629889527748e-18,8.691676950274469e-18
2000-06-09,0.7450689856737119,0.0,0.0501668083749756,0.0,0.20476420595131242,3.121580867085752e-17,7.086117375391467e-17
2000-06-16,0.7365931274129621,0.0,0.023996694700341305,0.0,0.23941017788669666,3.997537500842862e-21,1.6730506767999785e-16
2000-06-23,0.161894498843396,0.0,0.3385210169901946,7.050764580750176e-296,0.4995844841664092,1.4310216976442501e-95,1.9590907666078897e-20
2000-06-30,0.9834739600479167,0.0,0.0009517146337939017,0.0,0.015574325318288494,0.0,1.0007325707806677e-15
2000-07-07,0.989836982163008,0.0,0.0008976245311678523,0.0,0.009265393305820806,0.0,3.701118173750166e-15
2000-07-14,0.9907237225141353,0.0,0.0009620358111970847,0.0,0.00831424167465437,0.0,1.2756171869571635e-14
2000-07-21,0.9900963298166412,0.0,0.0011537248885950145,0.0,0.00874994529471552,0.0,4.8204009361545583e-14
2000-07-28,0.9708225158826451,0.0,0.0013188449609020866,0.0,0.02785863915594805,0.0,5.044375574870084e-13
2000-08-04,0.993539376631606,0.0,0.0009610789822989512,0.0,0.0054995443847179895,0.0,1.376856152889854e-12
2000-08-11,0.9897934907996,0.0,0.0013918224221333582,0.0,0.008814686774037907,0.0,4.228519013235168e-12
2000-08-18,0.9948917982287868,0.0,0.002250714197321197,0.0,0.0028574875619003714,0.0,1.199201683190159e-11
2000-08-25,0.9948030368026527,0.0,0.003715685874110775,0.0,0.0014812773232091437,2.481094266230326e-174,2.7886327110627146e-14
2000-09-01,0.9590075328286608,0.0,0.016858281039032273,0.0,0.02413418613229113,5.4092166836246765e-31,1.5911833587434108e-14
2000-09-08,0.9422041342350397,0.0,0.021579199285130742,0.0,0.036216666479800985,3.3022050156126107e-26,2.844813796391536e-14
2000-09-15,0.9377009671655383,0.0,0.025097698703834857,0.0,0.03720133413056071,1.6733337082729612e-25,6.63324019914964e-14
2000-09-22,0.012403255681585049,0.0,0.5455308793456727,0.0,0.4420658649727424,0.0,9.53446346359337e-24
2000-09-29,0.054990884130644846,0.0,0.42496268543107013,0.0,0.5200464304382855,3.526513687629886e-302,6.802721246182356e-22
2000-10-06,0.6054628160406645,0.0,0.28013008530980393,0.0,0.11440709864953173,5.009284504108058e-18,1.3477440041152495e-18
2000-10-13,0.19416925706231217,0.0,0.8058278218673844,0.0,2.9210700928413466e-06,2.1072818964116036e-13,1.7640424119414933e-17
2000-10-20,0.7115913618103946,0.0,0.27757185499544346,0.0,0.010836783194162005,4.515471675262019e-17,3.3154455161568056e-17
2000-10-27,0.31214621216764105,0.0,0.6876830606191927,0.0,0.00017072721316599415,5.5293240984377446e-27,2.0038413918890908e-17
2000-11-03,0.9622292329619394,0.0,0.028006419697239406,0.0,0.009764347340820679,5.280819283499046e-84,8.021809173586326e-16
2000-11-10,0.7825155366121148,0.0,0.21748387363210078,0.0,5.897557697485206e-07,5.307309708700789e-73,1.4543912039050072e-14
2000-11-17,0.9655952677307865,0.0,0.0316673570361246,0.0,0.002737375233080438,3.829022817621593e-72,8.755957806859211e-15
2000-11-24,0.980411045392989,0.0,0.019100574763527615,0.0,0.0004883798262175511,2.904682053253389e-232,1.7265339322981223e-11
2000-12-01,0.9449945401303782,0.0,0.05496958078815237,0.0,3.5878722199473074e-05,1.3695337937637769e-268,3.5927025419907776e-10
2000-12-08,0.8707221391891254,0.0,0.01093140832239915,0.0,0.11834645215939855,2.2888584205124545e-277,3.290768527721663e-10
2000-12-15,0.9297450644919233,0.0,0.0696173472921618,0.0,0.0006375842385940594,4.766418867677934e-274,3.9773211376934124e-09
2000-12-22,0.8497075658082861,0.0,0.1502008632511168,0.0,9.15495202295447e-05,1.680814706553819e-287,2.1420367676349377e-08
2000-12-29,0.8073291297782644,0.0,0.19245033624435692,0.0,0.00022053397732342612,1.1165630067607348e-17,5.483732528758517e-14
2001-01-05,0.9831960961583086,0.0,0.01680349024410829,0.0,4.135729873752117e-07,0.0,2.459593530533157e-11
2001-01-12,0.9934578470863665,0.0,0.0032968780253460686,0.0,0.003245274867714368,0.0,2.057319288410078e-11
2001-01-19,0.9757488523215858,0.0,0.002595502115491224,0.0,0.02165564553458652,0.0,2.8336555811675824e-11
2001-01-26,0.9363975597643942,0.0,0.007849419795065104,0.0,0.05575302044052998,1.801669475428691e-179,1.0194762226288723e-14
2001-02-02,0.9977199272357956,0.0,2.508649596799145e-05,0.0,0.002254986266819944,0.0,1.416343780996455e-12
2001-02-09,0.9960007672418189,0.0,5.72389638707116e-05,0.0,0.00394199379209051,0.0,2.219835488796557e-12
2001-02-16,0.9935543293878595,0.0,0.00011980916105375501,0.0,0.006325861446286249,0.0,4.800573714208465e-12
2001-02-23,0.9986824834843133,0.0,0.0013066331216541275,0.0,1.0883341418203448e-05,0.0,5.261439917958461e-11
2001-03-02,0.9004110263186899,0.0,0.09943807477170469,0.0,0.00015089795311281446,4.786572571792104e-186,9.564924754342204e-10
2001-03-09,0.9328118297617183,0.0,0.058596564515359384,0.0,0.008591604294543241,3.469429880768634e-181,1.4283787383487169e-09
2001-03-16,0.7099615058125038,0.0,0.29003496604694823,0.0,3.5264173839830553e-06,5.914612444460651e-125,1.7231635619002516e-09
2001-03-23,0.6377242922994848,0.0,0.36227276308526873,0.0,2.94156926888516e-06,4.1324715208717505e-115,3.045977476935545e-09
2001-03-30,0.5290513041977607,0.0,0.4707307996574564,2.75974413e-316,0.00021789614477778365,1.0158589827346726e-30,5.016814380774008e-15
2001-04-06,0.06222837773973385,0.0,0.9377715106077799,0.0,1.1165243470519903e-07,1.8738646680454152e-286,5.1970914332185905e-14
2001-04-13,0.443113687821582,0.0,0.5263974901356442,0.0,0.030488822042295114,3.8029400632227056e-238,4.788860148587739e-13
2001-04-20,0.5180843371996806,0.0,0.3920085987313029,0.0,0.08990706406356178,8.52270621542268e-177,5.454711928225843e-12
2001-04-27,0.17495226135727066,0.0,0.5417872408393174,0.0,0.28326049780341167,0.0,1.0277693747812998e-18
2001-05-04,0.37870004580021893,0.0,0.34791366702364473,0.0,0.27338628717613633,0.0,6.090109832184065e-17
2001-05-11,0.40203748377789017,0.0,0.30922552975457923,0.0,0.28873698646752954,0.0,1.13440977698031e-15
2001-05-18,0.36536623355488335,0.0,0.11231612223400315,0.0,0.5223176442111049,6.032074794413353e-263,8.469189526860308e-15
2001-05-25,0.13453597664096908,0.0,0.10869581760665997,0.0,0.7567682050739666,7.98238629902674e-48,6.784044686313375e-10
2001-06-01,0.16070166894552493,0.0,0.12072066050523952,0.0,0.718577669828675,2.6442282678558683e-36,7.205607141707337e-10
2001-06-08,0.15214329386440245,0.0,0.12768564175743558,0.0,0.7201710630473883,2.1209397552314506e-35,1.330773382339185e-09
2001-06-15,0.09915035165691784,0.0,0.15220241788617397,0.0,0.7486472237063166,6.448316905119312e-26,6.75059127303658e-09
2001-06-22,0.06816830791632882,0.0,0.10170456888095628,0.0,0.8301271172020928,1.6343893839291628e-28,6.0006223885744105e-09
2001-06-29,0.0025521016277479745,0.0,0.08669938868516351,4.011646370180879e-256,0.9107455894335532,1.6797622112422777e-29,2.920253535233927e-06
2001-07-06,1.109890883125835e-07,0.0,0.04837218523001943,0.0,0.9510542395965352,3.7681519069725306e-20,0.0005734641843570823
2001-07-13,4.8869900548113175e-08,0.0,0.03584694759866499,0.0,0.9633611350943118,1.5840691460310915e-16,0.0007918684371222181
2001-07-20,2.350967873260015e-08,0.0,0.034220998659687196,0.0,0.9636056921723817,4.1754105964029343e-10,0.0021732852407109894
2001-07-27,5.5855363365870064e-08,0.0,0.03072609424751578,0.0,0.9681634811341532,5.244969596500497e-16,0.0011103687629668783
2001-08-03,2.2362990316000592e-14,0.0,0.01213560361649767,0.0,0.8602717960974086,1.0038020864638718e-86,0.127592600286071
2001-08-10,1.0646779739428984e-14,0.0,0.009641474984461442,0.0,0.8452083894282658,2.7456496080266935e-68,0.14515013558726203
2001-08-17,1.6949709971394908e-14,0.0,0.035493538715530695,0.0,0.28520671551605575,1.6237813916350102e-44,0.6792997457683965
2001-08-24,9.19858040700878e-15,0.0,0.008941173850319907,0.0,0.8153931283527056,1.250445160570898e-48,0.1756656977969651
2001-08-31,5.4993464301284163e-14,0.0,0.06235774536275165,0.0,0.12146530594739625,5.9973608816812865e-36,0.8161769486897976
2001-09-07,7.504221872220366e-15,0.0,0.2557138884712312,0.0,1.3426753288439073e-08,7.085557496335594e-37,0.7442860981020084
2001-09-14,2.3494942150341102e-15,0.0,0.2540625107170549,0.0,3.039743319159755e-09,2.3349855943590898e-35,0.7459374862431998
2001-09-21,1.1935469575909897e-17,0.0,0.9425098697701537,0.0,4.606409751758739e-27,3.0702361199033445e-35,0.05749013022984642
2001-09-28,3.030545096092787e-19,0.0,0.03379554418373793,0.0,6.898018373256278e-07,5.877701092590039e-11,0.9662037659556476
2001-10-05,7.881928431992281e-22,0.0,0.021478018421304257,0.0,1.6661800617167114e-08,8.763773516656071e-12,0.9785219649081317
2001-10-12,2.0118991017397824e-21,0.0,0.03726141298134716,0.0,1.0070501252051623e-09,1.226589984875429e-10,0.9627385858889438
2001-10-19,6.2364495091852634e-21,0.0,0.025884047039213848,0.0,1.7326461350218792e-07,3.4609749680020237e-09,0.9741157762351974
2001-10-26,5.723940617652043e-24,0.0,0.004867959063314804,0.0,0.00916047755107136,2.7425428327171947e-22,0.9859715633856141
2001-11-02,1.466817167137704e-38,0.0,0.00063427754476137,0.0,4.019773830418062e-05,7.425405759316717e-47,0.9993255247169341
2001-11-09,2.538134604252997e-35,0.0,0.0003540726990543529,0.0,0.003469550331350542,3.7399698952015854e-41,0.9961763769695955
2001-11-16,1.1807684638837781e-32,0.0,0.0003299480517495308,0.0,0.031876746242227,2.7677630974602873e-42,0.9677933057060231
2001-11-23,4.283357087895286e-30,0.0,0.0004136199449597073,0.0,0.07321593097281713,4.4712473785388425e-48,0.9263704490822233
2001-11-30,4.084331312071572e-28,0.0,0.000573702238706502,0.0,0.07532699743093148,7.056110867629969e-32,0.9240993003303619
2001-12-07,1.3789749395250262e-26,0.0,0.000756995527792517,0.0,0.10599224736357568,3.1598562941045233e-27,0.8932507571086318
2001-12-14,2.748704286572799e-25,0.0,0.0010813153113012626,0.0,0.07013913213607029,1.0872924413119343e-18,0.9287795525526282
2001-12-21,4.701461985617174e-24,0.0,0.0013654971536093917,0.0,0.20134494302938605,2.928519865621298e-23,0.7972895598170047
2001-12-28,4.432159347099567e-24,0.0,0.0014622940299317154,0.0,0.23499894063555068,1.6490675409339736e-12,0.7635387653328688
2002-01-04,6.719185818027289e-26,0.0,0.0007467097133775516,0.0,0.1282414314877212,3.5614089341402194e-29,0.8710118587989016
2002-01-11,1.7182269561220147e-24,0.0,0.0011586009393631585,0.0,0.16202122635540556,2.9836751323624604e-26,0.836820172705231
2002-01-18,2.9684704102928955e-23,0.0,0.0017485303719919326,0.0,0.22006507905780104,2.634841770229167e-27,0.778186390570207
2002-01-25,1.1618807296489072e-28,0.0,0.0018299208889200518,0.0,0.3484912969543173,2.4122333242465734e-23,0.6496787821567624
2002-02-01,3.7043959766152267e-29,0.0,0.0015788765907234713,0.0,0.32075060873542327,2.23166200674552e-18,0.6776705146738533
2002-02-08,7.365214191588983e-29,0.0,0.001553972604133939,0.0,0.34879249858176586,1.3369622282381508e-26,0.6496535288141004
2002-02-15,7.681575460626487e-29,0.0,0.0013448294259704005,0.0,0.38529789852565116,2.86195431125092e-38,0.6133572720483784
2002-02-22,8.374951463218536e-29,0.0,0.001463051336727883,0.0,0.39419507429458495,1.8574241699637026e-48,0.6043418743686876
2002-03-01,2.7908064008947215e-28,0.0,0.0017612046070554976,0.0,0.3604269346490717,1.745211610614745e-46,0.6378118607438725
2002-03-08,3.6066137406460917e-28,0.0,0.0013720504549528043,0.0,0.3417164129995449,1.374023218870302e-74,0.6569115365455019
2002-03-15,3.997412171742518e-28,0.0,0.0013347352042047062,0.0,0.31385473924149765,1.5151167616766198e-104,0.6848105255542972
2002-03-22,4.96264120196073e-28,0.0,0.0017641584903723836,0.0,0.32039316774993226,1.32848517373837e-115,0.6778426737596952
2002-03-29,1.1294962923699069e-32,0.0,0.0022526180306777794,0.0,0.6894368854942255,3.0854717316252944e-305,0.3083104964750967
2002-04-05,2.8386043038106043e-31,0.0,0.0011338180134926638,0.0,0.9134003749103072,0.0,0.08546580707620002
2002-04-12,5.825212995804797e-30,0.0,0.0011931859780978018,0.0,0.8958451093920055,0.0,0.1029617046298971
2002-04-19,5.0143270022127416e-29,0.0,0.0015109905471146917,0.0,0.7879491919091648,0.0,0.21053981754372025
2002-04-26,2.5814061429334364e-29,0.0,0.004729656246929241,0.0,0.6323210213644533,0.0,0.36294932238861766
2002-05-03,8.563686197969173e-27,0.0,0.004418541860017374,0.0,0.7353537589528749,0.0,0.2602276991871074
2002-05-10,7.8187439702014345e-25,0.0,0.009331440695833878,0.0,0.49638688120808816,0.0,0.4942816780960775
2002-05-17,3.561557390049098e-24,0.0,0.0034229276633406143,0.0,0.6353510474900271,0.0,0.36122602484663285
2002-05-24,5.754706865584892e-23,0.0,0.004072400977269219,0.0,0.5949875150633744,0.0,0.40094008395935615
2002-05-31,7.5696095160678555e-22,0.0,0.006699576505490304,0.0,0.3939303971103325,0.0,0.5993700263841774
2002-06-07,1.594426214329088e-20,0.0,0.018180408296152497,0.0,0.04430961703594359,0.0,0.937509974667904
2002-06-14,2.1322088068782172e-19,0.0,0.030949702593329256,0.0,0.003415316647672474,0.0,0.9656349807589979
2002-06-21,1.0729236520998274e-18,0.0,0.0523107229112923,0.0,0.00012515240696100877,0.0,0.9475641246817471
2002-06-28,5.642777559413932e-16,0.0,0.06027183612480717,0.0,0.0012538712067048047,0.0,0.9384742926684873
2002-07-05,2.4033991557737054e-15,0.0,0.0697915076647144,0.0,0.0006656749577005911,0.0,0.9295428173775822
2002-07-12,6.528360037234002e-15,0.0,0.27606714115777886,0.0,6.887924349623346e-09,0.0,0.7239328519542902
2002-07-19,1.0853812968724411e-14,0.0,0.6547498050389893,0.0,3.542589837103046e-14,0.0,0.3452501949609645
2002-07-26,6.31771754347213e-11,0.0,0.6634882114808776,0.0,7.016323307554763e-09,1.2635040838934977e-285,0.33651178143962174
2002-08-02,7.181448481516216e-08,0.0,0.9862060325421305,0.0,8.480859760269178e-14,0.0,0.013793895643300233
2002-08-09,2.416289299582964e-06,0.0,0.9609452066581674,0.0,2.3551821056140016e-06,0.0,0.03905002187042714
2002-08-16,2.1444846401549393e-05,0.0,0.8781268967642194,0.0,0.05429796785666644,0.0,0.067553690532713
2002-08-23,6.194395629832926e-05,0.0,0.894060194062793,0.0,0.0668250953790834,0.0,0.03905276660182513
2002-08-30,9.719313005243265e-05,0.0,0.9829889495373492,0.0,0.0005633564503895139,0.0,0.016350500882208574
2002-09-06,0.0036938502728525234,0.0,0.9955910889691679,0.0,1.174023510022034e-06,0.0,0.00071388673446928
2002-09-13,0.01663668795866551,0.0,0.9830820281636121,0.0,9.384964382234938e-06,0.0,0.00027189891334035345
2002-09-20,0.016103089689552798,0.0,0.9838448755202354,0.0,5.4003772942801105e-09,0.0,5.2029389834347914e-05
2002-09-27,0.08807491676720831,0.0,0.9118984399715316,0.0,7.678909261748814e-07,0.0,2.587537033408116e-05
2002-10-04,0.5268476673057737,0.0,0.47315214697130575,0.0,5.982880196484969e-09,0.0,1.7974004007371937e-07
2002-10-11,0.8494447253677815,0.0,0.15055268730571617,0.0,2.5572471960725864e-06,0.0,3.007930633237778e-08
2002-10-18,0.9483066040150636,0.0,0.05164691212137997,0.0,4.6481306196308974e-05,0.0,2.5573600035920835e-09
2002-10-25,0.9801130546983333,0.0,0.018660125527168944,0.0,0.0012268197639091808,0.0,1.0587849305199303e-11
2002-11-01,0.9788075582965379,0.0,0.019520784560275884,0.0,0.0016716571431789437,0.0,7.414816955429451e-15
2002-11-08,0.9850984723509337,0.0,0.014061114430184731,0.0,0.0008404132187666238,0.0,1.1506634764912808e-13
2002-11-15,0.9853090304710835,0.0,0.006562671013959269,0.0,0.008128298514484187,0.0,4.729308742141597e-13
2002-11-22,0.9408852192634253,0.0,0.0036067331254782263,0.0,0.055508047609784,0.0,1.312438980145595e-12
2002-11-29,0.9822054903505315,0.0,0.009475618929938272,0.0,0.008318890717493466,0.0,2.037059545109813e-12
2002-12-06,0.9890814054453971,0.0,0.00891393905464899,0.0,0.002004655499721762,0.0,2.324650494298521e-13
2002-12-13,0.9884154734556964,0.0,0.008291833055027086,0.0,0.003292693487118859,0.0,2.1573717012341223e-12
2002-12-20,0.9809753902201155,0.0,0.00735124796891328,0.0,0.011673361799226248,0.0,1.1744759562185673e-11
2002-12-27,0.9810368967640462,0.0,0.01734961359334757,0.0,0.001613489628456287,0.0,1.415029854237205e-11
2003-01-03,0.9617031743433538,0.0,0.004470410244964662,0.0,0.03382641540910468,0.0,2.5764690632360697e-12
2003-01-10,0.9477787328558474,0.0,0.005349871739056895,0.0,0.04687139538161889,0.0,2.347720561737719e-11
2003-01-17,0.9572689510083794,0.0,0.008900935622282188,0.0,0.03383011311122717,0.0,2.5811157161357296e-10
2003-01-24,0.9591810084772445,0.0,0.040529717145046475,0.0,0.000289274374595731,4.487524724473231e-258,3.1134609494783407e-12
2003-01-31,0.9926430990289687,0.0,0.007169613494221755,0.0,0.00018728747623164007,0.0,5.78207642229978e-13
2003-02-07,0.9868913488960618,0.0,0.013099342395154005,0.0,9.308700949221822e-06,0.0,7.835394012962152e-12
2003-02-14,0.9904690373957157,0.0,0.009442492283894053,0.0,8.847028517991844e-05,0.0,3.5210053797627206e-11
2003-02-21,0.9914045995306022,0.0,0.007035241374398539,0.0,0.0015601589534333126,0.0,1.4156610917048038e-10
2003-02-28,0.9994247853550583,0.0,0.0002989447170057219,0.0,0.0002762699255881217,0.0,2.3481552768886226e-12
2003-03-07,0.999038216852201,0.0,0.0008387583383425152,0.0,0.00012302474099430067,0.0,6.846254016639947e-11
2003-03-14,0.9985754852075563,0.0,0.0010230972146640044,0.0,0.00040141726383043796,0.0,3.139490167215983e-10
2003-03-21,0.991963221120648,0.0,0.000953881593665932,0.0,0.00708289633767099,0.0,9.480152019147907e-10
2003-03-28,0.9823004472733671,0.0,0.001766405720985376,0.0,0.0159331466668885,0.0,3.387589627727122e-10
2003-04-04,0.9991722448764754,0.0,7.746869732520463e-05,0.0,0.0007502863399857158,0.0,8.621366449091142e-11
2003-04-11,0.9834668753455076,0.0,0.0001541138553531619,0.0,0.016379010596477478,0.0,2.0266197772696305e-10
2003-04-18,0.9663637828114134,0.0,0.00041231732837266385,0.0,0.033223899071219296,0.0,7.889947130738612e-10
2003-04-25,0.9649599332287772,0.0,0.0008539482601988429,0.0,0.034186118505810215,0.0,5.213638278056936e-12
2003-05-02,0.45615578419310127,0.0,0.01976463769810526,0.0,0.5240795779763784,4.164239427716015e-55,1.3241526198559443e-10
2003-05-09,0.45643529512286324,0.0,0.0245970766311856,0.0,0.5189676278871626,5.765677237803813e-65,3.587888993484427e-10
2003-05-16,0.5313070362259185,0.0,0.036755320407604666,0.0,0.4319376424599374,2.9361387845735325e-69,9.065394829154808e-10
2003-05-23,0.7349992189658463,0.0,0.013497607763145757,0.0,0.2515031732710066,7.526099757620221e-68,1.2458182789588258e-15
2003-05-30,0.7023193197481633,0.0,0.013956563241387708,0.0,0.28372411701044037,1.010341506702875e-57,8.652224439592596e-15
2003-06-06,0.5489230967888266,0.0,0.013857685698712603,0.0,0.4372192175123969,2.9684501657745067e-53,6.345388567806098e-14
2003-06-13,0.5397808312638424,0.0,0.014684272074904336,0.0,0.445534896660916,1.2796108048805008e-44,3.3737231543316875e-13
2003-06-20,0.5517649743769327,0.0,0.019535868997034172,0.0,0.4286991566248068,1.6368989783008077e-41,1.2262340389647093e-12
2003-06-27,0.5247048908939581,0.0,0.021294749980078832,0.0,0.4540003591259629,1.2024720897225477e-219,2.1475291389949135e-17
2003-07-04,0.5253265472453322,0.0,0.0198206663418573,0.0,0.45485278641281,8.991886580313468e-75,2.097820194665449e-17
2003-07-11,0.6173063094894745,0.0,0.020536992657057697,0.0,0.36215669785346727,1.3013760338381177e-66,1.2555039758736513e-16
2003-07-18,0.5845219913277011,0.0,0.019438263022796238,0.0,0.3960397456495018,2.7294628757328017e-59,6.889686863855836e-16
2003-07-25,0.15226442174485091,0.0,0.02911875898376686,0.0,0.8186167817890234,8.969731729966335e-134,3.74823591626904e-08
2003-08-01,0.09264306988460926,0.0,0.019499929314019768,0.0,0.8878569705060649,2.412823781712082e-122,3.029530597201923e-08
2003-08-08,0.0749315575169548,0.0,0.02046817870327174,0.0,0.9046002156784063,5.076203911481349e-122,4.810136726795842e-08
2003-08-15,0.06887707908929756,0.0,0.02433927293590954,0.0,0.9067835722241147,3.347417600039219e-117,7.575067827745602e-08
2003-08-22,0.055221563789744375,0.0,0.02473158481029148,0.0,0.9200467721750606,9.464365542754192e-98,7.922490313263312e-08
2003-08-29,0.0317623738128677,0.0,0.02193825928986909,0.0,0.9462992104617479,9.008222417772312e-106,1.5643551578853844e-07
2003-09-05,0.07416362616740746,0.0,0.02051827440103568,0.0,0.9053180196030475,7.8545478189859e-156,7.982850975067183e-08
2003-09-12,0.04725213682625712,0.0,0.0188913939358752,0.0,0.9338563305227916,1.1619964118300398e-161,1.387150757350485e-07
2003-09-19,0.03730255716966656,0.0,0.020611046984591347,0.0,0.942086148758683,5.0859564767442405e-169,2.470870588540137e-07
2003-09-26,0.21095389259868866,0.0,0.05064222991369334,0.0,0.7384038468576968,1.0868461144336644e-81,3.062992137561799e-08
2003-10-03,0.12522265459115484,0.0,0.022947392098664757,0.0,0.8518299374573239,1.2105505208303242e-96,1.5852856044072213e-08
2003-10-10,0.0957293360669573,0.0,0.022892347266774953,0.0,0.8813782862340026,5.762299743458914e-110,3.043226506929491e-08
2003-10-17,0.07447929245702285,0.0,0.021819257670162146,0.0,0.9037014109298764,8.300583249730367e-103,3.894293886803359e-08
2003-10-24,0.06495620369259107,0.0,0.02287213664909407,0.0,0.912171606952494,4.4560079190039053e-103,5.2705821123296976e-08
2003-10-31,0.28440178380146147,0.0,0.020105198244967693,0.0,0.6954930128802119,4.643234324091696e-146,5.073358632976149e-09
2003-11-07,0.20084896085798473,0.0,0.018552285844040523,0.0,0.7805987454147474,2.186871177132891e-139,7.883227381562642e-09
2003-11-14,0.15525302339545585,0.0,0.020014702871862317,0.0,0.8247322557599971,9.03800632668755e-154,1.7972685080791525e-08
2003-11-21,0.1603815476005245,0.0,0.032592320016068106,0.0,0.80702607640894,7.216171473248944e-159,5.597446781407291e-08
2003-11-28,0.17108661050186721,0.0,0.021374468974487335,0.0,0.807538909817255,3.1931254209306586e-125,1.0706390044023024e-08
2003-12-05,0.3223135380119793,0.0,0.021330524747384127,0.0,0.6563559327658758,1.0190731586332935e-168,4.4747609651748974e-09
2003-12-12,0.27243672659737395,0.0,0.02200492421633695,0.0,0.7055583416694083,3.0487958166283026e-173,7.516881316542572e-09
2003-12-19,0.23672200437841595,0.0,0.023748950697157337,0.0,0.7395290324024867,2.2016745241561e-173,1.2521939989879523e-08
2003-12-26,0.27023915255276715,0.0,0.031603173898268944,0.0,0.6981576567334413,5.374281869880763e-162,1.6815523082060628e-08
2004-01-02,0.8776298538853716,0.0,0.009034922421173472,0.0,0.11333522368315194,1.3636e-320,1.0303132959115437e-11
2004-01-09,0.8319046986344205,0.0,0.008768409714586424,0.0,0.1593268916310539,0.0,1.9939562888598227e-11
2004-01-16,0.7768089257050782,0.0,0.006085704592997353,0.0,0.21710536969059077,2.4742586162777664e-290,1.1333253746348223e-11
2004-01-23,0.7849349360391291,0.0,0.006518943480793371,0.0,0.2085461204785289,1.2555165811842265e-226,1.5488883586078997e-12
2004-01-30,0.7841201169870273,0.0,0.008335075121980827,0.0,0.20754480788571314,4.195929119578366e-211,5.27856814038343e-12
2004-02-06,0.8416532587502579,0.0,0.005778709369945279,0.0,0.15256803187978799,0.0,9.394479190656067e-15
2004-02-13,0.8539464886603689,0.0,0.00477220541224993,0.0,0.14128130592733984,0.0,4.098098414680517e-14
2004-02-20,0.8618960912625231,0.0,0.004295817994253566,0.0,0.13380809074311512,0.0,1.0830856182731225e-13
2004-02-27,0.8534818378828485,0.0,0.00407931313009966,0.0,0.14243884898689038,3.249578994721225e-290,1.6106385783393357e-13
2004-03-05,0.8763113534577534,0.0,0.003506917509650236,0.0,0.12018172903259552,0.0,8.717577672109505e-16
2004-03-12,0.9656667023125232,0.0,0.004836366670494706,0.0,0.029496931016951368,0.0,3.057767114224549e-14
2004-03-19,0.9867811279966762,0.0,0.006757990151972747,0.0,0.0064608818506743685,0.0,6.775011309330821e-13
2004-03-26,0.9069174285117744,0.0,0.006043292092068708,0.0,0.08703927939611825,1.2250462679010216e-274,3.8896667997107226e-14
2004-04-02,0.887692832391948,0.0,0.0031448366305099106,0.0,0.10916233097748267,6e-321,5.943510886113278e-14
2004-04-09,0.8728342695019355,0.0,0.0031789747715318573,0.0,0.1239867557261192,0.0,4.1419946507767794e-13
2004-04-16,0.9462919084110611,0.0,0.002969491157119766,0.0,0.05073860043042918,0.0,1.389776872297815e-12
2004-04-23,0.9860296422504293,0.0,0.003659258128629814,0.0,0.010311099617041821,0.0,3.899378483218306e-12
2004-04-30,0.9534152979869814,0.0,0.003594234322329897,0.0,0.0429904676906735,0.0,1.5042762837033567e-14
2004-05-07,0.9868019915201671,0.0,0.005801605187972033,0.0,0.007396403291735978,0.0,1.2492124263895088e-13
2004-05-14,0.9890314670226574,0.0,0.0074213593717727165,0.0,0.0035471736049586906,0.0,6.118426594324751e-13
2004-05-21,0.9869226371881864,0.0,0.009719550266236571,0.0,0.003357812541328294,0.0,4.249083697141684e-12
2004-05-28,0.8402397030678453,0.0,0.005010533230180099,0.0,0.15474976370195226,1.052377759680632e-182,2.2562180152182577e-14
2004-06-04,0.9467648235178138,0.0,0.0029989678225784563,0.0,0.050236208659601746,0.0,6.075404531130567e-15
2004-06-11,0.9607097408888752,0.0,0.001363687287445986,0.0,0.03792657182366967,0.0,9.569417913684008e-15
2004-06-18,0.9491270471451458,0.0,0.0014766250189088544,0.0,0.04939632783585534,0.0,9.032924695465583e-14
2004-06-25,0.9256968014315085,0.0,0.0017155193982260624,0.0,0.07258767916975288,0.0,5.123523737132439e-13
2004-07-02,0.9284638783422496,0.0,0.0013509612458438502,0.0,0.07018516040552364,0.0,6.3830736748084094e-12
2004-07-09,0.8768975499776646,0.0,0.0024202826259297934,0.0,0.12068216719445558,0.0,2.0195031542159138e-10
2004-07-16,0.8045008167595263,0.0,0.004553660706575119,0.0,0.19094551438773924,0.0,8.146159380226526e-09
2004-07-23,0.9240279931536476,0.0,0.006322215311516685,0.0,0.06964979153440869,2.1887209931965432e-235,4.2779829000619794e-13
2004-07-30,0.8572952737230375,0.0,0.0041761118412845365,0.0,0.13852861443511041,1.2450263930328234e-217,5.678310655669333e-13
2004-08-06,0.9341995268140374,0.0,0.06579905135839718,0.0,1.4216390113256044e-06,0.0,1.8855367191674803e-10
2004-08-13,0.9750438414585871,0.0,0.023625050074729297,0.0,0.001331108147113404,0.0,3.19570356978223e-10
2004-08-20,0.7987981167639421,0.0,0.007355081998421376,0.0,0.19384680099002394,0.0,2.476131649912751e-10
2004-08-27,0.4885523074978366,0.0,0.04377497685877399,0.0,0.4676727156433896,8.689654207625182e-24,1.4751288205897355e-18
2004-09-03,0.9336905090978169,0.0,0.009400889373596694,0.0,0.05690860152858592,1.056935432610981e-94,3.016905052664281e-16
2004-09-10,0.9162988877012515,0.0,0.007700640544084732,0.0,0.0760004717546611,1.1196732008448386e-108,2.2526997821147556e-15
2004-09-17,0.8849257015020606,0.0,0.0074091232084296165,0.0,0.10766517528950292,4.523155338606347e-95,6.685555081566099e-15
2004-09-24,0.7268435018505264,0.0,0.015588392666286447,0.0,0.2575681054831871,6.283695136959275e-36,1.5992340171134922e-16
2004-10-01,0.9213426781036043,0.0,0.03824109686012335,0.0,0.04041622503627244,2.533537243790565e-34,1.1140584426236059e-17
2004-10-08,0.4964743668363804,0.0,0.028143703082642517,8.890116730290523e-246,0.4753819300809765,1.533755067770199e-29,8.291967289465022e-17
2004-10-15,0.5361262641784692,0.0,0.026166051527765116,1.7945213151999612e-208,0.43770768429376583,4.6670373610112774e-29,2.1234951158046318e-16
2004-10-22,0.6869844406866998,0.0,0.030546303792256993,5.345169330590695e-184,0.282469255521042,2.303184820119046e-28,9.248814033147118e-16
2004-10-29,0.8323062092447105,0.0,0.13392416475447114,0.0,0.03376962600081791,3.438459058488234e-51,1.2155610119958171e-16
2004-11-05,0.8578591472068986,0.0,0.005730708801633132,0.0,0.13641014398965937,0.0,1.8091741558140936e-12
2004-11-12,0.8719279180840104,0.0,0.00624332856069328,0.0,0.12182875335082623,0.0,4.4699613487754944e-12
2004-11-19,0.8313161737685855,0.0,0.007016077653317856,0.0,0.16166774856568217,0.0,1.24144326766752e-11
2004-11-26,0.8329178468537927,0.0,0.012142817307646058,0.0,0.15493933583856054,6.440642700897001e-121,8.194515118287273e-16
2004-12-03,0.9302850955713807,0.0,0.004147178349380048,0.0,0.06556772602027783,0.0,5.896104153122991e-11
2004-12-10,0.9246766291363401,0.0,0.0030960632457275165,0.0,0.07222730755375605,0.0,6.417629497709174e-11
2004-12-17,0.9553078348526938,0.0,0.004435160537024949,0.0,0.040257004441260125,0.0,1.6902080865092347e-10
2004-12-24,0.885984536096208,0.0,0.02338861109829173,0.0,0.09062651744449621,0.0,3.3536100407800056e-07
2004-12-31,0.49623114350024583,0.0,0.0155204153318541,0.0,0.48824835794680005,0.0,8.322110017464715e-08
2005-01-07,0.42980022098165,0.0,0.010402001743356688,0.0,0.5597977358094746,0.0,4.146551888179033e-08
2005-01-14,0.41421725446850344,0.0,0.013784488012567084,0.0,0.5719981817731208,0.0,7.5745808456463e-08
2005-01-21,0.46101751447363803,0.0,0.026684509759323804,0.0,0.512297759928502,0.0,2.1583853589870252e-07
2005-01-28,0.5472222528534183,0.0,0.01714473222373871,0.0,0.43563301492284306,6.330926093952218e-28,1.33405005011915e-16
2005-02-04,0.8947426180219559,0.0,0.020338079337824517,0.0,0.0849193026402195,1.3865703382989997e-27,1.5162852155401928e-16
2005-02-11,0.8380094009854439,0.0,0.016979311662065632,0.0,0.14501128735249022,1.7790430158515856e-26,5.326654872803684e-16
2005-02-18,0.8390155887689742,0.0,0.014222815198036455,0.0,0.146761596032987,2.4884098909707573e-30,2.0171612078961056e-15
2005-02-25,0.04412929546972847,0.0,0.05225017288884597,0.0,0.9036205316414254,9.343960202420867e-194,3.387222913125226e-23
2005-03-04,0.20759057902777311,0.0,0.032965291089065395,0.0,0.7594441298831615,4.428105117176796e-28,9.919320187011458e-20
2005-03-11,0.3075848882634748,0.0,0.03287128915004017,0.0,0.6595438225864851,4.2650717426551153e-29,1.417576192103919e-18
2005-03-18,0.42691029116433277,0.0,0.03572327802581028,0.0,0.5373664308098571,3.864373443020955e-26,8.121947097319956e-18
2005-03-25,0.7158738034497723,0.0,0.02057923624413585,0.0,0.26354696030609015,6.042216645320117e-37,1.4689556094504232e-15
2005-04-01,0.9321655515367733,0.0,0.01000758488584718,0.0,0.05782686357733038,1.298372772353287e-191,4.8590302082177894e-14
2005-04-08,0.8368400636022393,0.0,0.005103686734980301,0.0,0.15805624966272092,5.874080414488599e-191,6.004873738194971e-14
2005-04-15,0.8522821891078066,0.0,0.14771739446450266,0.0,4.164249119205506e-07,1.369278981417068e-171,2.7784447051184582e-12
2005-04-22,0.9723445226502787,0.0,0.023729850479043812,0.0,0.003925626868247899,1.2237832062206203e-189,2.4293208072549976e-12
2005-04-29,0.9712730949550209,0.0,0.022914614530543116,0.0,0.005812290507269907,4.545414516851535e-183,7.1656079952938e-12
2005-05-06,0.9388325940642516,0.0,0.006706596472411786,0.0,0.0544608094468389,8.4e-323,1.6497485146694e-11
2005-05-13,0.9660243706278775,0.0,0.033846271523865025,0.0,0.0001293577801300299,3.477685223858516e-274,6.812773709312344e-11
2005-05-20,0.842109976051804,0.0,0.005230637675119135,0.0,0.15265938625195682,3.991446988574194e-266,2.1120738653540516e-11
2005-05-27,0.7911096796312505,0.0,0.013725467422821115,0.0,0.19516485294592822,8.251685696184437e-40,5.790514919103456e-16
2005-06-03,0.6939676507978976,0.0,0.04182179903592568,7.296821160142051e-183,0.26421055016617606,5.567608184796317e-42,3.7346175789401856e-16
2005-06-10,0.7596565057818581,0.0,0.0445430939211236,9.266369789111418e-170,0.1958004002970173,4.617251548716848e-42,1.0579643912344813e-15
2005-06-17,0.7988097324951986,0.0,0.03461619575172517,3.903632003060313e-170,0.16657407175307207,1.7141484258694534e-33,4.527109537059898e-15
2005-06-24,0.4432304775650489,0.0,0.12782744120605524,0.0,0.42894208122889604,1.9122679851837763e-156,3.5086924695918775e-18
2005-07-01,0.7302958118826128,0.0,0.13622694147510608,0.0,0.13347724664228092,1.2689340224641387e-116,1.135060216264067e-17
2005-07-08,0.7483215174257909,0.0,0.10690370456803606,0.0,0.14477477800617308,1.5331540678936102e-102,5.621347574919511e-17
2005-07-15,0.886325563498925,0.0,0.08305921420140756,2.3642489733071132e-300,0.03061522229966741,7.160421875217032e-86,1.90903929518479e-16
2005-07-22,0.8703085447565537,0.0,0.06988741385280353,2.126285631803417e-251,0.05980404139064187,4.314494953758022e-74,9.432995506832806e-16
2005-07-29,0.6002405659617384,0.0,0.08869871575871503,0.0,0.3110607182795462,7.913813643564151e-121,1.3168051617472956e-16
2005-08-05,0.8146467202418434,0.0,0.02035969848084781,0.0,0.1649935812773083,1.4632247923860243e-45,2.1814483115917415e-16
2005-08-12,0.8480167796810473,0.0,0.019240573374893894,0.0,0.13274264694405727,6.039011761175571e-53,1.6776947167416788e-15
2005-08-19,0.9285983481599573,0.0,0.032372571139522244,0.0,0.039029080700516146,1.7440987367165716e-40,4.577335526803848e-15
2005-08-26,0.9680680768642014,0.0,0.017167825637298698,0.0,0.014764097488686182,1.9242039119556379e-162,9.814545625898044e-12
2005-09-02,0.9962325306319113,0.0,0.0010683989793859332,0.0,0.002699070386077285,0.0,2.6257490135971032e-12
2005-09-09,0.9653299802343112,0.0,0.0006330842418272457,0.0,0.03403693552044824,0.0,3.4136829329782977e-12
2005-09-16,0.9770595495349106,0.0,0.000723508929478304,0.0,0.022216941531413806,0.0,4.197637743516911e-12
2005-09-23,0.9814425531724411,0.0,0.0016545955588866744,0.0,0.016902851264892618,0.0,3.779715455317544e-12
2005-09-30,0.999635338775384,0.0,2.8501384266499808e-06,0.0,0.0003618110861888488,0.0,4.678088968264373e-16
2005-10-07,0.9999394824521384,0.0,5.624400590712391e-05,0.0,4.2735419392424535e-06,0.0,1.5434297685160854e-14
2005-10-14,0.9998141954279987,0.0,0.000183572637587364,0.0,2.2319343301553268e-06,0.0,8.352851707947103e-14
2005-10-21,0.99865224189582,0.0,0.0013477535885207288,0.0,4.5152850217321995e-09,0.0,3.742405317280827e-13
2005-10-28,0.9980291219689205,0.0,0.0018301827842821428,0.0,0.000140695246790365,0.0,6.913842016023347e-15
2005-11-04,0.9995678702265474,0.0,3.6327885266512744e-05,0.0,0.0003958018881858302,0.0,1.610520007835538e-17
2005-11-11,0.999159922555129,0.0,2.436908567176677e-05,0.0,0.0008157083591988482,0.0,1.1838111846125485e-16
2005-11-18,0.9990640743796635,0.0,4.2308354782446614e-05,0.0,0.0008936172655518918,0.0,1.899606784549757e-15
2005-11-25,0.9976499026728103,0.0,0.0002570208921107783,0.0,0.0020930764350784964,0.0,3.2862677948541076e-16
2005-12-02,0.9844690725560556,0.0,0.00147291231013437,0.0,0.014058015133710933,3.263595361253329e-305,9.859700051831105e-14
2005-12-09,0.9490527988601335,0.0,0.0023005766205240093,0.0,0.048646624518084935,9.946747875288028e-303,1.2580408850902725e-12
2005-12-16,0.9430223141525566,0.0,0.0030808889076261296,0.0,0.05389679692973044,5e-324,1.0086671309298242e-11
2005-12-23,0.9548072171198865,0.0,0.014266516970274203,0.0,0.030926265909838782,8.143788021163999e-43,2.2570111635397665e-16
2005-12-30,0.863070972282464,0.0,0.019132598350311267,0.0,0.11779642936722268,6.896031562024015e-35,2.5176779386763213e-15
2006-01-06,0.8260509327882051,0.0,0.0101470163130604,0.0,0.16380205089872144,1.157807657093618e-53,1.2990273648337097e-14
2006-01-13,0.7963756008403182,0.0,0.010717211095499368,0.0,0.19290718806412893,9.210947873819109e-53,5.3688795812469756e-14
2006-01-20,0.8753089428001923,0.0,0.12453699656314449,0.0,0.00015406063464309827,1.8693075876828245e-43,2.0201160985087887e-12
2006-01-27,0.47792873337958197,0.0,0.08598171959588516,6.239771711687983e-262,0.4360895470245324,1.5305183431794618e-45,1.0581296245580288e-17
2006-02-03,0.7063555027954983,0.0,0.175782975039888,0.0,0.11786152216461337,2.5878813306846697e-29,7.354241447033706e-17
2006-02-10,0.7346757092030999,0.0,0.13675452127676122,0.0,0.1285697695201387,8.4547818307135e-30,1.892065350303345e-16
2006-02-17,0.6502255479193665,0.0,0.05581027968832235,0.0,0.2939641723923103,2.1033156093646733e-29,2.6155869452291733e-16
2006-02-24,0.7414245510712368,0.0,0.01986234294101583,0.0,0.23871310598765103,5.528720498439478e-20,9.650747842210088e-14
2006-03-03,0.5222992967618606,0.0,0.04116013001721988,4.503774192178129e-71,0.43654057321777734,1.519490735781969e-19,3.1425195793095633e-12
2006-03-10,0.4953923602611667,0.0,0.048763250830653505,5.187731801538352e-64,0.45584438890374185,1.688214765203143e-22,4.437759158910851e-12
2006-03-17,0.4775774332105225,0.0,0.049348896689062685,8.090658947131215e-61,0.47307367007110585,4.0814708396909765e-16,2.930832007733656e-11
2006-03-24,0.36845565153318605,0.0,0.03597650787197768,2.4261767702529295e-65,0.5955678405734677,4.825458708443527e-19,2.1368847859078267e-11
2006-03-31,0.20509460049461303,0.0,0.04121740068979966,0.0,0.7536879986886765,2.3123177024994058e-25,1.2691040906833181e-10
2006-04-07,0.26599978937984425,0.0,0.09690309945831263,8.74644e-319,0.6370971103034012,7.105452830276732e-21,8.584418767770243e-10
2006-04-14,0.26620005590118123,0.0,0.13960166290327916,3.502512189697e-312,0.5941982783295299,2.3276119554212917e-18,2.866009943988524e-09
2006-04-21,0.10377300613815812,0.0,0.04109467663110952,4.963712756427695e-287,0.8551323131853361,8.246303520188829e-17,4.045396680173749e-09
2006-04-28,0.17624794856029413,0.0,0.06404814687014486,0.0,0.7597038946494412,6.725932812006846e-24,9.920119321782492e-09
2006-05-05,0.45467654007580094,0.0,0.08487053790042136,9.071033477338618e-138,0.4604529132896007,4.731590966465039e-55,8.734177078114329e-09
2006-05-12,0.13332419759577335,0.0,0.8666757146911479,6.9115680486716766e-102,1.1830301089829792e-08,8.585827366280071e-69,7.588277767796099e-08
2006-05-19,0.0007781300133262952,0.0,0.999221858625877,3.930165890777866e-61,1.4855929260171857e-22,1.2571427385911875e-53,1.1360796891669801e-08
2006-05-26,0.052865434357713285,0.0,0.9471248165365402,0.0,4.434798220791884e-06,4.83248548921896e-92,5.314307525369809e-06
2006-06-02,0.09000948464711997,0.0,0.9099856586399776,0.0,1.6438458026513933e-06,3.34276824649123e-149,3.212867099960424e-06
2006-06-09,0.0005914727272242005,0.0,0.9994082885356849,0.0,1.9338803087397002e-20,1.94831992465311e-105,2.3873709102394553e-07
2006-06-16,0.004890568673098003,0.0,0.9951082889853776,0.0,1.3764828855252651e-13,3.158776221211079e-98,1.1423413863875886e-06
2006-06-23,0.02055001132354707,0.0,0.9794392184607492,0.0,3.166045428230837e-07,6.792293640918754e-106,1.045361116089142e-05
2006-06-30,0.25506006045595536,0.0,0.5066687370632779,0.0,0.23826107711908412,5.230972773850792e-177,1.012536168219864e-05
2006-07-07,0.1862000132631556,0.0,0.8028705458791059,0.0,0.010913448945708965,2.1367247037306065e-172,1.599191202912344e-05
2006-07-14,0.004286522096650677,0.0,0.9957112203161905,0.0,1.7029316020999496e-13,4.861072658938975e-138,2.257586988368804e-06
2006-07-21,0.012648325743257048,0.0,0.9873467819948548,0.0,4.5947137431321266e-10,1.6291907039061046e-136,4.891802416514479e-06
2006-07-28,0.3515044995705292,0.0,0.6288377990964803,0.0,0.01965598736527689,1.883946750644614e-90,1.713967714111434e-06
2006-08-04,0.6310132443814268,0.0,0.3612409025095634,0.0,0.007745613445883709,2.120412286184565e-136,2.3966312644572825e-07
2006-08-11,0.655819811173356,0.0,0.3265481565833572,0.0,0.01763185179596002,5.732191800967478e-117,1.8044732640336531e-07
2006-08-18,0.1928287506282887,0.0,0.02708634531537458,0.0,0.7800848866329385,8.457186103707854e-128,1.7423397863286964e-08
2006-08-25,0.45479983096415144,0.0,0.043633247461848726,0.0,0.5015669177228729,2.3862085043934206e-88,3.851127144303651e-09
2006-09-01,0.8612247239953132,0.0,0.009256067565652523,0.0,0.12951920843902945,5.251838063735001e-258,4.977746346556168e-15
2006-09-08,0.9515660706452747,0.0,0.01793582445583995,0.0,0.030498104898880742,1.3544620307774274e-232,4.765577176650413e-15
2006-09-15,0.8026338766766319,0.0,0.008999696771239097,0.0,0.18836642655212837,2.998199115215047e-239,6.888033388142275e-16
2006-09-22,0.7713012663411165,0.0,0.03927773600965901,0.0,0.1894209976492244,3.1660506078009464e-214,7.032130195570355e-17
2006-09-29,0.7700169469998034,0.0,0.013881888177972063,0.0,0.21610116482222416,1.8813233315112833e-201,2.377193545237056e-16
2006-10-06,0.020232723745178406,0.0,0.026303365597418367,3.0410118836556205e-255,0.9534637710819296,2.4837743597079506e-44,1.39575473313419e-07
2006-10-13,0.01352326419933287,0.0,0.023085381530367044,1.1804904014300814e-243,0.9633911927878072,7.275505815860172e-42,1.614824925024614e-07
2006-10-20,0.007890354483209327,0.0,0.021081211305671525,4.996805469673601e-251,0.9710280785546777,4.368444756947931e-51,3.5565644168700905e-07
2006-10-27,0.009858098059351651,0.0,0.02142464705215083,4.999018785982902e-103,0.9687170256189301,3.2247960154494733e-41,2.292695671074996e-07
2006-11-03,4.482376419073389e-16,0.0,0.007048127138731667,0.0,0.668689984740622,2.2593114186483694e-45,0.32426188812064577
2006-11-10,2.7833852442666813e-15,0.0,0.0076740570369682555,0.0,0.7629191862760126,2.00744020684722e-43,0.22940675668701663
2006-11-17,2.4223893558889968e-14,0.0,0.009785003074314869,0.0,0.8349620006392842,2.4058211540555563e-50,0.1552529962863763
2006-11-24,3.9976404016723134e-10,0.0,0.013979152388974032,0.0,0.9811501260791499,2.178541691564964e-166,0.004870721132111821
2006-12-01,0.18693532672381608,0.0,0.06957167841452674,0.0,0.7434929853204635,3.1874512248236155e-24,9.54119418567722e-09
2006-12-08,0.1976603480347466,0.0,0.10086624356170694,0.0,0.7014733926965746,5.931566610932421e-21,1.5706971615919796e-08
2006-12-15,0.07253127811874137,0.0,0.02504077325881941,0.0,0.9024279457424327,2.8613689260410207e-22,2.880007061148976e-09
2006-12-22,0.0626117107521502,0.0,0.03626844648840317,0.0,0.9011198325769865,7.78028333257585e-20,1.0182459679265852e-08
2006-12-29,0.0005908286244803476,0.0,0.03541726261048771,0.0,0.9639619257577363,1.1507397356216083e-102,2.9983007295771318e-05
2007-01-05,0.8690361463159669,0.0,0.009733659277266032,0.0,0.12123019414210724,0.0,2.646592830652323e-10
2007-01-12,0.7077031722832283,0.0,0.006701876699813375,0.0,0.2855949506440593,0.0,3.728986866316532e-10
2007-01-19,0.5671850466225328,0.0,0.008460477834789691,0.0,0.42435447402341836,0.0,1.5192592445618232e-09
2007-01-26,0.016253883624602006,0.0,0.010177609718317639,0.0,0.973559780667521,0.0,8.725989558854962e-06
2007-02-02,2.0864823856881558e-12,0.0,0.007747252436840051,0.0,0.9371447342299277,3.433009366088464e-237,0.0551080133311455
2007-02-09,3.3987623391833155e-12,0.0,0.008865147121696055,0.0,0.9364336413834476,6.113484540156618e-228,0.0547012114914578
2007-02-16,3.680371590109861e-12,0.0,0.008321231195187092,0.0,0.9342196649828736,1.7300020815273025e-243,0.057459103818258465
2007-02-23,1.075744199680583e-07,0.0,0.014881218931849453,0.0,0.9838216468060317,3.833484035234654e-41,0.0012970266876989058
2007-03-02,0.6112626278880546,0.0,0.38873737191181,0.0,1.9996555359381447e-13,0.0,1.9993513325910658e-10
2007-03-09,0.9878724043804398,0.0,0.011284595608711786,0.0,0.0008429999161761267,0.0,9.46720871673402e-11
2007-03-16,0.8682279648475111,0.0,0.13177199529863576,0.0,3.7350410594444604e-08,0.0,2.503442661398177e-09
2007-03-23,0.9602175623642366,0.0,0.01512632255204423,0.0,0.024656113145311388,0.0,1.938408139487063e-09
2007-03-30,0.9545916645823703,0.0,0.04518117009400243,0.0,0.00022716531107517618,2.6053908814975687e-242,1.2551840592540292e-11
2007-04-06,0.9793986734255191,0.0,0.01469942571126495,0.0,0.0059019008631818965,0.0,3.407126109604146e-14
2007-04-13,0.9683376659114625,0.0,0.00905968335409887,0.0,0.02260265073424279,0.0,1.9555982835292176e-13
2007-04-20,0.9692450992860434,0.0,0.009449170777472695,0.0,0.02130572993538832,0.0,1.0959031534754682e-12
2007-04-27,0.9517928718739791,0.0,0.017991848172427417,0.0,0.030215222352460668,0.0,5.7601132645923254e-08
2007-05-04,0.9920568303310855,0.0,0.003881420069985068,0.0,0.004061748807669406,0.0,7.91259968447016e-10
2007-05-11,0.9874576115996785,0.0,0.004927174468855045,0.0,0.007615211862421642,0.0,2.0690449194614704e-09
2007-05-18,0.9760302971811562,0.0,0.007052921971621784,0.0,0.016916774530664615,0.0,6.316557503264307e-09
2007-05-25,0.9762689713687889,0.0,0.01816323022291646,0.0,0.005567798408140033,9.509694429624582e-288,1.5501217394315737e-13
2007-06-01,0.9741593971097527,0.0,0.010725446608632255,0.0,0.015115156281576364,0.0,3.8685046666770063e-14
2007-06-08,0.9646154543688555,0.0,0.03534935205483379,0.0,3.5193575747929645e-05,0.0,5.625225739373976e-13
2007-06-15,0.981010890920914,0.0,0.018352999380030637,0.0,0.0006361096973910226,0.0,1.6643305499005099e-12
2007-06-22,0.896788420383001,0.0,0.10321134807362646,0.0,2.3151011163080144e-07,0.0,3.326132427441478e-11
2007-06-29,0.7614850422759233,0.0,0.23851492242619352,0.0,3.529473317292192e-08,2.779616875440896e-200,3.1498059553993055e-12
2007-07-06,0.9496964739933089,0.0,0.05027511236326864,0.0,2.8413642955036262e-05,0.0,4.677950525649128e-13
2007-07-13,0.9065500923296103,0.0,0.09344902010235094,0.0,8.87561542944104e-07,0.0,6.49627378328648e-12
2007-07-20,0.527259903145106,0.0,0.47274009677582096,0.0,1.0036976505127395e-11,0.0,6.903650739240953e-11
2007-07-27,0.00043754977418559104,0.0,0.9995624502255117,0.0,4.454009228360752e-32,1.4892151328466114e-209,3.0265164670493524e-13
2007-08-03,0.0038668900794946873,0.0,0.9961331099198624,0.0,4.0945930335860355e-27,0.0,6.428587790178847e-13
2007-08-10,0.004038976753510231,0.0,0.9959610232441373,0.0,3.474919814434121e-27,0.0,2.352658151137121e-12
2007-08-17,0.015085321233101493,0.0,0.9849146787542132,0.0,2.5993023115679607e-23,6.342915193788535e-289,1.268515901460581e-11
2007-08-24,0.8264174996768352,0.0,0.17358233634711673,0.0,1.639625249288028e-07,4.038128050444022e-224,1.352360967971779e-11
2007-08-31,0.3500020246140418,0.0,0.6499979732506671,0.0,1.3354066622575463e-09,7.629425877574134e-83,7.99884188700428e-10
2007-09-07,0.12728352566679388,0.0,0.872716472569545,0.0,1.0604038644178807e-12,4.604733356320612e-98,1.7626010459388391e-09
2007-09-14,0.24684734216574714,0.0,0.7531526521783668,0.0,4.606816356293135e-10,4.3464339149650787e-104,5.195204962188114e-09
2007-09-21,0.7266222626756139,0.0,0.2731667294388263,0.0,0.00021099657083890007,5.064086605955897e-124,1.131472127466823e-08
2007-09-28,0.8396906992487501,0.0,0.15974325585376856,0.0,0.0005660444212665304,2.0191482053721603e-74,4.762144931579843e-10
2007-10-05,0.9545994705934238,0.0,0.043304805025384537,0.0,0.002095724347860588,4.922118766877451e-201,3.333087874971284e-11
2007-10-12,0.9393101219983921,0.0,0.059640593710641863,0.0,0.0010492841805969833,4.991256882553337e-194,1.1036857363245202e-10
2007-10-19,0.6861312948088273,0.0,0.3138685745822927,0.0,1.2974330814739377e-07,5.25985719103468e-200,8.655720536228656e-10
2007-10-26,0.8900585216459256,0.0,0.10984241536029846,0.0,9.906296884800476e-05,9.837819323535924e-114,2.4928118185704106e-11
2007-11-02,0.8292144281758798,0.0,0.17078543851486078,0.0,1.3330023192152494e-07,7.28488329983213e-300,9.027740049326708e-12
2007-11-09,0.34781641940880775,0.0,0.6521835805614145,0.0,7.603479052912725e-13,9.218643603118676e-296,2.9017571664103516e-11
2007-11-16,0.7366657592522163,0.0,0.2633342286015045,0.0,1.2115892560396076e-08,2.8821187637665392e-263,3.0386457252876533e-11
2007-11-23,0.6956494181298274,0.0,0.30435053294568476,0.0,2.8631849896289557e-08,0.0,2.0292637940890854e-08
2007-11-30,0.9962530681045798,0.0,0.003745588086560178,0.0,1.3434599241582262e-06,0.0,3.48935886400487e-10
2007-12-07,0.9965999347184414,0.0,0.003335694886523919,0.0,6.436893151070458e-05,0.0,1.4635243294986262e-09
2007-12-14,0.992744163310933,0.0,0.007246622468000106,0.0,9.20904170262366e-06,0.0,5.179364631050683e-09
2007-12-21,0.9890543588134345,0.0,0.003885710315208948,0.0,0.007059919241593077,0.0,1.1629763354898428e-08
2007-12-28,0.9900257988688874,0.0,0.009600509732762115,0.0,0.00037369120159990506,0.0,1.9675088400756597e-10
2008-01-04,0.9770339526096053,0.0,0.022960230122825564,0.0,5.816043878424607e-06,0.0,1.2236906914934613e-09
2008-01-11,0.9723124903548939,0.0,0.027665417470781543,0.0,2.2088362719042928e-05,0.0,3.811605873877483e-09
2008-01-18,0.9033591139411601,0.0,0.0966406815684333,0.0,1.8810876647841933e-07,0.0,1.6381640597321227e-08
2008-01-25,0.8143151111264332,0.0,0.1856848815486837,0.0,7.142930366558066e-09,0.0,1.8195233619832742e-10
2008-02-01,0.9756062943896905,0.0,0.024347821483712773,0.0,4.588398129070665e-05,0.0,1.453058843045732e-10
2008-02-08,0.9295219383285463,0.0,0.07047780077424746,0.0,2.60546863953815e-07,0.0,3.5034196620024896e-10
2008-02-15,0.9661176704146163,0.0,0.03383229735182427,0.0,5.0031723569671914e-05,0.0,5.099899441274378e-10
2008-02-22,0.6892256729309927,0.0,0.3096750960574355,0.0,0.001099231011571212,1.2197981355605543e-47,2.035950235361082e-16
2008-02-29,0.7611404982582313,0.0,0.23885333035766648,0.0,6.171384096774067e-06,1.4837069567281389e-304,5.425354555519069e-15
2008-03-07,0.7995604319009352,0.0,0.20043854519542048,0.0,1.0229036013828695e-06,1.6008613213997094e-303,4.287421067875024e-14
2008-03-14,0.5780617186110383,0.0,0.4219382807664881,0.0,6.220247468014861e-10,4.68661228623e-313,4.490966509593736e-13
2008-03-21,0.9224186775457343,0.0,0.07756714159368343,0.0,1.4180860043284648e-05,1.0987180811705166e-278,5.38698494694569e-13
2008-03-28,0.9226469462435143,0.0,0.07728807555810788,0.0,6.497819811768528e-05,4.0095949019305876e-221,2.603668296850732e-13
2008-04-04,0.994168261784267,0.0,0.0045571474864687656,0.0,0.0012745907274438085,0.0,1.8206258105220804e-12
2008-04-11,0.993204054223533,0.0,0.006172728613669546,0.0,0.0006232171487361373,0.0,1.4061471353006571e-11
2008-04-18,0.9761195328434872,0.0,0.0034295053147060375,0.0,0.020450961807227008,0.0,3.457945261847064e-11
2008-04-25,0.9514582391857823,0.0,0.0038321320225088744,0.0,0.044709628787744995,0.0,3.964471493948781e-12
2008-05-02,0.9423148692225237,0.0,0.0013641916846509725,0.0,0.056320939071371826,0.0,2.1453407731558495e-11
2008-05-09,0.9357799474259783,0.0,0.002496474508049541,0.0,0.061723577874777016,0.0,1.9119482651740162e-10
2008-05-16,0.8380180260878033,0.0,0.0027331492191703917,0.0,0.15924882404550758,0.0,6.475190519247241e-10
2008-05-23,0.9093428832490557,0.0,0.005445072199233614,0.0,0.08521204455010137,0.0,1.6095675538717974e-12
2008-05-30,0.8388479450805442,0.0,0.004044777973214759,0.0,0.1571072769433365,0.0,2.9050880156035507e-12
2008-06-06,0.995887312040578,0.0,0.002412988127831322,0.0,0.0016996996413422682,0.0,1.9024854531603283e-10
2008-06-13,0.964751843305551,0.0,0.00150567989322031,0.0,0.033742476597627184,0.0,2.036016971546655e-10
2008-06-20,0.9802643237503863,0.0,0.004508799116161988,0.0,0.015226875231641223,0.0,1.9018103747028595e-09
2008-06-27,0.9798609568994802,0.0,0.01159242549757766,0.0,0.008546617602581028,0.0,3.609147988978876e-13
2008-07-04,0.9972877616694551,0.0,0.0022437151704298,0.0,0.0004685231494530124,0.0,1.0662205499372175e-11
2008-07-11,0.989058594268406,0.0,0.01093785229041237,0.0,3.553269421131607e-06,0.0,1.7176075129850478e-10
2008-07-18,0.9911241677357464,0.0,0.004053241932802778,0.0,0.00482259001348829,0.0,3.179621283481986e-10
2008-07-25,0.9733875913346569,0.0,0.003857982128130009,0.0,0.022754426526205206,0.0,1.1007448673921176e-11
2008-08-01,0.9867728011371544,0.0,0.0006665608192104945,0.0,0.012560637945365992,0.0,9.82692225817201e-11
2008-08-08,0.9597800596293603,0.0,0.0004874664584400346,0.0,0.03973247386049978,0.0,5.1700097354377245e-11
2008-08-15,0.9587820807676362,0.0,0.0006227179700023325,0.0,0.04059520120468462,0.0,5.7677097675991124e-11
2008-08-22,0.9398880860284716,0.0,0.001171158802244158,0.0,0.058940754929017916,0.0,2.4026658861803886e-10
2008-08-29,0.9493882637638502,0.0,0.002293279165380767,0.0,0.04831845707065545,1.630905797981676e-277,1.1307931310012236e-13
2008-09-05,0.8879097477039689,0.0,0.04707136390997423,0.0,0.06501888838599006,2.8492379148087115e-16,6.669235709613505e-14
2008-09-12,0.864189522555793,0.0,0.132403599279286,0.0,0.0034068781618790483,2.7505451530170797e-12,2.9140832662110104e-13
2008-09-19,0.17419823465382253,0.0,0.8258017616085462,0.0,1.504606262158577e-10,3.584819983569341e-09,2.3505960485806888e-12
2008-09-26,0.0037621617742338276,0.0,0.9962378382257324,0.0,3.3876444814637705e-14,6.889971696009595e-106,1.4476067213472887e-17
2008-10-03,1.0627090957788183e-05,0.0,0.9999893729090423,0.0,3.076914368216616e-26,5.86069383466984e-205,5.70938665000485e-19
2008-10-10,3.75792923864683e-08,0.0,0.9999999624207075,0.0,5.4169301481056345e-40,2.1928928836273316e-239,4.429712929499497e-20
2008-10-17,1.7184688193893657e-05,0.0,0.9999828153118063,0.0,6.133841534166622e-26,9.013901691530657e-196,4.6484474785925466e-18
2008-10-24,3.518974734685644e-07,0.0,0.9999996481025266,0.0,8.785732354058058e-24,0.0,3.7714301263043526e-23
2008-10-31,0.00039878226096954614,0.0,0.999601217505021,0.0,2.340095813635248e-10,0.0,5.047997865058624e-17
2008-11-07,0.002393322091050775,0.0,0.9976065836436159,0.0,9.426519280692775e-08,0.0,1.4081256530482726e-13
2008-11-14,0.0005729312110155463,0.0,0.9994270685887502,0.0,1.86497181460689e-10,0.0,1.3737180214417102e-11
2008-11-21,0.0001774163372512381,0.0,0.9998225833287986,0.0,3.0420434853581777e-11,0.0,3.0352946673142414e-10
2008-11-28,0.0002478550538999312,0.0,0.9996253850465414,0.0,0.00012492712014248468,2.456181742142636e-221,1.8327794165168916e-06
2008-12-05,2.0108627344267186e-11,0.0,0.9353877836716094,0.0,3.281280201118432e-05,0.0,0.06457940350627081
2008-12-12,5.4104694982222194e-12,0.0,0.6564450130344146,0.0,0.0011292319048461735,0.0,0.34242575505532885
2008-12-19,1.2057114829255533e-12,0.0,0.2898030754596335,0.0,0.05797626748951555,0.0,0.6522206570496453
2008-12-26,8.466818969406201e-14,0.0,0.13702065936026925,0.0,0.06870823104363859,1.5319230649255488e-256,0.7942711095960077
2009-01-02,1.3866901319152314e-20,0.0,0.004480446055097725,0.0,0.017378552451323387,0.0,0.9781410014935787
2009-01-09,1.5611836274097855e-20,0.0,0.005734795807567794,0.0,0.007950350160010583,0.0,0.986314854032422
2009-01-16,2.2999734618084744e-20,0.0,0.008134984326345615,0.0,0.0041935809444829854,4.017962855696928e-291,0.9876714347291715
2009-01-23,9.246049640989602e-25,0.0,0.003125971190029976,0.0,0.002548406420464194,2.761218677989875e-92,0.9943256223895062
2009-01-30,5.821564043462087e-24,0.0,0.0035269935017669812,0.0,0.007861131512591582,2.6048766111463513e-82,0.9886118749856413
2009-02-06,1.0297609771706536e-24,0.0,0.0023473970612447005,0.0,0.00939066845193761,2.5748592355669023e-86,0.9882619344868179
2009-02-13,7.598125093386387e-24,0.0,0.0030734542928265063,0.0,0.015267120068625179,1.5118796770675978e-78,0.9816594256385486
2009-02-20,4.75464431380436e-23,0.0,0.005274107962101335,0.0,0.003125378136365076,3.835755476090748e-71,0.991600513901534
2009-02-27,8.686306825437652e-27,0.0,0.003822849831292883,0.0,0.01691496901851978,8.505664847461731e-07,0.9792613305837025
2009-03-06,3.082490157478193e-27,0.0,0.003705027862507101,0.0,0.006527955733888895,1.0129258978464471e-09,0.9897670153906784
2009-03-13,2.832547712208656e-26,0.0,0.0027320100492872882,0.0,0.043034243320588084,1.498537720606362e-07,0.9542335967763524
2009-03-20,1.8116030041363445e-25,0.0,0.002970367191944274,0.0,0.012345981809241104,7.320285234993549e-06,0.9846763307135801
2009-03-27,5.176713699079435e-27,0.0,0.0026637420039246555,0.0,0.07888636326133869,5.192255915065476e-18,0.9184498947347368
2009-04-03,3.219889388847528e-28,0.0,0.0016705142925382533,0.0,0.06876577524040021,1.7473874620682604e-10,0.9295637102923224
2009-04-10,5.055947459645748e-27,0.0,0.0017778641198477453,0.0,0.15225548696186864,3.7055970948389566e-10,0.8459666485477236
2009-04-17,5.0275509695345423e-26,0.0,0.0017913087236677378,0.0,0.22724210433868497,9.114359849874137e-12,0.7709665869285327
2009-04-24,4.257785916332379e-25,0.0,0.002237466613954018,0.0,0.1720258306517021,3.006528263830928e-15,0.8257367027343414
2009-05-01,6.283526039902609e-25,0.0,0.0021673073155942624,0.0,0.23779365025247992,1.8150476067747306e-24,0.7600390424319261
2009-05-08,2.6642639405266184e-24,0.0,0.001843655784175729,0.0,0.2918724779698815,1.9339666024887754e-34,0.706283866245943
2009-05-15,1.570763550732998e-23,0.0,0.0021946422605479622,0.0,0.3143789152471344,7.35278391766253e-36,0.683426442492318
2009-05-22,5.412074554929835e-23,0.0,0.0022099952261714936,0.0,0.2746308248381729,1.0593235433695635e-52,0.7231591799356559
2009-05-29,3.8788931847799844e-23,0.0,0.0018669299678927484,0.0,0.37614255586747597,3.902023887922437e-70,0.621990514164631
2009-06-05,4.354813796791056e-22,0.0,0.002282757050013572,0.0,0.43294562187941676,1.5073549657047867e-85,0.5647716210705699
2009-06-12,1.1851402378054277e-21,0.0,0.0023146768556429618,0.0,0.45600617519571296,8.680149809139946e-96,0.541679147948644
2009-06-19,3.3432141383797305e-21,0.0,0.002468324298285379,0.0,0.48269635328977534,7.491960396860693e-102,0.5148353224119399
2009-06-26,4.7631553424610285e-22,0.0,0.0021881341491775575,0.0,0.47786711401219284,9.261735336134196e-153,0.5199447518386298
2009-07-03,1.984399702952546e-19,0.0,0.0031979291858211852,0.0,0.669676344836374,3.923141283001662e-263,0.32712572597780537
2009-07-10,3.9611480954609815e-19,0.0,0.0034706155875541067,0.0,0.672365807308749,1.2606654444661123e-273,0.3241635771036968
2009-07-17,5.651845636321933e-19,0.0,0.0034578367752729398,0.0,0.6442970081606281,2.7432641375577026e-302,0.35224515506409904
2009-07-24,9.769023740447709e-19,0.0,0.0038037180702476876,0.0,0.6134552867139916,0.0,0.38274099521576027
2009-07-31,1.3726244041533488e-19,0.0,0.0035995376508916547,0.0,0.5318067851901006,5.437457880462027e-295,0.46459367715900785
2009-08-07,1.939987079878159e-19,0.0,0.0034860938381163515,0.0,0.5684987785768977,5.033734471203727e-303,0.42801512758498617
2009-08-14,2.3715604432758636e-19,0.0,0.00358200770291762,0.0,0.5685687199650651,5e-324,0.4278492723320172
2009-08-21,2.399093818220437e-19,0.0,0.0039164540730894,0.0,0.5321770775771197,0.0,0.4639064683497909
2009-08-28,1.1426633542874998e-18,0.0,0.00414898589381511,0.0,0.5724574460124608,0.0,0.42339356809372414
2009-09-04,7.291167217365684e-16,0.0,0.005843891828863033,0.0,0.7516131322343573,0.0,0.24254297593677884
2009-09-11,2.1135816986826516e-15,0.0,0.007642599386711227,0.0,0.7054264283725321,0.0,0.2869309722407543
2009-09-18,7.76777289969237e-15,0.0,0.00831001938580502,0.0,0.73510955379601,0.0,0.25658042681817705
2009-09-25,4.569227136056627e-12,0.0,0.01164653047869191,0.0,0.8914396714785084,0.0,0.09691379803823061
2009-10-02,5.649454331783959e-11,0.0,0.01499467475798964,0.0,0.9181845619151449,0.0,0.06682076327037063
2009-10-09,2.1654799971719395e-10,0.0,0.012455246479826347,0.0,0.9499725539365498,0.0,0.03757219936707554
2009-10-16,1.4520693852292219e-09,0.0,0.014356203841201547,0.0,0.9607920161372611,0.0,0.024851778569468227
2009-10-23,3.858905034446772e-09,0.0,0.013719008746664513,0.0,0.9676541904864363,0.0,0.018626796907993834
2009-10-30,5.660205991778895e-08,0.0,0.030908431466637302,0.0,0.9513036629132856,0.0,0.017787849018016756
2009-11-06,7.984961460025505e-05,0.0,0.015534677927882438,0.0,0.9841082302121484,0.0,0.000277242245369208
2009-11-13,0.0008605207271055069,0.0,0.016649370523996298,0.0,0.9824301375648524,0.0,5.997118404586247e-05
2009-11-20,0.014048939959271853,0.0,0.016561545899528973,0.0,0.9693844691512037,0.0,5.044989995551991e-06
2009-11-27,0.4794643770640072,0.0,0.013370174657932112,0.0,0.5071654409724501,0.0,7.305610267057768e-09
2009-12-04,0.9083047868174529,0.0,0.0022931457363090926,0.0,0.08940206744613587,0.0,1.0230782936744456e-13
2009-12-11,0.9074399261432966,0.0,0.002248988229628849,0.0,0.09031108562697573,0.0,9.858652210198841e-14
2009-12-18,0.9121528406977403,0.0,0.002150324790301148,0.0,0.08569683451188058,0.0,7.824143292043087e-14
2009-12-25,0.9251180727783597,0.0,0.0022799122584034057,0.0,0.07260201496318305,0.0,5.389135856038879e-14
2010-01-01,0.9015001947887543,0.0,0.002493555777176356,0.0,0.09600624943406724,0.0,2.34905692628519e-15
2010-01-08,0.939976211302799,0.0,0.0018857180530650005,0.0,0.058138070644112846,0.0,2.318861024590253e-14
2010-01-15,0.9347782168552361,0.0,0.0018726942806017507,0.0,0.06334908886390943,0.0,2.524893541591921e-13
2010-01-22,0.9490288712353486,0.0,0.003594799875863278,0.0,0.047376328886182636,0.0,2.6057563447349125e-12
2010-01-29,0.9002966300211257,0.0,0.0038084784376132925,0.0,0.09589489154080406,4.873902468911557e-279,4.569486582651254e-13
2010-02-05,0.9561262074654462,0.0,0.0025198695888176176,0.0,0.04135392294572569,0.0,1.0131666192591806e-14
2010-02-12,0.9375516429146803,0.0,0.0017672659548028267,0.0,0.060681091130439485,0.0,7.709284961455916e-14
2010-02-19,0.9400751769754039,0.0,0.0016829363881159464,0.0,0.05824188663594717,0.0,5.338941577050569e-13
2010-02-26,0.9196655258504468,0.0,0.003184007172148509,0.0,0.07715046697735752,4.765552380608732e-227,4.694171258097839e-14
2010-03-05,0.9316857352681093,0.0,0.00538683514922314,0.0,0.06292742958212608,8.451053954142721e-161,5.41638381497415e-13
2010-03-12,0.8971765555225769,0.0,0.0064174941182199565,0.0,0.09640595035728668,2.984217282264089e-155,1.9164681171834796e-12
2010-03-19,0.9316735425860357,0.0,0.008233543239121129,0.0,0.06009291417197099,3.6464801127969244e-132,2.8716947889365754e-12
2010-03-26,0.9260629762049011,0.0,0.011346548849188521,0.0,0.0625904749457836,4.8891938352033896e-55,1.2661477349732853e-13
2010-04-02,0.9449941317665982,0.0,0.006619766159293894,0.0,0.048386102074017764,9.296411197521876e-108,9.023989951153128e-14
2010-04-09,0.9716145664001545,0.0,0.008075971789608777,0.0,0.02030946181010471,2.3249351625705862e-94,1.319209466091295e-13
2010-04-16,0.8907839318560925,0.0,0.00880837619812782,0.0,0.10040769194541688,1.406495200169839e-82,3.6237762379748327e-13
2010-04-23,0.957635614794921,0.0,0.011271892058336666,0.0,0.031092493146420895,2.957627995157832e-68,3.218283736940805e-13
2010-04-30,0.7842192048779263,0.0,0.04470031664114847,0.0,0.17108047848092386,6.234581124459806e-18,1.0708255472344106e-15
2010-05-07,0.0033262789783426614,0.0,0.9966737210216571,0.0,1.1332943058124814e-17,3.8591030332969795e-28,5.061558279951173e-16
2010-05-14,0.2914771077728613,0.0,0.7085027184067303,0.0,2.017382040791627e-05,1.0265815096544768e-50,6.126068271454326e-16
2010-05-21,0.007200970871959346,0.0,0.992799029128028,8.86050813573281e-235,1.217412894831054e-14,2.0428619578773273e-50,4.2822679219755664e-16
2010-05-28,0.43950181002108385,0.0,0.5604721792722672,0.0,2.601070662794429e-05,9.342277602764002e-29,2.0778200107057102e-14
2010-06-04,0.13538378694802003,0.0,0.8646161294106058,9.448764702336774e-217,8.364136269828822e-08,1.1042724015902502e-48,1.12306565608162e-14
2010-06-11,0.6408974598754583,0.0,0.3551550517895824,5.5362773654084165e-151,0.003947488334943617,2.1011128572048873e-48,1.5180419618614304e-14
2010-06-18,0.7524721731340903,0.0,0.11613596886639845,1.8908854616182008e-115,0.13139185799950073,1.0347548348825697e-45,1.016739436419783e-14
2010-06-25,0.39623028602250937,0.0,0.5970977409024926,0.0,0.006671973074998181,1.9944079968130837e-130,1.7893574761723844e-16
2010-07-02,0.3395198822481526,0.0,0.6595894761109906,0.0,0.0008906416408552546,6.947687098112415e-147,1.6875708377383387e-15
2010-07-09,0.6466177115867036,0.0,0.21314197791649858,0.0,0.14024031049679334,1.3439511476624774e-118,4.902296103169824e-15
2010-07-16,0.7218078240084413,0.0,0.22086319127494114,0.0,0.05732898471656272,3.156581412095709e-87,5.4413866480455946e-14
2010-07-23,0.6179399304517808,0.0,0.09646785692731516,0.0,0.28559221262080997,4.344816536577971e-76,9.410576244766362e-14
2010-07-30,0.6216185799176117,0.0,0.08752741695441982,0.0,0.29085400312750365,5.4169269029506485e-59,4.647384670529493e-13
2010-08-06,0.5581139602065669,0.0,0.039617361073537305,5.9516400877342e-130,0.4022686787191778,1.0987913969112436e-26,7.17870506614503e-13
2010-08-13,0.7701787073209541,0.0,0.1711869442827496,2.3607409103927242e-110,0.058634348392772505,2.587594226080441e-29,3.5235987028537643e-12
2010-08-20,0.7432596439451857,0.0,0.145275738836621,1.5834966923784791e-93,0.1114646172116641,2.9139399279469855e-26,6.529164815443813e-12
2010-08-27,0.6661787682439159,0.0,0.10966051871734772,4.302829229920286e-58,0.2241607130208206,8.740558153724688e-20,1.7915813899254143e-11
2010-09-03,0.7178941829710043,0.0,0.02230321454315707,0.0,0.2598026024847617,4.43915636470447e-25,1.0763993749239771e-12
2010-09-10,0.7128678243674945,0.0,0.02593363671002565,0.0,0.26119853891899086,2.469082684114073e-27,3.4885311862326233e-12
2010-09-17,0.6784061260636883,0.0,0.02614332625666095,0.0,0.2954505476677017,1.0561787677395862e-34,1.1949142670253707e-11
2010-09-24,0.5802862830275942,0.0,0.026946184237685092,0.0,0.39276753251248525,4.330689583094063e-70,2.222349319053317e-10
2010-10-01,0.8840045830888024,0.0,0.01302676999636197,0.0,0.10296864688686484,3.967810929492897e-200,2.7970668367742308e-11
2010-10-08,0.7870464081807593,0.0,0.010124788624088422,0.0,0.2028288031603778,5.042019211327536e-211,3.477504581065236e-11
2010-10-15,0.7153909308565505,0.0,0.008148118753294856,0.0,0.2764609503581941,1.852788899401339e-215,3.196045752912376e-11
2010-10-22,0.7132013413174978,0.0,0.007813190171612156,0.0,0.27898546848240674,4.674192072566498e-212,2.848342220706442e-11
2010-10-29,0.8522922357402034,0.0,0.0117714786028415,0.0,0.1359362856518974,1.1532586774079138e-162,5.05765591887179e-12
2010-11-05,0.8801208029341632,0.0,0.003150229759448175,0.0,0.11672896730638771,0.0,1.102347726776938e-15
2010-11-12,0.9463140795150543,0.0,0.002626589184932567,0.0,0.05105933130000894,0.0,4.22661592658894e-15
2010-11-19,0.9334495168956761,0.0,0.0014888343680295659,0.0,0.06506164873628656,0.0,8.03615636041419e-15
2010-11-26,0.9172137271477783,0.0,0.011642417608121536,0.0,0.07114385524409989,0.0,1.884575126298542e-16
2010-12-03,0.8197083283195288,0.0,0.004671944117745744,0.0,0.17561972756272567,0.0,3.6845923820073723e-17
2010-12-10,0.9156001393938852,0.0,0.0020703291068898916,0.0,0.08232953149922494,0.0,3.232632869915889e-16
2010-12-17,0.9515184472816641,0.0,0.0012660955107362671,0.0,0.047215457207597865,0.0,2.10619878424727e-15
2010-12-24,0.8816998195719755,0.0,0.003843284431313975,0.0,0.11445689599671038,0.0,2.464068087589513e-16
2010-12-31,0.8862717515922818,0.0,0.0023384122570194008,0.0,0.11138983615069845,0.0,8.003578719785005e-17
2011-01-07,0.9689704868998652,0.0,0.0005858390056582114,0.0,0.030443674094475782,0.0,6.442380619726464e-16
2011-01-14,0.969872735956899,0.0,0.0005476217074997517,0.0,0.029579642335559844,0.0,4.182248082182566e-14
2011-01-21,0.9634510983903812,0.0,0.0009149738591762649,0.0,0.0356339277488215,0.0,1.621021153832797e-12
2011-01-28,0.9079354739282135,0.0,0.007913838673845363,0.0,0.08415068739793787,0.0,2.9893555224640644e-15
2011-02-04,0.9119473723239173,0.0,0.002023662479395898,0.0,0.08602896519668173,0.0,5.4336425782063e-15
2011-02-11,0.9311704038488384,0.0,0.0014637044791011174,0.0,0.06736589167198805,0.0,7.270092229257454e-14
2011-02-18,0.9195595573304682,0.0,0.0018059250407001552,0.0,0.07863451762725134,0.0,1.5798777620524943e-12
2011-02-25,0.9297668265902574,0.0,0.005016477186414993,0.0,0.06521669622311171,0.0,2.1584795085216588e-13
2011-03-04,0.9760815370012588,0.0,0.0013068035113121068,0.0,0.02261165948692827,0.0,5.00615588624623e-13
2011-03-11,0.9798331400556702,0.0,0.0016025867470495874,0.0,0.01856427319317691,0.0,4.103001484729146e-12
2011-03-18,0.9932899142841012,0.0,0.005794020833291344,0.0,0.0009160647976904964,0.0,8.491681041858185e-11
2011-03-25,0.8794070277566963,0.0,0.005036508546865191,0.0,0.11555646369641145,0.0,2.703443018916784e-14
2011-04-01,0.9412746510226236,0.0,0.0016920306534717623,0.0,0.057033318323735094,0.0,1.691783546209044e-13
2011-04-08,0.9399919076193208,0.0,0.0020964092818094417,0.0,0.057911683096804986,0.0,2.0650293737683573e-12
2011-04-15,0.9042292518529504,0.0,0.0021233521306197375,0.0,0.0936473960062636,0.0,1.016630971933475e-11
2011-04-22,0.8697097848695847,0.0,0.003025260757888394,0.0,0.12726495430701218,0.0,6.55145454918002e-11
2011-04-29,0.8549089288306808,0.0,0.004111513013953562,0.0,0.14097955814994317,0.0,5.4223519489079695e-12
2011-05-06,0.9515569816576972,0.0,0.0017873485209634978,0.0,0.04665566979478185,0.0,2.655698772874967e-11
2011-05-13,0.905635323559187,0.0,0.0019352074063624732,0.0,0.09242946895356212,0.0,8.088836380108565e-11
2011-05-20,0.8628617517672967,0.0,0.003098784698012249,0.0,0.1340394631060529,0.0,4.286377289862844e-10
2011-05-27,0.8504467979395551,0.0,0.003934447145878892,0.0,0.14561875491421794,1.4990633179652e-311,3.484417298091333e-13
2011-06-03,0.9081276413016905,0.0,0.005047535425855977,0.0,0.08682482326736544,0.0,5.0874319096394565e-12
2011-06-10,0.9306654216125753,0.0,0.006979267184251644,0.0,0.06235531118482416,0.0,1.834919279442198e-11
2011-06-17,0.9750286712256093,0.0,0.02311294435953515,0.0,0.0018583842761528773,0.0,1.3870309679420684e-10
2011-06-24,0.960021674557972,0.0,0.03318033949455989,0.0,0.006797985947267499,5.581539372366338e-115,2.0051039334174143e-13
2011-07-01,0.7888956810541918,0.0,0.006085581158546749,0.0,0.20501873778708465,3.03602865930076e-171,1.7711046442130045e-13
2011-07-08,0.7743775847466913,0.0,0.006458698164766101,0.0,0.21916371708822693,3.2810322845566836e-146,3.1610295359543875e-13
2011-07-15,0.9497162298775383,0.0,0.023025994509320157,0.0,0.027257775610302428,1.003887783097493e-128,2.8383237974290295e-12
2011-07-22,0.8009816553396973,0.0,0.011820333358952863,0.0,0.18719801129826505,6.268681933381144e-134,3.0853514870014125e-12
2011-07-29,0.11552037328479181,0.0,0.884479626396549,0.0,3.1865823597315463e-10,6.2481780680993586e-21,9.736018684026185e-16
2011-08-05,0.0011176866346722782,0.0,0.9988823133653271,0.0,2.691603598037751e-23,1.3133176780161731e-19,5.929864806711522e-16
2011-08-12,0.00020464269415875687,0.0,0.9997953573058407,0.0,6.446766887676044e-28,1.9643113919616314e-20,3.7059429132734573e-16
2011-08-19,4.7959222610421666e-05,0.0,0.9999520407773892,0.0,3.4260351119494086e-32,1.2457606412988246e-23,2.6446835251405236e-16
2011-08-26,0.009301378552939802,0.0,0.9906986214470579,1.9742236184143468e-157,2.3572173059069508e-15,3.2000237422220705e-41,7.424228210121063e-17
2011-09-02,0.022613606154727326,0.0,0.9773863938220906,0.0,2.318203532185069e-11,4.27366795832961e-115,2.312180076899466e-17
2011-09-09,0.0050665993588548,0.0,0.9949334006410856,0.0,5.986257941259741e-14,2.3770852071343982e-139,2.2380904280995147e-17
2011-09-16,0.18156347626833327,0.0,0.8184328469923446,0.0,3.6767393221255413e-06,1.5713586090635866e-117,2.435416939691411e-16
2011-09-23,0.003940951519659001,0.0,0.9960590484802065,0.0,1.3422280614606616e-13,5.815305357112385e-180,1.9182129438055384e-17
2011-09-30,0.015512253109203337,0.0,0.9844877468902368,5.26686800717758e-141,5.593839048171338e-13,9.510365631148069e-60,5.554719334983548e-16
2011-10-07,0.2007485692835209,0.0,0.7992506937328699,5.9471418253928546e-130,7.369836060340072e-07,1.855638139163015e-54,3.095040181311427e-15
2011-10-14,0.7596167553409652,0.0,0.23667893332737877,8.552944597209362e-118,0.0037043113316408585,2.642064619146846e-33,1.5039633424445775e-14
2011-10-21,0.6672401291731499,0.0,0.33253088170726014,1.9635506797031685e-101,0.0002289891195282886,3.8953332709847258e-28,6.200975661147803e-14
2011-10-28,0.8440297063522612,0.0,0.11310550599106059,1.4565333874935484e-226,0.04286478765666856,2.6585329826272133e-38,9.264064104991276e-15
2011-11-04,0.5787334265733447,0.0,0.4194494118523971,0.0,0.001817161574216053,4.07835568700645e-118,4.208388014702357e-14
2011-11-11,0.6215890889436465,0.0,0.3757795900539441,0.0,0.0026313210021765726,1.6621539904292988e-97,2.330117261283689e-13
2011-11-18,0.4946936922008426,0.0,0.5044078867355587,0.0,0.0008984210627942064,1.436825004977325e-95,8.040776704919104e-13
2011-11-25,0.3242016057878376,0.0,0.6755500893885898,0.0,0.0002483047829867589,5.080519547846763e-52,4.058562769830298e-11
2011-12-02,0.7500383921631353,0.0,0.19605905510040228,1.0626690983867965e-61,0.053902552696996696,5.886066758762651e-15,3.946003914548281e-11
2011-12-09,0.7094826201792188,0.0,0.17322447028403162,1.628422173858495e-61,0.11729290946622219,2.4448314209552998e-14,7.050305158599493e-11
2011-12-16,0.600364247540956,0.0,0.15621544101416127,2.2977233619308255e-55,0.2434203114087237,1.803428350419987e-21,3.615942663336932e-11
2011-12-23,0.5683078312307526,0.0,0.1004747588310683,1.3529434272598955e-227,0.33121740993734045,5.44316673485322e-55,8.384705539242945e-13
2011-12-30,0.5830048563564749,0.0,0.14717208810051693,1.5096554789765522e-202,0.2698230555395814,2.042999189521731e-49,3.4266461747658396e-12
2012-01-06,0.27403559625499213,0.0,0.2427511505412339,0.0,0.48321325316719466,4.4322332902232433e-110,3.6579555312831074e-11
2012-01-13,0.21405465137534233,0.0,0.24346018716871334,0.0,0.542485161337504,1.0627486188648991e-98,1.184401983850972e-10
2012-01-20,0.132243928223308,0.0,0.12477386204052707,0.0,0.7429822093075469,1.0963924034193563e-70,4.2861824632206773e-10
2012-01-27,0.017006420593154624,0.0,0.054785958653853876,0.0,0.9282075811180218,2.9233540130543544e-17,3.963496918941104e-08
2012-02-03,0.0031598139281895925,0.0,0.0520095703613443,0.0,0.9448303591279034,2.217100463638598e-23,2.5658256249378004e-07
2012-02-10,0.0015262748578957043,0.0,0.062244941953429826,0.0,0.9362279731874673,6.477065491228152e-21,8.100012075277046e-07
2012-02-17,0.0005964760308939654,0.0,0.049690475988858666,0.0,0.9497115654169511,5.506903720595356e-21,1.4825632967705934e-06
2012-02-24,0.0007011263273804471,0.0,0.03961765048268747,0.0,0.9596804014982017,1.804753068786372e-33,8.216917299233297e-07
2012-03-02,0.0036369626392942778,0.0,0.05747790382024243,0.0,0.938884911677365,2.8496645902416723e-25,2.2186309807149505e-07
2012-03-09,0.001970844637751812,0.0,0.06722818390942147,0.0,0.9308004766432613,2.401669713339672e-26,4.948095654860384e-07
2012-03-16,0.0010177453719808177,0.0,0.07643529191835266,0.0,0.9225452414260746,3.4519340417558457e-23,1.7212835918041013e-06
2012-03-23,0.0002175559333613232,0.0,0.05062267484425875,0.0,0.9491545210725546,3.6830967258774605e-19,5.248149825022441e-06
2012-03-30,7.166352881941319e-06,0.0,0.02817159393041088,0.0,0.9717512658700953,4.668990006631735e-13,6.997384614523034e-05
2012-04-06,0.8595439028729857,0.0,0.010085828767608454,0.0,0.13037026835848034,2.9032867152831553e-81,9.253753097942205e-13
2012-04-13,0.8548475970686815,0.0,0.010217154953021381,0.0,0.1349352479774451,5.2979331957339456e-89,8.514593603764215e-13
2012-04-20,0.864319670331566,0.0,0.006996540784390411,0.0,0.1286837888837908,1.1557652084684313e-109,2.5323078600155073e-13
2012-04-27,0.9030373116237679,0.0,0.004392191876483807,0.0,0.09257049649971175,1.2169977487221486e-162,3.641094697128017e-14
2012-05-04,1.3535592091789075e-11,0.0,0.013958219377005185,0.0,0.9655337022205706,2.9301203281235646e-16,0.020508078388888733
2012-05-11,4.664733631720042e-12,0.0,0.015645397059553447,0.0,0.9577116455779532,1.1248179356037208e-14,0.02664295735781704
2012-05-18,3.860205848853401e-12,0.0,0.0593766348206565,0.0,0.8460381704614741,3.227253341622912e-11,0.09458519468173693
2012-05-25,4.355954122357622e-12,0.0,0.02967192690712486,0.0,0.9416642504406529,3.4012301999380718e-09,0.028663819246636312
2012-06-01,3.6198892496810293e-45,0.0,0.0002638030086144504,0.0,0.014241330124090778,2.499461038866177e-147,0.985494866867295
2012-06-08,4.998439012777978e-40,0.0,0.0001565523505366366,0.0,0.03335163380189185,1.46019332336145e-128,0.9664918138475713
2012-06-15,8.065725323751022e-36,0.0,0.0001734293501251629,0.0,0.03322329637257592,1.562785371876426e-110,0.9666032742772988
2012-06-22,8.699375878591238e-33,0.0,0.00025369566607228523,0.0,0.039873531303399,7.887696466680884e-106,0.9598727730305284
2012-06-29,4.184435201818447e-23,0.0,0.001328023533689419,0.0,0.08831842213218162,0.0,0.9103535543341287
2012-07-06,4.238145041783019e-41,0.0,8.556597297983408e-06,0.0,0.0008688826432995523,0.0,0.9991225607594026
2012-07-13,1.2903853817356374e-34,0.0,3.548668766634718e-05,0.0,0.002522467914173841,0.0,0.9974420453981602
2012-07-20,4.5024586664367e-30,0.0,0.00013305834749322752,0.0,0.006541828390592663,0.0,0.9933251132619143
2012-07-27,3.361120111632801e-33,0.0,0.0001360450320539901,0.0,0.01766094170662009,4.4016316645675e-211,0.9822030132613256
2012-08-03,8.896411392411148e-29,0.0,0.00036255775926922367,0.0,0.037828002244193644,2.756800059824379e-147,0.9618094399965368
2012-08-10,9.48024834720584e-27,0.0,0.0006361892171159234,0.0,0.05068405050666508,2.2107887830537678e-131,0.9486797602762195
2012-08-17,4.715261123813629e-25,0.0,0.0010801103757419825,0.0,0.05593932109176385,9.42132797229376e-117,0.9429805685324946
2012-08-24,4.176231603354318e-30,0.0,0.0006083974479213707,0.0,0.13834881839635635,9.309599696874625e-08,0.8610426910597252
2012-08-31,9.393459967035077e-13,0.0,0.005933916398198413,0.0,0.9679597886072403,1.0782260920368131e-281,0.02610629499362214
2012-09-07,1.0537296495733e-12,0.0,0.006011509143941132,0.0,0.9564422085911494,4.20400783092878e-308,0.03754628226385574
2012-09-14,1.0563324271605125e-12,0.0,0.006254147008941644,0.0,0.9387620657616539,0.0,0.05498378722834777
2012-09-21,1.9950131026693718e-12,0.0,0.006354180862763391,0.0,0.9497562843393967,5e-324,0.04388953479584509
2012-09-28,2.4359721319930297e-16,0.0,0.0030086465481345866,0.0,0.9221360170235368,0.0,0.07485533642832853
2012-10-05,3.152387987924503e-05,0.0,0.004681851194747824,0.0,0.9948725840131166,0.0,0.0004140409122567492
2012-10-12,0.00013854763094600848,0.0,0.0058677873225594325,0.0,0.9937962478910699,0.0,0.00019741715542451638
2012-10-19,0.0004754338109783199,0.0,0.00973387657693262,0.0,0.9896211321450503,0.0,0.00016955746703820965
2012-10-26,0.0025074441121673017,0.0,0.016308450193867213,0.0,0.9811001566046078,0.0,8.394908935781445e-05
2012-11-02,0.05284199013223189,0.0,0.015015045822250762,0.0,0.9321359914716483,0.0,6.972573869146013e-06
2012-11-09,0.09171018066652922,0.0,0.03138866535933573,0.0,0.8768922944669231,0.0,8.859507212284071e-06
2012-11-16,0.0352291793508772,0.0,0.010934394960737604,0.0,0.9538337727645334,0.0,2.6529238516904117e-06
2012-11-23,0.32014848338628654,0.0,0.011980222737833779,0.0,0.6678712761593006,0.0,1.771657912439665e-08
2012-11-30,0.004687987585984467,0.0,0.01854726344721816,0.0,0.9767611775776324,2.572824660868508e-222,3.5713891645963386e-06
2012-12-07,0.004979892417163078,0.0,0.019016880634776197,0.0,0.9760001069633142,8.86732013405223e-212,3.119984746548909e-06
2012-12-14,0.010404596058020263,0.0,0.06240214672936567,0.0,0.9271766247550692,1.1826865307088702e-238,1.6632457545082957e-05
2012-12-21,0.028500487317644506,0.0,0.21322752893496882,0.0,0.75822333510781,5.066650159839427e-231,4.864863957621296e-05
2012-12-28,0.0858078772400569,0.0,0.9141916084282411,0.0,8.778983696940162e-08,4.044456015885077e-71,4.2654186482657037e-07
2013-01-04,0.3755926828630385,0.0,0.02444107788743314,0.0,0.5999662374501533,1.5541094139081013e-90,1.7993748219271783e-09
2013-01-11,0.2963439412730265,0.0,0.0240500528465265,0.0,0.6796060012319135,6.4416783365337824e-111,4.64853303282957e-09
2013-01-18,0.4399114293228623,0.0,0.042043101933389906,0.0,0.5180454620365644,3.4393329866770147e-97,6.707183707762336e-09
2013-01-25,0.3176899784805099,0.0,0.026669409908007723,0.0,0.6556406088905943,1.695770863068868e-80,2.720888232421161e-09
2013-02-01,0.3079729615422032,0.0,0.02075703918930583,0.0,0.6712699969249493,4.9327276247639e-105,2.343541923973732e-09
2013-02-08,0.3018635465070813,0.0,0.0243337778518892,0.0,0.6738026735022585,3.0297785651452307e-77,2.138770958650107e-09
2013-02-15,0.33636757269794476,0.0,0.033540564593567176,0.0,0.6300918593262662,1.600716709534084e-70,3.3822218287351284e-09
2013-02-22,0.09590891133886564,0.0,0.026902421226603055,0.0,0.8771886388804614,9.477512203901845e-93,2.855406960572086e-08
2013-03-01,0.8763765021878198,0.0,0.007342817886215454,0.0,0.11628067991757395,2.5065007996937822e-177,8.390518258279118e-12
2013-03-08,0.9373110007694004,0.0,0.007729362553121311,0.0,0.05495963666763157,5.071277454578956e-167,9.846722742014888e-12
2013-03-15,0.952384035898557,0.0,0.011007020825372789,0.0,0.036608943232431454,6.526839920383268e-178,4.3639009110749746e-11
2013-03-22,0.7553798910005696,0.0,0.01200376474667234,0.0,0.23261634413579688,1.1064577793557388e-159,1.1696139032876238e-10
2013-03-29,0.8494805731518089,0.0,0.015333440775877429,0.0,0.13518598602034568,1.7631987469669395e-118,5.196755053919599e-11
2013-04-05,0.048360064354638535,0.0,0.038178819510707784,0.0,0.9134610584085844,3.5217441140300114e-53,5.772606923210221e-08
2013-04-12,0.07721054413013817,0.0,0.05907896034071673,0.0,0.8637103942288926,1.1620397802300282e-60,1.0130025235470433e-07
2013-04-19,0.05045236774763031,0.0,0.05237269731960163,0.0,0.897174839860363,1.1030673479111272e-51,9.507240519917704e-08
2013-04-26,0.04463903435633847,0.0,0.03550388767057136,0.0,0.9198570178205928,2.0671985698030799e-53,6.015249763378103e-08
2013-05-03,9.878750417700394e-06,0.0,0.02574846450974184,0.0,0.9741918096920124,2.8440389841131945e-12,4.984704498401528e-05
2013-05-10,1.5481232861830343e-05,0.0,0.04831414575974237,0.0,0.951623798504899,8.679655423817427e-13,4.6574501628936724e-05
2013-05-17,2.9429427596582595e-05,0.0,0.11541796626465471,0.0,0.8845044012236374,4.840909677366685e-17,4.820308411085681e-05
2013-05-24,0.0001543408457078999,0.0,0.0699120390076201,0.0,0.929928940307524,1.8189530529740005e-34,4.6798391481376935e-06
2013-05-31,0.0053627810216641675,0.0,0.5323933929726407,0.0,0.4622358378304011,1.349977421215452e-14,7.988175280611376e-06
2013-06-07,0.0016927574546647943,0.0,0.13665740986130187,0.0,0.8616392296994846,1.4959619940365676e-10,1.0602834952372291e-05
2013-06-14,0.00280173041166046,0.0,0.9905997516221822,0.0,0.006472601877541461,4.160569846279629e-11,0.0001259160470105263
2013-06-21,0.0005599418599132009,0.0,0.9993940414984398,0.0,6.702058320305195e-06,2.2979574180607993e-08,3.929160375242942e-05
2013-06-28,0.00027978862429840035,0.0,0.8954878234212036,2.23044367033e-313,0.10376123430538811,1.3666605279549683e-07,0.00047101698305703377
2013-07-05,6.860196351547331e-05,0.0,0.12014469102982867,0.0,0.879752422788454,6.265170340951304e-11,3.428415555069621e-05
2013-07-12,1.69963385653198e-05,0.0,0.03383742763756466,0.0,0.9661061668590293,4.093724678750387e-11,3.940912390384269e-05
2013-07-19,1.1587481559334395e-05,0.0,0.033009682730788754,0.0,0.966920720772819,1.3948448804074414e-12,5.800901343780184e-05
2013-07-26,2.2050520821289544e-08,0.0,0.012890021631366244,7.658040977501914e-154,0.9852061300200367,7.661716384483632e-62,0.0019038262980760785
2013-08-02,1.1466026415030864e-08,0.0,0.019616609911414506,1.107264737229149e-225,0.9766765312802709,1.5737588536413941e-52,0.003706847342288364
2013-08-09,1.6630635646807568e-09,0.0,0.013892979117746153,0.0,0.9787787711436968,6.397929457883353e-57,0.007328248075493071
2013-08-16,4.625827759569276e-10,0.0,0.03393501278256707,0.0,0.9331055678228253,5.064114508901195e-46,0.03295941893202524
2013-08-23,6.933577788775378e-11,0.0,0.021172350534139905,0.0,0.9469288109142953,1.8775064794776415e-22,0.03189883848222947
2013-08-30,2.0671618066685693e-10,0.0,0.5545696692027553,0.0,0.01538658081341407,3.930173456759158e-12,0.43004374977318377
2013-09-06,1.9159339540241886e-09,0.0,0.3340196800012977,0.0,0.48316598397761484,1.9871058317803256e-18,0.1828143341051537
2013-09-13,5.84370274285679e-11,0.0,0.024539738765077066,0.0,0.9335814697041847,2.1681043625027553e-29,0.04187879147230149
2013-09-20,5.651003322724294e-12,0.0,0.011269724527409666,0.0,0.938862029277941,9.659458055427916e-47,0.04986824618899808
2013-09-27,6.360844460618392e-12,0.0,0.13129271662685219,0.0,0.1826506355539439,3.3380135440526076e-46,0.6860566478128428
2013-10-04,1.0541452338029371e-13,0.0,0.10934498715401382,0.0,0.0019917848338281466,2.9558944196799364e-44,0.8886632280120528
2013-10-11,1.738129170558164e-13,0.0,0.07939936216902467,0.0,0.06582804486587396,7.834128198696912e-45,0.8547725929649276
2013-10-18,4.499395560285963e-14,0.0,0.011090336978964187,0.0,0.7771027085394816,2.0782731004327886e-68,0.21180695448150957
2013-10-25,6.045377251807472e-14,0.0,0.014328006868813364,0.0,0.7181814789038795,1.7010147318312814e-84,0.26749051422724685
2013-11-01,5.889654866634665e-15,0.0,0.008873422032249507,0.0,0.7690589771534234,3.732437882232549e-47,0.22206760081432173
2013-11-08,7.269849594094692e-15,0.0,0.007178302068227073,0.0,0.8422210251980233,2.02383859351122e-45,0.15060067273374253
2013-11-15,6.826315498501161e-15,0.0,0.006611240832927236,0.0,0.8367530537532177,1.3008936038626122e-61,0.15663570541384766
2013-11-22,9.613185284074055e-15,0.0,0.006667951677970788,0.0,0.8422737083661085,1.3397186016913668e-70,0.15105833995591122
2013-11-29,1.0790576081375211e-13,0.0,0.02038757416671752,0.0,0.7018697378401177,1.634188166754707e-56,0.2777426879930572
2013-12-06,8.480286196359864e-18,0.0,0.008799073473284355,0.0,0.2293508069476777,2.155559648423783e-31,0.7618501195790377
2013-12-13,1.9665665482286192e-17,0.0,0.02477259205423363,0.0,0.001474302016688632,3.0828465528003538e-34,0.9737531059290775
2013-12-20,3.244249187964069e-17,0.0,0.01072674344166313,0.0,0.27378997297493557,4.875981482476736e-33,0.7154832835834016
2013-12-27,9.091727361052382e-18,0.0,0.004444883392284835,0.0,0.5786640510765694,3.047013953755487e-50,0.41689106553114563
2014-01-03,0.016702267602786047,0.0,0.07056560284371628,0.0,0.9126768781961032,0.0,5.5251357394430656e-05
2014-01-10,0.003700582874057682,0.0,0.012122261461128611,0.0,0.9841661113444761,0.0,1.104432033791553e-05
2014-01-17,0.004120815114316741,0.0,0.011830171986630781,0.0,0.9840418851256832,0.0,7.127773369051452e-06
2014-01-24,0.0021105639153545367,0.0,0.9977476206207251,0.0,3.95619939682345e-11,0.0,0.00014181542435816747
2014-01-31,0.9614213866875536,0.0,0.03857861322207482,0.0,1.2086699257143687e-11,0.0,7.828472873025459e-11
2014-02-07,0.9963670908780777,0.0,0.0032806054100068616,0.0,0.0003523035477370538,0.0,1.6417826044717107e-10
2014-02-14,0.9558545642225384,0.0,0.00258766292878893,0.0,0.04155777217701567,0.0,6.716565886183448e-10
2014-02-21,0.9869112587742618,0.0,0.007128508452279012,0.0,0.005960229467102603,0.0,3.3063565642166025e-09
2014-02-28,0.9968448874200446,0.0,0.00047356961207251747,0.0,0.0026815429678526442,0.0,3.058300144943786e-14
2014-03-07,0.9973572535088806,0.0,0.0004977651948671331,0.0,0.002144981296011064,0.0,2.4158137757472073e-13
2014-03-14,0.9805613877080429,0.0,0.0194386121182809,0.0,1.592243123196473e-10,0.0,1.4451615850183605e-11
2014-03-21,0.998515544567506,0.0,0.0009390210420420432,0.0,0.0005454343857529859,0.0,4.699365850398636e-12
2014-03-28,0.9874773880696794,0.0,0.0032843033455319665,0.0,0.009238308584760595,0.0,2.832652803864845e-14
2014-04-04,0.977364423384757,0.0,0.0018798046849778343,0.0,0.020755771930262068,0.0,3.417867344305576e-15
2014-04-11,0.9745689645686226,0.0,0.025430831947895086,0.0,2.0348242588028804e-07,0.0,1.0563321491189137e-12
2014-04-18,0.9592922300967149,0.0,0.0013216447320130718,0.0,0.03938612517060153,0.0,6.701700427309914e-13
2014-04-25,0.9636562086027076,0.0,0.004944520462084608,0.0,0.03139927093514532,0.0,6.310403457158093e-14
2014-05-02,0.903798062437708,0.0,0.0026883916030333334,0.0,0.09351354595911272,0.0,1.4650093708385724e-13
2014-05-09,0.897203636578866,0.0,0.0025946417267962703,0.0,0.10020172169377774,0.0,5.599273344481847e-13
2014-05-16,0.8830932353321848,0.0,0.0026442868066646123,0.0,0.1142624778592117,0.0,1.9392609594464794e-12
2014-05-23,0.9323825164324127,0.0,0.005950473607466751,0.0,0.06166700996011712,1.5899113087967193e-149,3.838989610342875e-15
2014-05-30,0.9130186383647229,0.0,0.005891792277545934,0.0,0.0810895693577168,2.5675321987250594e-138,1.4715338407746563e-14
2014-06-06,0.9092525362948111,0.0,0.01366150405658217,0.0,0.07708595964792712,2.276484484421611e-55,6.792211245928914e-13
2014-06-13,0.6513858205292785,0.0,0.01278791681993935,0.0,0.33582626264936727,1.2976804559705376e-42,1.4150819655580302e-12
2014-06-20,0.8452557420640775,0.0,0.016340212681815302,0.0,0.13840404525214084,3.7077806439094833e-44,1.9661038136448923e-12
2014-06-27,0.7091571387793018,0.0,0.014557080175399006,0.0,0.27628578104520257,1.135557891384484e-23,9.673778420214328e-14
2014-07-04,0.8390318981047129,0.0,0.02620668541822031,5.297077538188982e-127,0.1347614164766327,1.3262299581913866e-23,4.3400703854157937e-13
2014-07-11,0.4706350719145234,0.0,0.02025243640175307,3.795058516340888e-96,0.5091124916825325,1.3796152507177937e-20,1.1907126346436852e-12
2014-07-18,0.46064842279830204,0.0,0.025158550974552087,1.903350386429798e-100,0.5141930262257025,1.088735428159195e-22,1.4432598553676961e-12
2014-07-25,0.49764815832236337,0.0,0.04765251999195161,5.632799760406219e-142,0.45469932168432237,9.849580820057641e-33,1.3627035426300518e-12
2014-08-01,0.1889483214024442,0.0,0.8110432612365424,0.0,8.417298033553529e-06,2.078588578125694e-54,6.297977293563287e-11
2014-08-08,0.4037575152986405,0.0,0.591287177733574,0.0,0.004955306831457873,6.075820312746025e-52,1.3632758491184912e-10
2014-08-15,0.29733775256992406,0.0,0.11232284677343446,0.0,0.5903394005954224,2.4481403712916815e-50,6.121893552824817e-11
2014-08-22,0.5255674677315755,0.0,0.31560581666787674,0.0,0.1588267155694411,1.0839409230075408e-82,3.110639885893322e-11
2014-08-29,0.23426414846673174,0.0,0.4099941932883988,8.955928640084441e-87,0.3557416564779932,8.532169656031025e-42,1.7668762784547222e-09
2014-09-05,0.03301745372912065,0.0,0.8255027364038001,0.0,0.1414798007511064,5.679749729601621e-106,9.115973088071958e-09
2014-09-12,0.017185126324233514,0.0,0.7094297404118725,0.0,0.273385109589243,3.596706963883642e-95,2.3674651131926033e-08
2014-09-19,0.01663158035751652,0.0,0.7143857245323562,0.0,0.26898265028496365,1.0668655428419868e-88,4.4825163508468566e-08
2014-09-26,0.0035573272105872042,0.0,0.9333754914278871,0.0,0.06306679286230403,3.0121993450575355e-60,3.8849922168975274e-07
2014-10-03,0.00032125150610679915,0.0,0.89340613879204,0.0,0.10626971364000166,2.8493564961478426e-93,2.896061851378194e-06
2014-10-10,7.141658241418585e-07,0.0,0.9999980141371966,0.0,1.011174615870296e-16,7.291240214529017e-63,1.271696979389662e-06
2014-10-17,7.675114166566924e-07,0.0,0.9999928914924126,0.0,1.3054685259408755e-15,1.6026699133004215e-44,6.340996169867067e-06
2014-10-24,2.8594469741622076e-05,0.0,0.9467780585403323,0.0,0.05289698809773157,1.1292483837763767e-28,0.00029635889219416277
2014-10-31,1.0247087006678702e-12,0.0,0.1738592788259682,0.0,0.7175093330657937,6.665777104218559e-222,0.1086313881072135
2014-11-07,1.753703644435934e-13,0.0,0.09989930062429475,0.0,0.7975958920163391,4.165404134050252e-208,0.10250480735919072
2014-11-14,3.290769014169763e-14,0.0,0.06754354235992342,0.0,0.7734236199661481,1.4495203763408778e-178,0.1590328376738954
2014-11-21,6.9963128759716705e-15,0.0,0.05589083636384027,0.0,0.7494747356674545,1.9389043628656907e-169,0.19463442796869818
2014-11-28,7.465895307340206e-17,0.0,0.029494608326729566,0.0,0.5816333929161231,1.0181125893725389e-103,0.3888719987571477
2014-12-05,9.545114459347224e-29,0.0,0.000625999155308619,0.0,0.01972053333630418,3.196940109767381e-306,0.9796534675083877
2014-12-12,7.299767056582325e-29,0.0,0.011119403058811136,0.0,7.797472281008204e-12,1.2111050487710298e-259,0.9888805969333916
2014-12-19,1.4749798694388056e-28,0.0,0.0014020333493830637,0.0,0.0004895991255937461,7.350088799291744e-243,0.9981083675250232
2014-12-26,1.7742699474348915e-29,0.0,0.0007907463319667558,0.0,0.016721470599544187,2.5584530690858326e-180,0.982487783068489
2015-01-02,2.567967469081638e-47,0.0,6.558842348716578e-05,0.0,2.451114257258827e-06,0.0,0.9999319604622554
2015-01-09,1.2683963277960433e-40,0.0,0.00011873314810479106,0.0,9.406050298913798e-06,0.0,0.9998718608015962
2015-01-16,5.3506127022129825e-36,0.0,0.001085202807170298,0.0,6.415969944570831e-10,0.0,0.9989147965512326
2015-01-23,3.102428714747934e-36,0.0,0.0005685338581501621,0.0,0.0009317589655004621,2.2005033872690223e-223,0.9984997071763491
2015-01-30,7.135772618493356e-33,0.0,0.004802906599724513,0.0,7.037826838846919e-09,1.8549860968924377e-188,0.9951970863624486
2015-02-06,9.377755422689261e-49,0.0,1.652942766995223e-05,0.0,1.29403904437382e-05,0.0,0.9999705301818861
2015-02-13,1.1219666833593786e-40,0.0,2.2981313570594758e-05,0.0,0.0010076095742546421,0.0,0.9989694091121746
2015-02-20,2.43646949627916e-35,0.0,6.243659953744986e-05,0.0,0.0030195035419400052,0.0,0.9969180598585223
2015-02-27,4.718624648592273e-34,0.0,0.00013280120258955696,0.0,0.011791213818467578,2.7729018e-316,0.9880759849789427
2015-03-06,8.099369321838865e-33,0.0,0.00020837500889019813,0.0,0.0031446476688420013,0.0,0.9966469773222679
2015-03-13,1.5916732121537888e-29,0.0,0.0006979056330017557,0.0,0.002230477386380714,0.0,0.9970716169806172
2015-03-20,4.1413744306445454e-27,0.0,0.0006572108853713684,0.0,0.037363401267565925,4.768508203510645e-293,0.9619793878470628
2015-03-27,4.595466390825481e-30,0.0,0.0008251217333520083,0.0,0.02051539461040389,9.300414753298654e-83,0.9786594836562442
2015-04-03,4.042036999311247e-28,0.0,0.00107590592955618,0.0,0.03932524977656854,5.0829992061584825e-73,0.9595988442938752
2015-04-10,2.001689344749724e-26,0.0,0.0013390082169097467,0.0,0.11764888149288956,2.2871689271788333e-71,0.8810121102902008
2015-04-17,5.532157025068429e-25,0.0,0.0018120442574839112,0.0,0.11027094163026592,1.9251049646771536e-54,0.8879170141122504
2015-04-24,7.873425591502066e-24,0.0,0.0018568238299445682,0.0,0.19951416608452005,3.3734842249142266e-45,0.7986290100855356
2015-05-01,1.5165111906453929e-34,0.0,0.0008743208406695375,0.0,0.3395399947864205,3.480795504540878e-23,0.6595856843729099
2015-05-08,5.270361371704015e-33,0.0,0.0009567966695734899,0.0,0.33052927852585556,7.201336786847908e-29,0.668513924804571
2015-05-15,8.25264460748635e-32,0.0,0.0008916583060402017,0.0,0.3293482819803862,2.0384464565664262e-39,0.6697600597135737
2015-05-22,1.8929554361750906e-30,0.0,0.0011056718649909664,0.0,0.3589771577957181,8.412917704168414e-36,0.6399171703392906
2015-05-29,1.7975942324903344e-31,0.0,0.001963351267307107,0.0,0.4690335025936366,4.325740437039678e-80,0.5290031461390562
2015-06-05,2.7712393917754554e-29,0.0,0.003054801220841697,0.0,0.6465893248045244,2.465244361225019e-209,0.3503558739746337
2015-06-12,1.1360025755139815e-28,0.0,0.0023404370491798008,0.0,0.6652317944495844,8.892390974528555e-225,0.33242776850123595
2015-06-19,6.314283427401227e-28,0.0,0.0026486323814358752,0.0,0.6126788324529493,1.1408965927167719e-235,0.3846725351656147
2015-06-26,3.795462114775568e-27,0.0,0.002737007069891488,0.0,0.650240480862386,2.164091618092484e-227,0.3470225120677226
2015-07-03,3.0406582717936077e-25,0.0,0.02349479849328324,0.0,0.05627114930424756,1.9981979673375663e-267,0.9202340522024692
2015-07-10,1.5081420929516637e-24,0.0,0.02314099942676616,0.0,0.05554474322517894,2.802274340765116e-265,0.9213142573480546
2015-07-17,1.3270605366426543e-24,0.0,0.002624907742784186,0.0,0.7270102305509484,2.1737737531011024e-255,0.27036486170626783
2015-07-24,6.2557129733008355e-27,0.0,0.0017873277593391898,0.0,0.8849952450443664,0.0,0.11321742719629435
2015-07-31,8.972099533474763e-27,0.0,0.0018533703311195769,0.0,0.7885343932599572,9.92251891525e-312,0.2096122364089235
2015-08-07,7.037711128018395e-26,0.0,0.0019590751788045526,0.0,0.8202060081820028,5.9717171035533645e-298,0.17783491663919213
2015-08-14,3.146926411185861e-25,0.0,0.0018051974695868134,0.0,0.7979513957348626,3.0942728042819615e-302,0.20024340679555083
2015-08-21,8.919252723986459e-25,0.0,0.9241075188723006,0.0,2.80808749674471e-22,8.099103732659559e-299,0.07589248112769922
2015-08-28,1.1729579947916814e-20,0.0,0.4874609002070229,0.0,1.319841158073933e-13,2.2142962507679574e-159,0.512539099792845
2015-09-04,9.456841079227304e-22,0.0,0.39619886905746066,0.0,2.0862468065369375e-14,4.682891186784045e-82,0.6038011309425186
2015-09-11,4.539126820050312e-21,0.0,0.0596844803752729,0.0,7.548949623396238e-07,8.787690166343169e-94,0.9403147647297644
2015-09-18,1.2608399096356874e-20,0.0,0.04179997756696852,0.0,1.5176552557117108e-05,1.016198667754631e-99,0.958184845880474
2015-09-25,3.2317723952232613e-19,0.0,0.07729353148023352,0.0,2.771835153817967e-06,3.118566877614746e-66,0.9227036966846129
2015-10-02,2.9005027271408356e-22,0.0,0.010139720202604573,0.0,0.00032764841472631074,9.358234255771833e-08,0.9895325378003265
2015-10-09,6.296704688672887e-22,0.0,0.0045143884663942984,0.0,0.05382868410914286,8.281258187366492e-12,0.9416569274161818
2015-10-16,1.085390418796886e-21,0.0,0.0030960570976279874,0.0,0.21383927335847672,7.98524100303399e-15,0.7830646695438878
2015-10-23,1.3963447361951062e-22,0.0,0.0027867619983772615,0.0,0.36370492973092833,3.4809556063711725e-19,0.6335083082706942
2015-10-30,4.4928745823582565e-22,0.0,0.003474151455050232,0.0,0.32053739150596144,2.1202270382533243e-20,0.6759884570389881
2015-11-06,1.199452380914712e-22,0.0,0.003252700417636375,0.0,0.3864719532703726,7.748343943024927e-08,0.6102752688285514
2015-11-13,4.806558788955503e-22,0.0,0.01348975078896046,0.0,0.003814166172088521,9.195887859812742e-06,0.9826868871510908
2015-11-20,5.607256608990896e-22,0.0,0.004761346697059268,0.0,0.35842028065524756,1.611212250195963e-07,0.6368182115264686
2015-11-27,3.335525726360218e-24,0.0,0.0034628273494318523,0.0,0.4412413141006934,9.633025905573821e-24,0.5552958585498746
2015-12-04,1.6220459902892015e-26,0.0,0.0015485599926612639,0.0,0.25775438178619386,2.3769912098303455e-12,0.7406970582187677
2015-12-11,3.848439933362494e-26,0.0,0.018729580777576874,0.0,1.4983919394209335e-07,4.123761476425408e-13,0.9812702693828165
2015-12-18,5.316841400097322e-26,0.0,0.006754151599184848,0.0,0.0014556277133011533,5.949716240409878e-09,0.991790214737798
2015-12-25,3.0380186453055502e-31,0.0,0.0018701661149651883,0.0,0.3843705558410982,8.852489426596086e-87,0.6137592780439369
2016-01-01,2.914419574088751e-35,0.0,0.002542929714347245,0.0,0.06395157819558822,1.7105468931815615e-20,0.9335054920900645
2016-01-08,3.483286018754306e-34,0.0,0.03731097075071968,0.0,5.983678663165531e-09,3.109060089376476e-19,0.9626890232656018
2016-01-15,1.4376565138935635e-33,0.0,0.030840691734611222,0.0,3.641054129409352e-08,1.3884420814227506e-15,0.969159271854846
2016-01-22,2.2296224758541067e-33,0.0,0.006936158114195718,0.0,0.0012407965656393008,9.067691361407093e-13,0.991823045319258
2016-01-29,6.80719930562535e-35,0.0,0.005212749942866655,0.0,0.03127865726115088,1.9981424576939373e-25,0.9635085927959823
2016-02-05,1.8089455743235832e-38,0.0,0.005146726521388174,0.0,2.743212897973555e-05,9.345164469427093e-16,0.994825841349631
2016-02-12,7.428041584850833e-36,0.0,0.007862615414995227,0.0,2.0766437616813063e-07,4.391250753368844e-25,0.9921371769206283
2016-02-19,1.5128173034592604e-33,0.0,0.0016692664286643252,0.0,0.0017506781760679483,1.0696228196137667e-17,0.9965800553952682
2016-02-26,1.90834961633401e-33,0.0,0.002231293465938656,0.0,0.02202533211986426,7.014811952260085e-24,0.9757433744141967
2016-03-04,7.261847061477657e-36,0.0,0.0005139228464021429,0.0,0.057819085401805054,4.724372086402685e-07,0.9416665193145844
2016-03-11,4.726826700008798e-33,0.0,0.0005174158530509106,0.0,0.03997572523557957,6.379475563971078e-10,0.9595068582734219
2016-03-18,1.3994916864229215e-30,0.0,0.00047759944134658676,0.0,0.07223746101412053,4.813131831229907e-15,0.9272849395445283
2016-03-25,1.7162338173262294e-32,0.0,0.0006746720075858165,0.0,0.1524744951465226,5.399839117380549e-36,0.8468508328458912
2016-04-01,5.538665965654597e-30,0.0,0.0009034337714040567,0.0,0.1590049132400006,6.822013028636259e-91,0.8400916529885954
2016-04-08,2.04685644216748e-28,0.0,0.0013827701481517074,0.0,0.0782068502483332,9.859534921112302e-93,0.9204103796035152
2016-04-15,4.141783573623215e-27,0.0,0.0010933809076540172,0.0,0.17268281932083546,3.6481183165450316e-78,0.8262237997715104
2016-04-22,8.38900942407037e-26,0.0,0.001143740785178934,0.0,0.2184066005897257,2.065468992509644e-65,0.7804496586250956
2016-04-29,7.507339586090878e-29,0.0,0.0027311998833414483,0.0,0.07010242183999273,1.592743390785129e-235,0.927166378276666
2016-05-06,1.4110488838172209e-27,0.0,0.0020309544621486065,0.0,0.18678651541755342,1.1047858419513853e-226,0.8111825301202981
2016-05-13,1.6416587917886005e-26,0.0,0.0020002302638460344,0.0,0.22811608420794632,4.955722971559708e-203,0.7698836855282081
2016-05-20,1.691844187979851e-25,0.0,0.0019806743877979387,0.0,0.29946688954660844,3.1596878144670787e-178,0.6985524360655939
2016-05-27,3.841490876062925e-29,0.0,0.001548834953225639,0.0,0.5718906229664755,0.0,0.42656054208029925
2016-06-03,6.194005059874514e-27,0.0,0.0027410888475904245,0.0,0.5685020339524108,0.0,0.42875687719999844
2016-06-10,1.5914067109287078e-25,0.0,0.00680343403882761,0.0,0.30981773358258496,0.0,0.6833788323785871
2016-06-17,1.401758970893801e-24,0.0,0.014591454492016619,0.0,0.03130346378763861,0.0,0.9541050817203447
2016-06-24,4.092104663921717e-22,0.0,0.06864409205874415,0.0,2.56975615028018e-06,0.0,0.9313533381851056
2016-07-01,1.3147797146957968e-19,0.0,0.0029291605483347037,0.0,0.8280809638969348,0.0,0.16898987555473105
2016-07-08,1.032093466214482e-18,0.0,0.0025895023659272326,0.0,0.8727299414207954,0.0,0.12468055621327706
2016-07-15,8.614389043574131e-18,0.0,0.003064585299104085,0.0,0.8798036539304935,0.0,0.11713176077040278
2016-07-22,6.306830270596057e-17,0.0,0.004275661092485865,0.0,0.8949860161687699,0.0,0.10073832273874413
2016-07-29,2.285848375648133e-16,0.0,0.004338160672998711,0.0,0.8376999400830619,0.0,0.15796189924393889
2016-08-05,1.4088399157998347e-14,0.0,0.005525478596919336,0.0,0.9008608494627883,0.0,0.09361367194027803
2016-08-12,6.372727229334873e-14,0.0,0.005436951368499798,0.0,0.9136092486042726,0.0,0.0809538000271637
2016-08-19,2.670627981884333e-13,0.0,0.006644194102621064,0.0,0.8931612000338947,0.0,0.10019460586321687
2016-08-26,1.9454025192374105e-10,0.0,0.007015935688622078,0.0,0.9769149147019576,0.0,0.01606914941488014
2016-09-02,7.60159178881545e-11,0.0,0.007356973701956866,0.0,0.973060919072238,0.0,0.019582107149788957
2016-09-09,2.969211182693829e-09,0.0,0.10532512608832544,0.0,0.748563182521686,0.0,0.14611168842077774
2016-09-16,4.125104416582609e-09,0.0,0.016512729241387424,0.0,0.9707802095316759,2.67e-322,0.012707057101831903
2016-09-23,7.217437642408957e-07,0.0,0.011446359326047153,0.0,0.9878040139834834,7.083801607205708e-200,0.0007489049467049087
2016-09-30,0.00024422551549631056,0.0,0.014786887801123418,0.0,0.9849250508902319,3.8984155007052627e-274,4.383579314811298e-05
2016-10-07,0.0006781250967856719,0.0,0.01558954562439706,0.0,0.9837176087635021,1.7660774826825898e-234,1.4720515315250135e-05
2016-10-14,0.00529195480722615,0.0,0.059832113398817624,0.0,0.9348649019436139,6.540886418217545e-184,1.1029850342300887e-05
2016-10-21,0.007030037765354025,0.0,0.02531373071698438,0.0,0.9676548377470121,2.824577746165351e-168,1.3937706493807636e-06
2016-10-28,0.04813871835131443,0.0,0.07704540580410543,0.0,0.8748147894557213,3.350122404705952e-141,1.0863888582225068e-06
2016-11-04,0.5990799017703414,0.0,0.4007985968830242,0.0,0.00012129020341321948,4.659999813580256e-215,2.111432216094572e-07
2016-11-11,0.4781827865520084,0.0,0.02209080291132722,0.0,0.4997264074860951,4.064067527419394e-174,3.050569390694402e-09
2016-11-18,0.8441172873093665,0.0,0.025332800129276047,0.0,0.1305499123802738,2.9010269854499603e-125,1.8108333109231623e-10
2016-11-25,0.8717254087621553,0.0,0.023145094459596616,0.0,0.10512949654908711,6.394628905090362e-149,2.2916122265589894e-10
2016-12-02,0.8607225798289442,0.0,0.011488454242577134,0.0,0.12778896585708852,1.6038646382972524e-181,7.138978216564046e-11
2016-12-09,0.9311462226177293,0.0,0.011469082453593465,0.0,0.057384694890681605,5.578996729766044e-169,3.7995946676596005e-11
2016-12-16,0.9429634502046105,0.0,0.012895213569448744,0.0,0.04414133620589839,1.8259648042549505e-146,2.0042171568809216e-11
2016-12-23,0.9564634157724096,0.0,0.012659955652472922,0.0,0.030876628572285438,6.785926066960398e-99,2.832060938219543e-12
2016-12-30,0.8601540491234104,0.0,0.0175364496790876,0.0,0.12230950117850735,5.472979370023235e-99,1.8995146748011533e-11
2017-01-06,0.9891086711814322,0.0,0.001654345839188201,0.0,0.00923698297937951,0.0,4.456158234518643e-19
2017-01-13,0.9904390542973396,0.0,0.000815091944249795,0.0,0.00874585375841053,0.0,2.6986179137877557e-17
2017-01-20,0.9876720058205477,0.0,0.0006842575529599495,0.0,0.011643736626491343,0.0,6.632219706020278e-16
2017-01-27,0.9870119329927325,0.0,0.0010428316788234928,0.0,0.011945235328442591,0.0,1.5629762022503613e-15
2017-02-03,0.9850303462971141,0.0,0.0005498089119042478,0.0,0.014419844790981209,0.0,5.925806655015048e-18
2017-02-10,0.9949582410670603,0.0,0.00023919654092054667,0.0,0.004802562392019031,0.0,1.0162153511483565e-16
2017-02-17,0.9928605513212254,0.0,0.0002326355455050481,0.0,0.006906813133267111,0.0,2.677162660526559e-15
2017-02-24,0.9896734381216553,0.0,0.0003450778978148831,0.0,0.009981483980511385,0.0,1.8854317543658054e-14
2017-03-03,0.9949948507544804,0.0,0.00017102420423373963,0.0,0.0048341250412737395,0.0,1.1969469752789926e-14
2017-03-10,0.9881347344752799,0.0,0.0002786400522223877,0.0,0.011586625472261565,0.0,2.3625327499253316e-13
2017-03-17,0.9730138555211444,0.0,0.000491401733398914,0.0,0.026494742740963223,0.0,4.493652042404065e-12
2017-03-24,0.9633317335902364,0.0,0.0012576135863517903,0.0,0.035410652762745715,0.0,6.066590606131042e-11
2017-03-31,0.9311838812960574,0.0,0.004629316730355652,0.0,0.06418680197356019,2.489031039023453e-183,2.6967832547907194e-14
2017-04-07,0.9425163006349315,0.0,0.005898258230387461,0.0,0.05158544113460095,2.7102763709072795e-161,7.988546610387002e-14
2017-04-14,0.9745237128885549,0.0,0.02437955992214142,0.0,0.0010967271880694862,5.215355597514645e-155,1.2338572601378317e-12
2017-04-21,0.9701387403830545,0.0,0.015426764967731531,0.0,0.014434494646331921,1.2619573018847448e-157,2.8825091456621598e-12
2017-04-28,0.6248692726994931,0.0,0.02591516141228354,0.0,0.3492155658882236,8.831435630931748e-21,4.225486975320209e-17
2017-05-05,0.7052183957525164,0.0,0.016369683741395143,0.0,0.2784119205060887,3.40105074366409e-48,8.271781681667786e-17
2017-05-12,0.7441619629668101,0.0,0.01605086810145705,0.0,0.23978716893173252,3.780099182319606e-40,1.5802433628017478e-16
2017-05-19,0.7624978448317778,0.0,0.02025496856377155,0.0,0.21724718660444875,3.535122612321436e-48,1.7114755308664655e-15
2017-05-26,0.538660671465709,0.0,0.023424572649785647,0.0,0.43791475588450524,4.316654521666211e-23,1.7563279393138972e-17
2017-06-02,0.47832771924645306,0.0,0.022520950443657876,0.0,0.4991513303098892,2.3095872058469897e-62,1.1307723587272795e-16
2017-06-09,0.4934667866977136,0.0,0.02576616858076258,0.0,0.4807670447215232,5.1281423535299534e-55,7.913335874977919e-16
2017-06-16,0.5092870597416193,0.0,0.021562766035799964,0.0,0.46915017422257704,4.8330057801439775e-46,3.4373157079410375e-15
2017-06-23,0.5429577726801267,0.0,0.017912032083478923,1.0233105860821776e-181,0.4391301952363417,7.063841923898592e-30,5.241560166806962e-14
2017-06-30,0.5813252182080605,0.0,0.02518831775815723,1.5115000582682288e-217,0.3934864640330561,9.111431914399949e-26,7.261703581840767e-13
2017-07-07,0.5410718927726077,0.0,0.027427115032616314,4.224683441967833e-195,0.4315009921924209,1.147334103266777e-23,2.3546285863929666e-12
2017-07-14,0.44371974903667294,0.0,0.016511548267134534,5.962773584330677e-184,0.5397687026920899,7.0330671948425825e-25,4.102827276150204e-12
2017-07-21,0.40857881716706346,0.0,0.017305548814638846,2.933933149720019e-169,0.5741156340024405,2.6493729977542035e-27,1.585744791364322e-11
2017-07-28,0.5158715926037717,0.0,0.0203158281131841,0.0,0.4638125792808188,7.502210984772665e-32,2.2254751760995653e-12
2017-08-04,0.47887521310320946,0.0,0.018037701737366317,2.2135995481720194e-228,0.5030870851556261,8.521466772263829e-27,3.798128358971708e-12
2017-08-11,0.535410275724923,0.0,0.4645866462042537,1.499594224195703e-189,3.0778279743312035e-06,9.17562253524955e-24,2.4284855853122847e-10
2017-08-18,0.7265220775013405,0.0,0.2725840826001078,4.2662631078742036e-175,0.0008938394144875352,2.136400497338797e-22,4.84063875153546e-10
2017-08-25,0.18444091644586255,0.0,0.08332891446495815,0.0,0.7322300737166558,1.0394031706433478e-69,9.537252381041732e-08
2017-09-01,0.3313658060633958,0.0,0.022139267333822273,0.0,0.6464949213305181,7.128802424960891e-175,5.272263445556378e-09
2017-09-08,0.7374590375343351,0.0,0.13585760976987554,0.0,0.12668328461286565,1.9051812158470546e-188,6.808292399502934e-08
2017-09-15,0.2449314951512456,0.0,0.028085280914279996,0.0,0.7269832044179879,3.964517987285344e-177,1.9516485886694272e-08
2017-09-22,0.15805887846959218,1.7646954093891698e-69,0.02218799589692994,0.0,0.8197530980196054,3.0259204557757602e-177,2.7613872341109413e-08
2017-09-29,0.12376277866545354,1.2662290336879852e-121,0.020560972225229998,0.0,0.8556762176160281,5.610855321990427e-159,3.1493288184847936e-08
2017-10-06,0.5848674684740651,0.0,0.009361068708309914,0.0,0.4057714618167703,0.0,1.0008542237934556e-09
2017-10-13,0.5274487495658968,0.0,0.011194787323444874,0.0,0.4613564609284171,0.0,2.182240828455313e-09
2017-10-20,0.5081043801791619,0.0,0.013191672713646274,0.0,0.4787039438237612,8.014506903680143e-309,3.2834309697312024e-09
2017-10-27,0.5218616164011575,0.0,0.011544178991505366,0.0,0.4665942035984674,4.251663044040747e-243,1.008869766643412e-09
2017-11-03,0.7809124962868755,0.0,0.005887006094618086,0.0,0.21320049750010506,0.0,1.1840102442084431e-10
2017-11-10,0.9165425486236926,0.0,0.01799406172546807,0.0,0.06546338884917001,0.0,8.016691310486692e-10
2017-11-17,0.9297959155305013,0.0,0.024912182953036047,0.0,0.04529189982333974,0.0,1.6931230708929833e-09
2017-11-24,0.7338023147561004,0.0,0.0073019685313756265,0.0,0.25889571670597084,2.80979796976498e-191,6.553748276561891e-12
2017-12-01,0.9824820870034691,0.0,0.009359798556056852,0.0,0.008158114440414418,0.0,5.989201664412934e-14
2017-12-08,0.891399502376528,0.0,0.002758253085512106,0.0,0.10584224453794135,0.0,1.8748278594303812e-14
2017-12-15,0.8938643021465458,0.0,0.0026885393759071897,0.0,0.10344715847752292,0.0,2.3619826165155535e-14
2017-12-22,0.8945543876777099,0.0,0.0034349869159908167,0.0,0.10201062540626013,0.0,3.862520991804516e-14
2017-12-29,0.9164335232765105,0.0,0.03642010001438128,0.0,0.04714637670910784,6.212251706816358e-209,7.647917375579052e-16
2018-01-05,0.5485448381514058,0.0,0.013889772158425063,0.0,0.4375653896901689,0.0,1.1168726719394504e-17
2018-01-12,0.8069730833322021,0.0,0.01515082184141502,0.0,0.17787609482638214,0.0,3.29034736966303e-16
2018-01-19,0.966197774849631,0.0,0.02508782747445943,0.0,0.00871439767590406,0.0,5.6143363802465706e-15
2018-01-26,0.9486376523885778,0.0,0.03432551095318029,0.0,0.017036836658238647,1.8735694711169633e-300,3.456892067728419e-15
2018-02-02,0.00464209409903008,0.0,0.9953579059009692,0.0,2.7811932392649425e-22,0.0,5.583022049404142e-16
2018-02-09,1.5886987588139759e-06,0.0,0.999998411301241,0.0,2.2484128589353157e-48,0.0,1.2681919969686354e-16
2018-02-16,0.5283074958784942,0.0,0.4716925041194658,0.0,6.496828556505081e-13,0.0,1.3902032313015347e-12
2018-02-23,0.7733078816213553,0.0,0.22669134968647725,0.0,7.686921499792688e-07,9.283986201990219e-269,1.7113923336725526e-14
2018-03-02,0.5244187070470341,0.0,0.4755812929091173,0.0,4.380374681892762e-11,0.0,4.474289559116494e-14
2018-03-09,0.9802149478807038,0.0,0.019641052519137493,0.0,0.0001439996000036697,0.0,1.5515677764113276e-13
2018-03-16,0.9753792032121058,0.0,0.024607573400756765,0.0,1.3223384333512585e-05,0.0,2.8039153985665935e-12
2018-03-23,0.15641843432085595,0.0,0.843581565560631,0.0,2.3553620334711412e-18,0.0,1.1851309738738417e-10
2018-03-30,0.805910494211529,0.0,0.19408949785266513,0.0,7.930102049489048e-09,1.2588054627185287e-295,5.703437508302058e-12
2018-04-06,0.6610945158342266,0.0,0.33890548364022066,0.0,4.85100091367138e-10,9.515530883978664e-254,4.045274944794872e-11
2018-04-13,0.9283450466107483,0.0,0.07163450488597144,0.0,2.0448425405398748e-05,3.820320814830729e-260,7.787473101455261e-11
2018-04-20,0.9358718183050041,0.0,0.06401865076181273,0.0,0.00010953072236241866,2.4361198178234035e-246,2.1082128341322386e-10
2018-04-27,0.9388516765171313,0.0,0.058416783380060296,0.0,0.0027315401025518426,2.096575146527613e-63,2.566481062010354e-13
2018-05-04,0.9636885983771392,0.0,0.029201515103396154,0.0,0.007109886519191025,8.024944889853862e-106,2.743506182846707e-13
2018-05-11,0.9217945136383638,0.0,0.015984312764244515,0.0,0.06222117359687151,3.463214500697803e-104,5.202794763980459e-13
2018-05-18,0.9351007722576127,0.0,0.021064596674119012,0.0,0.04383463106714938,5.996558665229743e-84,1.1190497847899483e-12
2018-05-25,0.875477986210351,0.0,0.04487488168506396,0.0,0.0796471321045762,4.10121045979604e-18,8.711688087181429e-15
2018-06-01,0.9496398552978855,0.0,0.016433503468518355,0.0,0.03392664123358503,2.8968097867887893e-97,1.1890680573427873e-14
2018-06-08,0.9084365823282397,0.0,0.011653091208334302,0.0,0.07991032646339147,2.2970550346605155e-99,3.4666659050679284e-14
2018-06-15,0.9079989723188914,0.0,0.01224522861145439,0.0,0.0797557990696221,3.7231671073350395e-73,3.244239061313956e-14
2018-06-22,0.9433135778388179,0.0,0.020412645949784324,0.0,0.036273776211252245,1.6743329863765796e-66,1.4550083583504071e-13
2018-06-29,0.9565030533238705,0.0,0.03895485495259145,0.0,0.00454209172199546,3.694964105193556e-73,1.5428169827215296e-12
2018-07-06,0.9148644286608578,0.0,0.018407345441364343,0.0,0.06672822589548698,1.0004012683025831e-84,2.2907341413701703e-12
2018-07-13,0.8636216848239509,0.0,0.015884590138687125,0.0,0.12049372503567772,6.546017311773516e-69,1.684974838500165e-12
2018-07-20,0.8614052373956622,0.0,0.02062313660124485,0.0,0.11797162599864848,6.77526110298119e-66,4.445270654106119e-12
2018-07-27,0.8547000976439569,0.0,0.03394097439980907,0.0,0.11135892795615125,7.815873418619046e-19,8.31773798702845e-14
2018-08-03,0.8652795564889498,0.0,0.016151730759786237,0.0,0.11856871275117234,2.59080766034844e-41,9.151661996775688e-14
2018-08-10,0.9058498956616248,0.0,0.02987666054377474,0.0,0.06427344379453256,5.48089285239412e-26,6.810872144012237e-14
2018-08-17,0.8755295762789996,0.0,0.029826972085275794,0.0,0.0946434516356598,5.84700498670184e-22,6.474898381126818e-14
2018-08-24,0.2438824250978307,0.0,0.24350752447958068,0.0,0.5126100504225889,9.503734090334763e-123,1.4629383324867536e-19
2018-08-31,0.3789024765770017,0.0,0.24802959249335452,1.7385692882101204e-252,0.37306793092964363,8.685997149363103e-97,1.3353989493211822e-18
2018-09-07,0.4838792719335324,0.0,0.4211858419400521,5.351460810054945e-228,0.09493488612641549,1.6941646112615073e-90,9.594322341712841e-18
2018-09-14,0.4753520188254524,0.0,0.12148134823605487,1.017233913390998e-218,0.4031666329384926,5.139634276011902e-79,1.0966256556623444e-17
2018-09-21,0.49963182101190257,0.0,0.07390653224584232,8.001609755170014e-197,0.42646164674225484,2.2872210382257364e-63,3.737900226285781e-17
2018-09-28,0.5289054824376779,0.0,0.10429986866418667,1.24043361120349e-219,0.36679464889813584,1.5731568149555764e-76,3.970703238684476e-17
2018-10-05,0.8356806359614583,0.0,0.10886923555192371,0.0,0.05545012848661699,1.0712950872414162e-16,1.2045008593768068e-15
2018-10-12,0.3907047940069173,0.0,0.6092944678730904,0.0,7.380453984515091e-07,7.45752079586863e-11,1.8768815176977256e-14
2018-10-19,0.6204827023012713,0.0,0.3794647800904204,0.0,5.251759306755843e-05,1.521222511125171e-11,2.883394483145408e-14
2018-10-26,0.06766425843041765,0.0,0.9323357385708849,6.054594171221669e-199,2.9986971315562822e-09,7.624270749363818e-43,4.821760760625274e-16
2018-11-02,0.9024234281474477,0.0,0.0973359937506913,0.0,0.000240578101856618,7.384988730082808e-54,4.147472695359392e-15
2018-11-09,0.9548415764531473,0.0,0.04006367621069915,0.0,0.005094747336148986,1.9144217118803662e-55,4.505681095705095e-15
2018-11-16,0.9527089904196367,0.0,0.04503640256788981,0.0,0.002254607012456337,2.5121597018728423e-61,1.7535220802549345e-14
2018-11-23,0.8369167569971988,0.0,0.16306759930594428,0.0,1.56436968269638e-05,8.069293229331386e-46,3.043983222811286e-14
2018-11-30,0.5920633643406704,0.0,0.3903377343722277,0.0,0.017598901287073362,1.1335781599556388e-109,2.915061400164887e-14
2018-12-07,0.19964200007871954,0.0,0.8003565429579611,0.0,1.4569630543887532e-06,3.238460442534998e-85,2.6540473024951264e-13
2018-12-14,0.35289553371162347,0.0,0.6469686449465972,0.0,0.00013582134121248242,1.4599742173245148e-83,5.670152391819462e-13
2018-12-21,0.011859956643081567,0.0,0.9881400433559124,0.0,6.106621747865406e-14,6.146736344442249e-69,9.44550321260178e-13
2018-12-28,0.036326318574800016,0.0,0.9636736811599799,0.0,2.6518337973210285e-10,2.926753967263215e-142,3.6784190818469744e-14
2019-01-04,0.35582842442766976,0.0,0.640931462012265,0.0,0.0032401135587750403,8.431411973167272e-214,1.290325970855229e-12
2019-01-11,0.4991752760585328,0.0,0.32133707996106264,0.0,0.179487643973418,1.6350955007109267e-168,6.9860683703190594e-12
2019-01-18,0.39084698457746386,0.0,0.30532076067348646,0.0,0.30383225471810693,1.0765206392164325e-150,3.0942764806812445e-11
2019-01-25,0.44714421653449365,0.0,0.2598381451916938,0.0,0.2930176382737773,0.0,3.491154560709679e-14
2019-02-01,0.00014248228271254802,0.0,0.12145933723509013,0.0,0.8783977860074771,0.0,3.944747202073141e-07
2019-02-08,5.179696316052827e-06,0.0,0.10433845201270443,0.0,0.895644892576572,0.0,1.1475714407486022e-05
2019-02-15,2.1727921335482562e-07,0.0,0.06508950473659823,0.0,0.9348062020458866,0.0,0.00010407593830168527
2019-02-22,4.730776925935568e-12,0.0,0.020742292867244876,0.0,0.9538665182691877,1.1132496600902816e-161,0.025391188858836723
2019-03-01,1.4130142807316975e-14,0.0,0.015056034902812912,0.0,0.8416006756041355,9.165455209142024e-190,0.14334328949303723
2019-03-08,1.1776122748380419e-14,0.0,0.03356719539522879,0.0,0.6574084274966421,1.0603353897604416e-183,0.3090243771081171
2019-03-15,3.1666074933705897e-15,0.0,0.012426286768998082,0.0,0.7963139911505338,8.027641301653047e-148,0.1912597220804651
2019-03-22,3.638925033873685e-15,0.0,0.032257217470592486,0.0,0.44524565349326023,4.629010316266515e-133,0.522497129036144
2019-03-29,4.9430583119379517e-17,0.0,0.009660647164956808,0.0,0.6246783453819964,2.336909032054073e-85,0.36566100745304664
2019-04-05,1.5896791619316804e-09,0.0,0.022872993152964764,0.0,0.97357477617171,6.331115712188528e-12,0.0035522290793146096
2019-04-12,6.042962589799919e-10,0.0,0.02002011357610001,0.0,0.9742837520781075,8.666431018114367e-11,0.005696133654831857
2019-04-19,2.982682217234372e-10,0.0,0.02443467688095534,0.0,0.968288842269387,1.1415326720434539e-11,0.007276480539974144
2019-04-26,3.392120369813208e-15,0.0,0.01036592763912757,0.0,0.9158347856201657,1.3432920498642461e-64,0.07379928674070294
2019-05-03,4.675392544148088e-07,0.0,0.012453764458804174,0.0,0.9870952591841781,7.779678744236516e-258,0.00045050881776295345
2019-05-10,7.59910143409413e-07,0.0,0.04256102509043472,0.0,0.9555372121967712,9.700004023915121e-256,0.0019010028026511365
2019-05-17,5.903454382903173e-07,0.0,0.03947818770369813,0.0,0.9594032606856295,4.987283840700169e-224,0.001117961265234477
2019-05-24,8.062707025527224e-08,0.0,0.02844205930603439,0.0,0.9687873487820949,1.7043669970472386e-282,0.0027705112848000857
2019-05-31,7.232662252292558e-25,0.0,0.007925439019480387,0.0,0.03083924147942101,5.537114268045093e-23,0.9612353195010986
2019-06-07,1.074595717588378e-24,0.0,0.0030898675493269434,0.0,0.12976545747947785,2.2642882239367967e-46,0.8671446749711951
2019-06-14,7.164757206258972e-24,0.0,0.003276842158352674,0.0,0.3827889332707485,6.537661794357727e-32,0.6139342245708987
2019-06-21,1.1744131307679967e-23,0.0,0.002725869044068432,0.0,0.19872940738593298,3.13379061441364e-64,0.7985447235699991
2019-06-28,3.4346857837393005e-19,0.0,0.005302028515262384,0.0,0.2895981810728117,3.6796362849283486e-13,0.7050997904115582
2019-07-05,1.2468858373823811e-36,0.0,9.610077538191974e-05,0.0,0.025096403837736578,3.612727229536098e-144,0.9748074953868817
2019-07-12,2.73724033778185e-33,0.0,0.00013469579996470792,0.0,0.03347473883370361,1.666317191928736e-106,0.9663905653663322
2019-07-19,1.84503307364052e-30,0.0,0.0002703575239286388,0.0,0.04001893968722181,3.5507208645788287e-102,0.9597107027888495
2019-07-26,3.905874337283439e-24,0.0,0.0013252265967643993,0.0,0.06640512569852647,6.938585975027328e-262,0.9322696477047094
2019-08-02,1.038207837410377e-18,0.0,0.016475497691572832,0.0,0.09273124627631166,3.0869598515006097e-147,0.8907932560321159
2019-08-09,4.557935103417919e-18,0.0,0.01607946440641986,0.0,0.0608952050899394,2.4443948694844044e-104,0.9230253305036407
2019-08-16,3.2506952496571707e-17,0.0,0.03439097801715826,0.0,0.08125963327942111,1.404235840979301e-113,0.8843493887034203
2019-08-23,1.8272179326654848e-22,0.0,0.008263204096010791,0.0,0.005379855492763722,2.2897312763349034e-05,0.9863340430984623
2019-08-30,3.969644284894705e-21,0.0,0.019653685931549425,0.0,0.08050723785033025,3.914633352621374e-11,0.8998390761789742
2019-09-06,6.985976750650375e-23,0.0,0.0032892169577573567,0.0,0.31839118790243215,1.393741966719146e-13,0.6783195951396712
2019-09-13,4.559486019735221e-22,0.0,0.0033490899524357184,0.0,0.3625996677747959,2.2283669630306994e-11,0.6340512422504847
2019-09-20,4.17585255963409e-21,0.0,0.005371616907493813,0.0,0.4224535951125464,5.937333459016388e-12,0.5721747879740229
2019-09-27,2.9472061989510484e-26,0.0,0.0064150497310891,0.0,0.5081032048844977,1.3020871246568294e-50,0.4854817453844136
2019-10-04,3.596012135834689e-27,0.0,0.0041255033550852225,0.0,0.4072395366007894,7.631361102823317e-44,0.5886349600441249
2019-10-11,9.71544997259743e-27,0.0,0.0022224116870377176,0.0,0.47768637818186305,1.7579126477522244e-61,0.5200912101310994
2019-10-18,1.7252785826894792e-26,0.0,0.0014195188636671042,0.0,0.3960810822922358,7.774286549906864e-104,0.6024993988440971
2019-10-25,1.356785148794897e-23,0.0,0.002108226298447556,0.0,0.3879083437838371,3.9543730379828694e-45,0.6099834299177149
2019-11-01,3.933562904330982e-21,0.0,0.002626433219994482,0.0,0.5144739957802487,2.3373954381535917e-114,0.4828995709997569
2019-11-08,2.0389606829522902e-20,0.0,0.005208499234779199,0.0,0.5876932384014707,3.6657677729038537e-78,0.4070982623637502
2019-11-15,1.6038196168095672e-20,0.0,0.003782606398301985,0.0,0.6047211676170393,1.1647544631434259e-97,0.39149622598465883
2019-11-22,2.2127466661288376e-20,0.0,0.004034216743794319,0.0,0.6687993642746766,1.697418195678888e-94,0.327166418981529
2019-11-29,3.904922384968349e-21,0.0,0.003251693634897143,0.0,0.7144687271227171,5.132465360191228e-134,0.2822795792423852
2019-12-06,1.316991412666324e-15,0.0,0.004649474339529544,0.0,0.9105866236796927,1.67003837e-316,0.08476390198077655
2019-12-13,2.5703847680063214e-15,0.0,0.0044872916140231015,0.0,0.8898579912284704,0.0,0.1056547171575035
2019-12-20,1.245009622608316e-14,0.0,0.004655371132229597,0.0,0.9341974773454453,2.313058341071626e-309,0.061147151522312246
2019-12-27,6.741051446333157e-15,0.0,0.005872053124721281,0.0,0.8639868734848378,0.0,0.1301410733904342
2020-01-03,1.0815575861250745e-07,0.0,0.016974780013609792,0.0,0.9744656828318511,0.0,0.008559428998780412
2020-01-10,3.195537917850595e-07,0.0,0.006693321771121111,0.0,0.9919907938076491,0.0,0.0013155648674376837
2020-01-17,2.035938874927808e-06,0.0,0.008906692668011394,0.0,0.9904147419091972,0.0,0.0006765294839160368
2020-01-24,0.00013195670277246655,0.0,0.04691813763799298,0.0,0.9525274023551707,0.0,0.00042250330406344756
2020-01-31,0.0001231892160445502,0.0,0.9966942520771441,0.0,3.4580739220632824e-07,0.0,0.0031822128994193613
2020-02-07,0.0006309255591988163,0.0,0.1845934094708513,0.0,0.8144396124217508,2.2894004585645388e-296,0.00033605254819924185
2020-02-14,0.00017945402308260232,0.0,0.025959467927151907,0.0,0.9738346378268067,6.863791277262358e-265,2.6440222958847573e-05
2020-02-21,0.002161219497881566,0.0,0.9501531515635312,0.0,0.04727458067878261,5.364697105626908e-237,0.00041104825980458584
2020-02-28,2.5171172164791104e-09,0.0,0.9999999750917318,0.0,8.389875882764461e-47,2.370971245969481e-184,2.239115095773364e-08
2020-03-06,1.1784524221582641e-25,0.0,0.9388328842175084,0.0,1.8696538019810318e-35,3.1783948302939475e-37,0.06116711578249156
2020-03-13,2.8650123253720833e-24,0.0,0.967676967309122,0.0,1.8307069629342565e-33,1.0951592397949304e-48,0.03232303269087803
2020-03-20,3.497596422830259e-22,0.0,0.995379786707561,0.0,1.0078127062332505e-23,4.108604415110057e-167,0.004620213292439013
2020-03-27,5.4490193106859904e-18,0.0,0.7516989069205128,0.0,1.2752681646108428e-20,7.378806961306227e-95,0.24830109307948728
2020-04-03,9.155710973141367e-44,0.0,9.074133431733941e-05,0.0,5.678401832976133e-10,0.0,0.9999092580978425
2020-04-10,1.2227597119329266e-37,0.0,0.00011864876613027269,0.0,5.49922370618084e-08,0.0,0.9998812962416327
2020-04-17,1.9170115663396922e-33,0.0,0.00022331493686434702,0.0,2.389743773547753e-06,0.0,0.9997742953193621
2020-04-24,2.2495638966474953e-30,0.0,0.0005049895055259064,0.0,3.396186046669653e-05,0.0,0.9994610486340073
2020-05-01,4.951998689901089e-58,0.0,3.305095092227941e-06,0.0,3.106030211999812e-07,0.0,0.9999963843018863
2020-05-08,1.6615563003385094e-46,0.0,4.840699776911676e-06,0.0,5.139675020744059e-05,0.0,0.9999437625500155
2020-05-15,1.3466552682175776e-39,0.0,2.435071861942261e-05,0.0,3.891889991008185e-05,0.0,0.9999367303814707
2020-05-22,6.518408028095611e-35,0.0,5.513497167249078e-05,0.0,0.00035011724171813503,0.0,0.9995947477866096
2020-05-29,1.556629941844599e-35,0.0,0.0001181098399969924,0.0,0.0007453664840536156,2.6858806405891943e-207,0.9991365236759493
2020-06-05,4.7771820400191506e-29,0.0,0.0004442131096912406,0.0,0.002536965271721777,4.4882046457192686e-77,0.9970188216185868
2020-06-12,4.6913670300512316e-27,0.0,0.001305346925469763,0.0,2.5336166868110946e-05,3.6659924936648104e-72,0.9986693169076624
2020-06-19,2.15985626817265e-25,0.0,0.0017226145655866165,0.0,0.00010370772876898114,1.9833997280743367e-64,0.9981736777056441
2020-06-26,5.498989348278165e-29,0.0,0.0017486261780940056,0.0,0.00019963840535321153,5.753886853267322e-11,0.9980517353590143
2020-07-03,2.9745168267851662e-24,0.0,0.002900317451456993,0.0,0.009789331228114387,4.2783652838524083e-32,0.9873103513204287
2020-07-10,2.0198019222859407e-23,0.0,0.003535601512453564,0.0,0.006988009275865049,6.161275926782248e-47,0.9894763892116818
2020-07-17,1.2055482921288677e-22,0.0,0.004270866442396914,0.0,0.007943406780188848,5.650574141644984e-64,0.9877857267774137
2020-07-24,3.436129992508874e-31,0.0,0.013388131044974935,0.0,0.005926842937402541,0.0,0.9806850260176226
2020-07-31,6.705715056957099e-27,0.0,0.015860050865006557,0.0,0.006271341509959116,0.0,0.9778686076250345
2020-08-07,5.779618975199499e-26,0.0,0.010806448218731179,0.0,0.02115261266790279,0.0,0.9680409391133661
2020-08-14,4.332065734287316e-25,0.0,0.009897666909581188,0.0,0.024612269807750456,0.0,0.9654900632826686
2020-08-21,3.1582897352909727e-24,0.0,0.008893605486062942,0.0,0.03328163256197773,0.0,0.957824761951959
2020-08-28,4.497916869598125e-22,0.0,0.010014198777700897,0.0,0.019748165241028702,0.0,0.9702376359812703
2020-09-04,5.01835917677791e-17,0.0,0.038154326819572225,0.0,0.0037918139722842347,0.0,0.9580538592081436
2020-09-11,2.320805590280796e-16,0.0,0.029627920403423366,0.0,0.05305384479919976,0.0,0.9173182347973764
2020-09-18,7.058629040312388e-16,0.0,0.030250484467085545,0.0,0.08113960541147515,0.0,0.8886099101214389
2020-09-25,1.0764548418889857e-13,0.0,0.04427959028632467,0.0,0.2873962085287259,0.0,0.6683242011848415
2020-10-02,3.162097525951205e-10,0.0,0.141196037222407,0.0,0.37558216334784683,0.0,0.48322179911353647
2020-10-09,3.869640049441658e-10,0.0,0.09848935955144439,0.0,0.5584757848549781,0.0,0.34303485520661336
2020-10-16,1.1817226386032041e-09,0.0,0.14015761698819262,0.0,0.5148071417770227,0.0,0.34503524005306174
2020-10-23,3.1016042160848385e-08,0.0,0.24124447367671858,0.0,0.5271008552401534,0.0,0.23165464006708616
2020-10-30,1.0163090342234577e-07,0.0,0.711379442265638,0.0,0.012697936402397813,2.535e-321,0.27592251970106046
2020-11-06,1.7162026418104478e-06,0.0,0.11803944853808801,0.0,0.8554579579479017,0.0,0.026500877311368333
2020-11-13,1.4542671131750635e-06,0.0,0.04983769864247843,0.0,0.9413638824750904,0.0,0.008796964615318027
2020-11-20,2.4393844454382473e-06,0.0,0.05934723407145763,0.0,0.931969048726461,0.0,0.008681277817636173
2020-11-27,2.457700132808515e-05,0.0,0.03653051631890058,0.0,0.9624898296532078,3.7892790442158154e-302,0.0009550770265636765
2020-12-04,0.0069468081442173235,0.0,0.0477754221873721,0.0,0.9452267598526646,0.0,5.1009815746106446e-05
2020-12-11,0.012036435652253097,0.0,0.06932586863330596,0.0,0.918582718900087,0.0,5.497681435346061e-05
2020-12-18,0.010077243531560535,0.0,0.051098254071722124,0.0,0.9387861573115978,0.0,3.834508511978159e-05
2020-12-25,0.03542319363673774,0.0,0.043121716594394136,0.0,0.9214507565952446,0.0,4.33317362327226e-06
2021-01-01,0.8572694220627004,0.0,0.008771874102830928,0.0,0.1339587021037927,0.0,1.7306762500009648e-09
2021-01-08,0.7988773375457373,0.0,0.007924871667710272,0.0,0.19319778904461035,0.0,1.7419420603230566e-09
2021-01-15,0.8378120986715596,0.0,0.009414539624636632,0.0,0.15277335962944832,0.0,2.074355636677018e-09
2021-01-22,0.7439651651924051,0.0,0.008500363373361734,0.0,0.24753446902081985,0.0,2.4134132129035308e-09
2021-01-29,0.9681317683517892,0.0,0.023444810863248674,0.0,0.008423419179012997,0.0,1.605948882702822e-09
2021-02-05,0.937865907858024,0.0,0.0014901194543703027,0.0,0.060643972687196165,0.0,4.0910766860818217e-13
2021-02-12,0.9245190659445598,0.0,0.001658816122968678,0.0,0.07382211793085877,0.0,1.6125579797674763e-12
2021-02-19,0.921025645827733,0.0,0.002131876065323057,0.0,0.0768424781009767,0.0,5.967525676966574e-12
2021-02-26,0.9671981584552433,0.0,0.004550312502841993,0.0,0.0282515290400982,0.0,1.8159564289741743e-12
2021-03-05,0.9580885067116622,0.0,0.0018199274296094412,0.0,0.040091565858724275,0.0,4.030743445557388e-15
2021-03-12,0.9471541869291037,0.0,0.001154915226119624,0.0,0.051690897844741485,0.0,3.539893021276184e-14
2021-03-19,0.9438227200395554,0.0,0.0011614948395075333,0.0,0.05501578512067868,0.0,2.5761333762752194e-13
2021-03-26,0.9405780736093923,0.0,0.0019200372351250263,0.0,0.05750188915546364,0.0,1.915017529056476e-14
2021-04-02,0.9797158328777729,0.0,0.0011560691700660197,0.0,0.019128097952158914,0.0,2.2419102937071636e-15
2021-04-09,0.9825941233430858,0.0,0.0011651685901135085,0.0,0.016240708066765027,0.0,3.53603157843276e-14
2021-04-16,0.9788741599400748,0.0,0.0014378242996549964,0.0,0.019688015759872828,0.0,3.97779662875474e-13
2021-04-23,0.9383455884672485,0.0,0.0019540864264545534,0.0,0.05970032510197293,0.0,4.32354830238714e-12
2021-04-30,0.9333885210996575,0.0,0.001664532843116379,0.0,0.06494694605717218,0.0,5.428253733916719e-14
2021-05-07,0.9456620350306247,0.0,0.001960297898625867,0.0,0.05237766707020364,0.0,5.460795403383114e-13
2021-05-14,0.8863345840630436,0.0,0.0024032706160061006,0.0,0.1112621453166953,0.0,4.2543423287599825e-12
2021-05-21,0.858905745005242,0.0,0.0036242844083963026,0.0,0.13746997055084162,0.0,3.552098436331637e-11
2021-05-28,0.8652895214526196,0.0,0.004614650475102087,0.0,0.1300958280721966,1.896954168251578e-228,8.164267095072768e-14
2021-06-04,0.9393745115908989,0.0,0.0017208344665248967,0.0,0.05890465394242487,0.0,1.5173477169019117e-13
2021-06-11,0.9512426365955859,0.0,0.0017666872464877593,0.0,0.0469906761570772,0.0,8.488803590732214e-13
2021-06-18,0.9303062386974209,0.0,0.0022223436195486423,0.0,0.06747141767943275,0.0,3.5984240739992826e-12
2021-06-25,0.9447753331126192,0.0,0.004232521844973199,0.0,0.05099214504239897,1.6659279920561157e-195,8.396091924033522e-15
2021-07-02,0.9796655673006933,0.0,0.001671643136206673,0.0,0.018662789563005457,0.0,9.421559531485177e-14
2021-07-09,0.9480284214330468,0.0,0.0019448544429386538,0.0,0.05002672412327522,0.0,7.393631023932397e-13
2021-07-16,0.9155409251659464,0.0,0.0024467403099335126,0.0,0.0820123345210976,0.0,3.021596700726914e-12
2021-07-23,0.9055336170697605,0.0,0.006873141955202506,0.0,0.08759324097503408,1.311387586603439e-97,2.861016228449867e-15
2021-07-30,0.8443747605612106,0.0,0.00704086855904621,0.0,0.1485843708797181,3.8011919782535385e-108,2.5893083695453183e-14
2021-08-06,0.9486353044050431,0.0,0.002659381025537862,0.0,0.04870531456887761,3.7639994986682537e-264,5.414720536543225e-13
2021-08-13,0.9332206508007732,0.0,0.003384594234029057,0.0,0.06339475496272218,7.123066965846687e-264,2.475248257446167e-12
2021-08-20,0.9115807347597452,0.0,0.0047438773994417024,0.0,0.08367538783766075,5.218492573302685e-208,3.152357861588206e-12
2021-08-27,0.6036240824411838,0.0,0.04601003438124929,0.0,0.3503658831775672,6.180639773973012e-21,4.677337178342544e-18
2021-09-03,0.8438973989697749,0.0,0.0073313952115866415,0.0,0.14877120581863476,2.4398105437552804e-102,3.0825938976943394e-15
2021-09-10,0.9270749654997734,0.0,0.016682765397817618,0.0,0.056242269102392856,7.242926077179788e-78,1.6546193834354577e-14
2021-09-17,0.927344275649073,0.0,0.01739485719786138,0.0,0.055260867153042716,3.041197669411594e-61,2.2432170219807924e-14
2021-09-24,0.5951616346844456,0.0,0.07805756870128455,0.0,0.32678079661427023,1.3182637894318541e-25,3.9445840240548834e-18
2021-10-01,0.9604732069991173,0.0,0.015972154260089442,0.0,0.02355463874079093,4.252336087856612e-72,2.774200675997956e-15
2021-10-08,0.938846344427498,0.0,0.010242905482656337,0.0,0.05091075008984026,1.1230382077945858e-71,5.357829236161481e-15
2021-10-15,0.9442202907086549,0.0,0.008153546523284353,0.0,0.04762616276804945,1.3870805565501927e-73,1.1570367996886046e-14
2021-10-22,0.9352560502494618,0.0,0.0081741705294104,0.0,0.05656977922108879,7.732365330165073e-76,3.92316050450659e-14
2021-10-29,0.8333326116217991,0.0,0.052629958387903165,0.0,0.11403742999029748,6.124314675966103e-24,2.2884567288594065e-17
2021-11-05,0.9765448562725138,0.0,0.00185869399848545,0.0,0.021596449728633924,5.074907685706927e-289,3.6703563656754846e-13
2021-11-12,0.9823821980006716,0.0,0.002374174622847302,0.0,0.015243627376030723,1.1588471123345033e-251,4.503096412729243e-13
2021-11-19,0.9772978396804257,0.0,0.0037058673846331078,0.0,0.018996292934161642,8.001913945708124e-217,7.794721482526867e-13
2021-11-26,0.24846997615260003,0.0,0.7515300234740266,0.0,3.7336883232976374e-10,4.2126253595193515e-19,4.4978332403419225e-15
2021-12-03,0.7929372370972455,0.0,0.20706276287691394,0.0,9.348021047559245e-12,4.63464255959737e-310,1.6492540666791476e-11
2021-12-10,0.9708350506301383,0.0,0.002701435658613877,0.0,0.02646351370700927,0.0,4.238494135145899e-12
2021-12-17,0.9875512668184407,0.0,0.007050205698549633,0.0,0.005398527467001946,4.400710507053421e-298,1.6007642002255502e-11
2021-12-24,0.8911869241780159,0.0,0.026060974903094506,0.0,0.08275210091888972,3.307958843691328e-30,1.9465988457082983e-16
2021-12-31,0.9073373273217454,0.0,0.013167206632262715,0.0,0.0794954660459902,7.149044894507606e-51,1.9922935973701224e-15
2022-01-07,0.9201131898283657,0.0,0.01855184345327055,0.0,0.0613349667183554,7.474127542997124e-46,8.162999746617307e-15
2022-01-14,0.9222484012085634,0.0,0.020908443286666523,0.0,0.05684315550473405,3.0939344944596434e-48,3.5970409133651016e-14
2022-01-21,0.39327962550066026,0.0,0.606720373228942,0.0,1.2698642777424422e-09,2.796516540532397e-32,5.337314727121474e-13
2022-01-28,2.8919945359895047e-05,0.0,0.9999710787663086,0.0,1.288331643503288e-09,0.0,6.6974935449681505e-25
2022-02-04,0.5503097218656458,0.0,0.44855969309289045,0.0,0.0011305850354691059,5.994633007713995e-12,3.744334463288637e-17
2022-02-11,0.1722414421665225,0.0,0.8277584776115792,0.0,7.83700851708505e-08,1.8518129792034928e-09,1.2418148046653397e-16
2022-02-18,0.22271999162979841,0.0,0.7772799256184992,0.0,8.002522623503693e-08,2.7264755742334076e-09,4.57522798482724e-16
2022-02-25,0.00017726038371094368,0.0,0.99982269659572,0.0,4.302056882092542e-08,1.8298980375433824e-222,6.82472827167366e-24
2022-03-04,0.05790976403708981,0.0,0.94209023595989,0.0,3.0201013563068753e-12,2.095444955205305e-21,4.131155255163675e-17
2022-03-11,0.24553702377557862,0.0,0.7544629734387759,0.0,2.785645031829543e-09,5.899871560923532e-23,2.744424864378625e-16
2022-03-18,0.9106950772062534,0.0,0.08745138100170882,0.0,0.0018535417920372457,6.566755345102323e-36,8.295332728466315e-16
2022-03-25,0.902257565673907,0.0,0.06014245195651354,0.0,0.03759998236957935,9.085751593793934e-23,1.4376133490059398e-16
2022-04-01,0.9845364659434832,0.0,0.0005607606681912853,0.0,0.01490277332732245,0.0,6.10030644158734e-11
2022-04-08,0.9893196756052913,0.0,0.0011307193815586036,0.0,0.009549604903149461,0.0,1.1000027777221469e-10
2022-04-15,0.9921515434924841,0.0,0.002635227223489777,0.0,0.005213228945203271,0.0,3.388230128911579e-10
2022-04-22,0.9809450234555801,0.0,0.019048192976932297,0.0,6.782254281391747e-06,0.0,1.313206197361277e-09
2022-04-29,0.7165195659644915,0.0,0.28348043361350966,0.0,4.217794309558224e-10,2.1342859052753743e-123,2.1934766753800038e-13
2022-05-06,0.9949296200904124,0.0,0.005069732170713883,0.0,6.476881978143289e-07,0.0,5.0675702236647126e-11
2022-05-13,0.9947895535913778,0.0,0.005195607654071092,0.0,1.4838663136413109e-05,0.0,9.141495614760993e-11
2022-05-20,0.9875270164557786,0.0,0.01245536439659831,0.0,1.7618335340714168e-05,0.0,8.122824367171124e-10
2022-05-27,0.9806821357865574,0.0,0.018144585107004955,0.0,0.0011732791064042673,4.325079463802564e-138,3.3490888498349525e-14
2022-06-03,0.9980096465018449,0.0,0.0007517874951056449,0.0,0.001238565965409282,0.0,3.764006539051973e-11
2022-06-10,0.9977039575906079,0.0,0.0021779461960459855,0.0,0.0001180961522057456,0.0,6.114032004902153e-11
2022-06-17,0.9904126056428523,0.0,0.009584051238610032,0.0,3.3428390805643407e-06,0.0,2.794572067557108e-10
2022-06-24,0.9589400620675479,0.0,0.040215457595583017,0.0,0.0008444803368673559,2.7025501818854935e-88,1.5019513943757109e-15
2022-07-01,0.9982943841172236,0.0,0.0013766303108769403,0.0,0.00032898557155049146,0.0,3.490325704929074e-13
2022-07-08,0.996401537054819,0.0,0.001196797892508903,0.0,0.002401665052081143,0.0,5.905804798095228e-13
2022-07-15,0.9934873749792853,0.0,0.0016684231351874537,0.0,0.004844201883581347,0.0,1.945561156939409e-12
2022-07-22,0.9785176654405988,0.0,0.002339007971233521,0.0,0.019143326574235984,0.0,1.3931427607277368e-11
2022-07-29,0.9465882301294073,0.0,0.008333785580622774,0.0,0.04507798428996688,1.8023208242786376e-98,3.359515985527205e-15
2022-08-05,0.3655765736624307,0.0,0.2699653769520158,0.0,0.36445804938555365,3.2524367087148795e-160,1.3174788898321472e-18
2022-08-12,0.4829385288133199,0.0,0.136233845931331,0.0,0.38082762525534924,5.900791676055637e-128,7.658016084784656e-18
2022-08-19,0.5547215243841727,0.0,0.16964733797064938,0.0,0.27563113764517794,1.488182514330182e-126,3.4384435513386603e-17
2022-08-26,0.014388004368348938,0.0,0.9490275369685809,0.0,0.0365844586630701,0.0,2.9039403443095694e-22
2022-09-02,0.04999902105152172,0.0,0.8990414140704198,0.0,0.05095956487805865,0.0,1.3011828103857829e-20
2022-09-09,0.2024056908804495,0.0,0.47354592544357704,0.0,0.32404838367597344,0.0,3.931331345827301e-19
2022-09-16,0.2530377801889708,0.0,0.7140667348771773,0.0,0.03289548493385233,1.80480718379971e-280,1.6090739722490442e-17
2022-09-23,0.009767854175178755,0.0,0.9900855532869144,0.0,0.00014659253790701322,0.0,1.6244075325938918e-20
2022-09-30,0.026128155472069085,0.0,0.9738559972120713,0.0,1.584731585988076e-05,0.0,1.8850230479687003e-18
2022-10-07,0.07073019060976081,0.0,0.9292112188309702,0.0,5.859055926860755e-05,1.2149181336985e-310,4.9448206844441634e-17
2022-10-14,0.10108034462916343,0.0,0.89888704275803,0.0,3.261261280596225e-05,1.5544932419405742e-255,7.139040111457056e-16
2022-10-21,0.3284809275892553,0.0,0.6690376229884542,0.0,0.002481449422281486,3.884845008275334e-199,9.315696180804518e-15
2022-10-28,0.47888449703548236,0.0,0.20322715031261643,1.6852171707096163e-78,0.3178883523726247,1.0325186398337673e-22,2.792763288781955e-10
2022-11-04,0.17168941199617116,0.0,0.15558293727189748,0.0,0.6727276495158228,1.2916669403606251e-39,1.2161086831479969e-09
2022-11-11,0.07012269902412702,0.0,0.04882100107577976,0.0,0.8810562975736921,3.6154265948366647e-25,2.326401085311467e-09
2022-11-18,0.051195616578767,0.0,0.054756028319984065,0.0,0.8940483493776394,3.6622066645153967e-23,5.723609007084335e-09
2022-11-25,0.026277353384561677,0.0,0.04381008635378136,0.0,0.9299125351412751,8.027311227886552e-17,2.5120381715465326e-08
2022-12-02,0.014887206198339638,0.0,0.05457677220320602,0.0,0.9305359071916025,1.3026064499152612e-17,1.1440685179291424e-07
2022-12-09,0.005238772700481537,0.0,0.03904365235613331,0.0,0.9557173424877319,2.0618851118236094e-14,2.3245563280221266e-07
2022-12-16,0.002855791961277899,0.0,0.03416629238071288,0.0,0.9629774836844683,1.0216359335474597e-13,4.319734384380126e-07
2022-12-23,0.0016975518685409586,0.0,0.02756484712439854,0.0,0.9707369980063034,1.1949836571156918e-14,6.030007453601826e-07
2022-12-30,0.0007970196125072718,0.0,0.023571168893798983,0.0,0.9756305236014725,3.799864771251023e-14,1.2878921832216267e-06
2023-01-06,3.11886792646611e-05,0.0,0.022452625854648123,0.0,0.977501030784662,9.053443174208782e-20,1.5154681425080002e-05
2023-01-13,3.5266058956033995e-05,0.0,0.07075698869138602,0.0,0.9291002915553964,4.704226503625177e-18,0.00010745369426133522
2023-01-20,3.7142165737514074e-06,0.0,0.022000946164357875,0.0,0.9778875810613862,2.5121562763136044e-16,0.00010775855768178768
2023-01-27,3.34424767096939e-07,0.0,0.03219181152764154,0.0,0.9667147740560352,2.7153442173628097e-16,0.0010930799915560103
2023-02-03,3.6563836044402866e-07,0.0,0.03324640360274254,0.0,0.9656490640809847,3.046014310841151e-17,0.0011041666779126461
2023-02-10,4.631432025090859e-08,0.0,0.014461949717126936,0.0,0.9844380419354779,4.319629346534269e-15,0.0010999620330708099
2023-02-17,9.976597419290273e-09,0.0,0.01409404344888485,0.0,0.9835920688935748,2.5706618506779702e-15,0.0023138776809402523
2023-02-24,9.169437609666905e-10,0.0,0.014556412404637042,0.0,0.9788431911617657,1.2496335087689157e-13,0.006600395516528796
2023-03-03,9.857267061738488e-16,0.0,0.009330342979321272,0.0,0.6723059105203507,2.615899265710236e-14,0.3183637465003007
2023-03-10,1.7401199465789827e-16,0.0,0.01914265492242104,0.0,0.1401394255745472,1.436594015544831e-11,0.8407179194886655
2023-03-17,9.147973103604838e-18,0.0,0.013624942638066845,0.0,0.03368168733352549,6.67768911350623e-11,0.9526933699616306
2023-03-24,2.2013631219521897e-19,0.0,0.0035776043542335555,0.0,0.33442912389427415,9.368745515784744e-12,0.6619932717421235
2023-03-31,1.2322012893558876e-26,0.0,0.0006298488571937206,0.0,0.09490725306868282,4.2294988992772175e-13,0.9044628980737008
2023-04-07,3.58645434112217e-26,0.0,0.0007164533502899061,0.0,0.09680187471518709,1.6969122824055423e-14,0.9024816719345057
2023-04-14,9.407801072009021e-26,0.0,0.0008399932421343818,0.0,0.06761599589109069,3.67744876650654e-16,0.9315440108667749
2023-04-21,2.593436289941001e-25,0.0,0.0009212461308491838,0.0,0.07476386891799336,3.191752402871052e-16,0.9243148849511569
2023-04-28,1.7724867652245944e-24,0.0,0.001152772346184123,0.0,0.053370849852356995,3.090719399536189e-16,0.9454763778014584
2023-05-05,1.3750052680794316e-25,0.0,0.0008016320827556151,0.0,0.09629050018898883,2.1629513542662406e-15,0.9029078677282533
2023-05-12,1.9149271539209357e-24,0.0,0.0009868891848887353,0.0,0.12272660525667543,5.283322617588642e-13,0.876286505557908
2023-05-19,1.9146891541042068e-23,0.0,0.0012525176412655475,0.0,0.14868873364596602,2.185980679684894e-12,0.8500587487105827
2023-05-26,4.292745793590958e-25,0.0,0.0010367627112211964,0.0,0.20759658273473458,3.0966588197181526e-22,0.7913666545540446
2023-06-02,8.755807173845117e-32,0.0,0.0003117525052005769,0.0,0.018147649960351623,2.1091236825077748e-13,0.9815405975342365
2023-06-09,6.395146215533391e-30,0.0,0.00041237063454480885,0.0,0.01729153017810032,6.549393911158252e-13,0.9822960991867001
2023-06-16,2.632329839695132e-28,0.0,0.0005430769942796241,0.0,0.023608425190422052,6.11615732226706e-14,0.9758484978152373
2023-06-23,3.644881038280587e-29,0.0,0.0006023171937633036,0.0,0.034395407024489795,1.8747284174144521e-22,0.9650022757817468
2023-06-30,5.704795917676308e-30,0.0,0.00047924664861965117,0.0,0.040678904433116995,1.20643451460003e-15,0.958841848918262
2023-07-07,3.2880966772331717e-29,0.0,0.0005153449848252169,0.0,0.08802617654328751,6.903946383093928e-18,0.9114584784718872
2023-07-14,9.63724291995012e-29,0.0,0.0006276501532217651,0.0,0.059837839570192265,7.97976698771408e-29,0.9395345102765863
2023-07-21,3.9006492631267947e-28,0.0,0.0006164688846810587,0.0,0.07954007374717459,6.812103881221063e-22,0.9198434573681443
2023-07-28,5.662799890744438e-30,0.0,0.00061028168724631,0.0,0.09139085666085461,4.998234694537215e-40,0.9079988616518992
2023-08-04,3.784900250803459e-29,0.0,0.0005513222720291488,0.0,0.09013356591381166,4.604312830421747e-13,0.909315111813699
2023-08-11,7.96678031708021e-28,0.0,0.0005790489442198862,0.0,0.12334971724127983,2.7397180956566536e-12,0.8760712338117609
2023-08-18,1.8213450612104645e-26,0.0,0.0008326404606056914,0.0,0.13049329462044823,6.43400955410746e-11,0.8686740648546057
2023-08-25,2.0244906246269983e-37,0.0,0.0011882711938374475,0.0,0.7630103383500428,7.876374667383673e-279,0.23580139045611972
2023-09-01,1.6036112235238813e-34,0.0,0.001116680419880788,0.0,0.9840898771014217,0.0,0.014793442478697369
2023-09-08,1.300696419202332e-31,0.0,0.0009862586031145072,0.0,0.9726279862948922,0.0,0.02638575510199305
2023-09-15,2.5312406310259223e-29,0.0,0.0011563094092256053,0.0,0.9488450855072207,0.0,0.04999860508355339
2023-09-22,1.927022008075404e-29,0.0,0.0012114817562084079,0.0,0.9721050115484353,0.0,0.026683506695356005
2023-09-29,1.5188335839635956e-27,0.0,0.0015430213393719306,0.0,0.9592278496628812,0.0,0.0392291289977471
2023-10-06,6.509010369453572e-22,0.0,0.0014646083915627439,0.0,0.982412397498616,0.0,0.016122994109821823
2023-10-13,4.384491295334133e-19,0.0,0.008371040043853686,0.0,0.9399870613613353,0.0,0.05164189859481103
2023-10-20,2.2640087995909606e-16,0.0,0.2077433095320082,0.0,0.17943449205548864,0.0,0.6128221984125028
2023-10-27,5.165573353658321e-16,0.0,0.18815845599575629,0.0,0.40739819587696685,0.0,0.4044433481272763
2023-11-03,3.7379430014651295e-21,0.0,0.0020494453450505944,0.0,0.9108601160846445,0.0,0.08709043857030505
2023-11-10,9.258758126450058e-20,0.0,0.0036546443772588456,0.0,0.9013028281257089,0.0,0.09504252749703225
2023-11-17,2.409263167330901e-19,0.0,0.003023547644250217,0.0,0.8262550952830756,0.0,0.17072135707267413
2023-11-24,8.24719436134688e-13,0.0,0.015083772977098661,0.0,0.8638584980281914,1.5093719205705004e-179,0.12105772899388552
2023-12-01,2.152798346504104e-14,0.0,0.010070990372376526,0.0,0.8078240838777939,4.518073023846203e-122,0.18210492574980805
2023-12-08,8.939111542909908e-14,0.0,0.014316591651692948,0.0,0.832110595447602,1.0764550370413774e-103,0.15357281290061522
2023-12-15,1.0689765605659529e-13,0.0,0.010148803188463972,0.0,0.8417839059077581,1.1397268614666794e-138,0.14806729090367066
2023-12-22,1.7816240870564584e-13,0.0,0.008275515286263005,0.0,0.8738389669511082,1.368432974616454e-159,0.11788551776245099
2023-12-29,3.2202843769370015e-10,0.0,0.013452058036438829,0.0,0.9692150226166976,2.736154643028902e-60,0.01733291902483561
2024-01-05,2.341342579875368e-10,0.0,0.011145993398536252,0.0,0.9764335564037137,1.7372913066761217e-35,0.01242044996361561
2024-01-12,5.063663379125648e-10,0.0,0.011791248293319144,0.0,0.9784111012508062,3.0387950542795106e-36,0.009797649949508212
2024-01-19,1.1762967577429283e-09,0.0,0.012092707881972652,0.0,0.9823030067269699,7.327613471814441e-26,0.005604284214760784
2024-01-26,1.3715067241251972e-11,0.0,0.008785511394693616,2.26910667907995e-310,0.9670219717950383,2.4365589853341856e-85,0.024192516796553255
2024-02-02,6.2341019164275995e-12,0.0,0.009703474839614803,0.0,0.9614989542860911,9.751867616311563e-64,0.02879757086806019
2024-02-09,1.463894324122175e-11,0.0,0.009730461675400296,0.0,0.9692490820297169,1.4088853053986657e-62,0.021020456280243863
2024-02-16,4.404764417579184e-11,0.0,0.013076130957529023,0.0,0.9679858126213225,4.428594564506264e-58,0.01893805637710083
2024-02-23,8.687718788485096e-12,0.0,0.009534228326267677,1.2316545051012209e-220,0.9635996457824829,6.542768417212444e-100,0.026866125882561886
2024-03-01,1.0340772628782362e-06,0.0,0.011504222711579028,0.0,0.9880413353988069,3.5004764363560465e-194,0.0004534078123512818
2024-03-08,5.378965138631925e-06,0.0,0.0402381973090856,0.0,0.958174000827758,2.18613161725362e-222,0.0015824228980181832
2024-03-15,1.1724087025323366e-05,0.0,0.026979861391741827,0.0,0.9725673475092707,2.1274058655084377e-195,0.0004410670119618536
2024-03-22,2.539767313777397e-05,0.0,0.01493240212657808,0.0,0.9849698346008071,9.225636150644354e-166,7.23655994764938e-05
2024-03-29,2.952649397575638e-05,0.0,0.015073114564374934,0.0,0.9848306423260287,5.340578483217329e-171,6.671661562016477e-05
2024-04-05,2.198049064856128e-05,0.0,0.49351042715813087,0.0,0.4975731279006888,2.1256573837109033e-132,0.008894464450532146
2024-04-12,5.3154179426942806e-05,0.0,0.9695966891495316,0.0,0.02752666618920275,9.332697740552172e-89,0.002823490481838979
2024-04-19,3.79000471963676e-05,0.0,0.9986134731569869,0.0,0.00010450043327967836,4.77915404160234e-84,0.0012441263625366978
2024-04-26,2.1285121111141085e-05,0.0,0.07595776758416416,0.0,0.9236777499297574,2.748340407605e-106,0.00034319736496693607
2024-05-03,0.0005174817760549434,0.0,0.01966962422626767,0.0,0.9798007313392681,3.897258392712845e-169,1.216265840874368e-05
2024-05-10,0.0008046807411986841,0.0,0.021713205315231777,0.0,0.9774736897297513,3.142423405059384e-159,8.424213818017327e-06
2024-05-17,0.0008183027339028132,0.0,0.020152098947177004,0.0,0.9790181857228248,1.5273943117798351e-179,1.1412596095228313e-05
2024-05-24,0.007117073148738164,0.0,0.02859369606010766,0.0,0.9642881442594642,1.216037332725594e-96,1.086531689990424e-06
2024-05-31,3.575215757779694e-08,0.0,0.0162291163618469,0.0,0.9824788153553904,8.455141350624158e-24,0.001292032530605278
2024-06-07,3.6943175380806764e-08,0.0,0.017531670640945435,0.0,0.9812374261204133,6.589712551184161e-21,0.0012308662954656348
2024-06-14,3.943704726572659e-08,0.0,0.02026118711349455,0.0,0.97872012046811,9.62560035172307e-15,0.0010186529813386417
2024-06-21,3.5567522945893456e-08,0.0,0.02376252050463234,0.0,0.9750639066659452,2.2736568581025835e-12,0.0011735372596254994
2024-06-28,7.282109010143135e-09,0.0,0.01996319314435823,0.0,0.9778528994059732,4.308011231989939e-17,0.002183900167559766
2024-07-05,2.2952882433537736e-11,0.0,0.012127237349396289,0.0,0.9699011080141428,6.303368062304903e-13,0.01797165461287766
2024-07-12,1.0511942505077704e-11,0.0,0.010723772102005773,0.0,0.9616689970830936,1.4325060930385165e-16,0.02760723080438781
2024-07-19,7.16083167996168e-11,0.0,0.40985634740635213,0.0,0.01833849139831796,3.891545543036057e-09,0.5718051572321762
2024-07-26,2.216726539014889e-10,0.0,0.4689921500287002,0.0,0.03403258339966246,1.696877752524293e-07,0.4969750966621894
2024-08-02,1.4307668434399553e-12,0.0,0.9575669984306048,0.0,1.5071782164305247e-18,1.0395341653087187e-16,0.04243300156796479
2024-08-09,2.7417688383819483e-12,0.0,0.5767912443936477,0.0,5.353379562981967e-09,1.1044607981320888e-13,0.42320875025012034
2024-08-16,2.8023603761786416e-13,0.0,0.06558786719043992,0.0,0.18667132847083348,1.104022706955511e-16,0.747740804338446
2024-08-23,2.239600098350455e-19,0.0,0.015751439209435922,0.0,0.0005607523503974482,1.1694680638673194e-83,0.983687808440167
2024-08-30,8.367073195411958e-19,0.0,0.010493254367534096,0.0,0.018144573740615046,7.574799835941925e-60,0.9713621718918506
2024-09-06,2.825477922323311e-23,0.0,0.09781695733828517,0.0,1.768710408048463e-14,1.1454752399374014e-47,0.9021830426616974
2024-09-13,2.473925762497289e-22,0.0,0.006416579581094868,0.0,0.00037694123604539595,6.713900647699035e-47,0.9932064791828599
2024-09-20,1.1956412423927727e-21,0.0,0.006957441144825453,0.0,0.0009077175843152191,1.2972118304310895e-53,0.9921348412708597
2024-09-27,4.418809880661369e-22,0.0,0.009427196206403702,0.0,0.00010138899285567274,9.910589794256078e-80,0.9904714148007407
2024-10-04,1.306267025580176e-30,0.0,0.004195758812508486,0.0,5.404124125341943e-07,8.492948063284339e-16,0.9958037007750784
2024-10-11,1.1078180279279894e-30,0.0,0.007457665389919261,0.0,1.2827394172398417e-08,5.44740659399035e-14,0.9925423217826325
2024-10-18,3.5297383415263e-31,0.0,0.0024375086844911735,0.0,4.907309135522388e-05,5.965360520405798e-10,0.9975134176276177
2024-10-25,8.757937359980663e-32,0.0,0.007525177619384091,0.0,3.3183495724688656e-08,4.726773180742524e-07,0.992474316519802
2024-11-01,1.0809734537962004e-12,0.0,0.6725334057553097,1.0716638111438165e-277,6.8306083450178806e-09,4.3798783571891726e-108,0.32746658741300144
2024-11-08,6.593400511019434e-13,0.0,0.024807781785917037,2.829474321568152e-262,0.8727995994934103,1.2301045854644873e-118,0.10239261872001308
2024-11-15,1.1725743264110075e-12,0.0,0.0824554802183236,0.0,0.793456528565474,1.6391065592097223e-111,0.12408799121503038
2024-11-22,1.3255101681395817e-12,0.0,0.03360652879409302,0.0,0.9331887750779716,5.0215227792976776e-104,0.03320469612660977
2024-11-29,1.245094072959903e-14,0.0,0.006055109043336688,0.0,0.9488249458457229,2.1172047380185893e-220,0.045119945110927664
2024-12-06,0.0002100160318622907,0.0,0.009680079918421179,0.0,0.9900719119193055,0.0,3.7992130410856306e-05
2024-12-13,0.0004611535457665807,0.0,0.014528450639632083,0.0,0.9849895434759732,0.0,2.0852338627784118e-05
2024-12-20,0.011252956980180983,0.0,0.899733453272392,0.0,0.08863655357744149,0.0,0.00037703616998528136
2024-12-27,0.00010153845252925264,0.0,0.04344025153521097,0.0,0.9562621809935292,0.0,0.00019602901873057505
2025-01-03,0.9999222198254734,0.0,6.910390887299855e-06,0.0,7.086978363914175e-05,0.0,9.569433312505781e-17
2025-01-10,0.9999327634440199,0.0,6.668206457363794e-05,0.0,5.544914020096386e-07,0.0,4.52238601820873e-15
2025-01-17,0.9993268670509021,0.0,4.632662946646223e-05,0.0,0.0006268063195645025,0.0,6.698311239257017e-14
2025-01-24,0.9925752474864137,0.0,0.0003423418499629555,0.0,0.00708241066359296,0.0,3.053468758165431e-14
2025-01-31,0.9973804751691525,0.0,0.0005337900615746974,0.0,0.0020857347692727728,0.0,6.054749457373689e-19
2025-02-07,0.9989685018928617,0.0,0.0002135117988448102,0.0,0.000817986308293738,0.0,5.524097118231919e-17
2025-02-14,0.9944910279862592,0.0,0.0001584056656093208,0.0,0.005350566348127248,0.0,4.27938212256306e-15
2025-02-21,0.9991340425142933,0.0,0.0007853008341242391,0.0,8.065665139851826e-05,0.0,1.8413567907571147e-13
2025-02-28,0.9952298916947077,0.0,0.004760992769094739,0.0,9.115536131855984e-06,0.0,6.581776113475401e-14
2025-03-07,0.8715433434276643,0.0,0.12845665651680385,0.0,1.6185614214374896e-11,0.0,3.934627159454999e-11
2025-03-14,0.9550122433088567,0.0,0.04498771710926034,0.0,3.946115469136228e-08,0.0,1.207279903788716e-10
2025-03-21,0.9869422507981259,0.0,0.012921955194067263,0.0,0.00013579382431875474,0.0,1.8348808683638716e-10
2025-03-28,0.8930342741812457,0.0,0.10696528094719994,0.0,4.448700818254818e-07,3.0532870793221095e-228,1.4722485422574993e-12
2025-04-04,2.231394293897377e-06,0.0,0.999997768597241,0.0,1.3532381187557388e-43,4.157825758957672e-94,8.464882166652656e-12
2025-04-11,0.004281425206794951,0.0,0.9957185720159303,0.0,7.726979647758006e-22,1.531878615614059e-145,2.7772748639571684e-09
2025-04-18,0.19255267458209283,0.0,0.8074472923347957,0.0,5.309470991254182e-10,4.99002131405603e-146,3.2552164719442745e-08
2025-04-25,0.7424274676265489,0.0,0.2575598922831837,0.0,1.2640046221966998e-05,9.337276709554601e-38,4.404515758430938e-11
2025-05-02,0.4160322444324274,0.0,0.5812356186546114,0.0,0.0027321131518731087,5.658254293820963e-25,2.376108819948458e-08
2025-05-09,0.4176760839312883,0.0,0.5684765547426214,0.0,0.01384731881336157,1.7508903284562863e-22,4.251272840324008e-08
2025-05-16,0.20519356067184832,0.0,0.13554325122768435,0.0,0.6592631705394023,1.889047148700936e-21,1.7561065315124998e-08
2025-05-23,0.3080003755850466,0.0,0.6829170560450761,0.0,0.009082370528286471,5.4544184049860155e-21,1.9784159089805178e-07
2025-05-30,0.24493029432716684,0.0,0.30028470725552214,0.0,0.4547848451296459,2.1414210689562296e-20,1.5328766543427876e-07
2025-06-06,0.24233318020191824,0.0,0.09570600560207486,1.8338863476699244e-190,0.6619607975188135,1.491857788486203e-23,1.6677193318446536e-08
2025-06-13,0.4667302854246654,0.0,0.4719784609876827,1.181811957062542e-200,0.06129112033296418,2.937312983767162e-25,1.3325468794451433e-07
2025-06-20,0.40716258186918974,0.0,0.46727841783040935,1.1614357448380283e-218,0.12555881500323368,4.677406280363245e-22,1.8529716681142052e-07
2025-06-27,0.01677498637678317,0.0,0.07933046880988233,1.5970265274156302e-152,0.903891627753299,2.009071370494274e-71,2.9170600356233726e-06
2025-07-04,0.08360739710210115,0.0,0.07283909571270007,0.0,0.8435530066823163,1.3885353934447727e-108,5.00502882462949e-07
2025-07-11,0.055786331465156394,0.0,0.05806231076458973,0.0,0.88615087435244,7.3325570620058006e-96,4.834178137715095e-07
2025-07-18,0.03964924267234751,0.0,0.05075405972594561,0.0,0.9095961877061152,3.4843546869121164e-85,5.098955915612526e-07
2025-07-25,0.0021910273417864064,0.0,0.027098884474214876,0.0,0.9706985893149976,3.5045122886338597e-184,1.1498869001375481e-05
2025-08-01,0.10856421042882322,0.0,0.4665846614142754,0.0,0.4248123469519124,1.4834851073154333e-210,3.878120498891488e-05
2025-08-08,0.009131172005968483,0.0,0.02722399658857676,0.0,0.9636412412960668,4.950279439789128e-214,3.590109388139545e-06
2025-08-15,0.006757983094024437,0.0,0.027109379919000857,0.0,0.9661279458707295,2.8415627583949743e-209,4.691116245650041e-06
2025-08-22,0.004107860553830545,0.0,0.02147258313757998,0.0,0.9744146378872569,2.515902474346849e-205,4.9184213319472376e-06
2025-08-29,0.008191098090187858,0.0,0.03071927739915656,0.0,0.9610864703961838,2.829979675516056e-159,3.154114471494977e-06
2025-09-05,0.09200853760253148,0.0,0.028320531283118924,0.0,0.8796706479549197,8.036362799829606e-242,2.8315943021485075e-07
2025-09-12,0.064732017038927,0.0,0.025779854153904935,0.0,0.9094877647603734,1.3019312308459818e-236,3.6404679432283454e-07
2025-09-19,0.05898096776370131,0.0,0.03232237858252597,0.0,0.9086960475707635,2.5382334684021173e-226,6.060830091009572e-07
2025-09-26,0.09532241578741822,0.0,0.030357160702812972,0.0,0.8743202960154507,8.99149309964169e-158,1.274943182482672e-07
2025-10-03,0.8827626204764722,0.0,0.008451024527123886,0.0,0.1087863549043486,0.0,9.205566540638246e-11
2025-10-10,0.9728359696126139,0.0,0.02346009809750198,0.0,0.0037039320805908912,4.02998513e-315,2.0929357993361339e-10
2025-10-17,0.9696184808246109,0.0,0.02109958759134146,0.0,0.009281931342123665,3.75952617896e-313,2.41924048003299e-10
2025-10-24,0.8595846975199386,0.0,0.008188901536852082,0.0,0.1322264009290009,5.466461687048842e-243,1.42088713556721e-11
2025-10-31,0.9019229075946079,0.0,0.009711803798892985,0.0,0.08836528859056546,7.955624963800217e-233,1.5933038140684852e-11
2025-11-07,0.9435942712665848,0.0,0.01505484173697533,0.0,0.04135088695604315,3.140111362543415e-226,4.039592805439279e-11
2025-11-14,0.9530208599580205,0.0,0.01947732512249556,0.0,0.027501814842557287,1.684826431051366e-222,7.692593402933662e-11
2025-11-21,0.9547244716674934,0.0,0.04412776009870587,0.0,0.0011477680952202685,5.356868773562762e-201,1.385808729644421e-10
2025-11-28,0.8171869263554565,0.0,0.009839588519518863,0.0,0.17297348512212088,7.0901471927412e-142,2.902993145791915e-12
2025-12-05,0.593346658634683,0.0,0.01681277836274249,0.0,0.38984056300257497,0.0,4.983798720089375e-18
2025-12-12,0.7882572100810228,0.0,0.00919827688452914,0.0,0.20254451303444784,0.0,6.39388041043269e-17
2025-12-19,0.8511574994504365,0.0,0.00496770151374554,0.0,0.1438747990358178,0.0,3.0359649364314103e-16
2025-12-26,0.5824001578656606,0.0,0.01478970270840098,0.0,0.40281013942593885,3.0159868458681784e-239,1.0930770909854269e-17
2026-01-02,0.3161779827203969,0.0,0.025730222293091805,0.0,0.658091794986511,0.0,4.434979551178835e-19
2026-01-09,0.7293523694170088,0.0,0.009634548022292331,0.0,0.26101308256069894,0.0,1.6581503452786932e-17
2026-01-16,0.8911206827114633,0.0,0.00507694227573885,0.0,0.10380237501279758,0.0,3.8595634535182825e-16
2026-01-23,0.9189822846367909,0.0,0.004238525017242471,0.0,0.07677919034595732,0.0,9.12759985542073e-15
2026-01-30,0.9571094983457697,0.0,0.004639558882913859,0.0,0.03825094277113159,0.0,1.8441628964609348e-13
2026-02-06,0.9903657136516385,0.0,0.005087900657157558,0.0,0.0045463856909464485,0.0,2.5820120159079765e-13
2026-02-13,0.9901686751544899,0.0,0.006054936165549364,0.0,0.0037763886750914297,0.0,4.869575617268421e-12
2026-02-20,0.9757227752969642,0.0,0.0044796509655766715,0.0,0.019797573717823733,0.0,1.9635966029152944e-11
2026-02-27,0.967666495375107,0.0,0.014519709440584918,0.0,0.017813795184212312,2.8926911418037e-209,9.545874371095714e-14
2026-03-06,0.949856822382824,0.0,0.05014309756634624,0.0,8.005082750512667e-08,0.0,2.177466985273038e-15
2026-03-13,0.9940799122572195,0.0,0.0059148660407814715,0.0,5.221701995357185e-06,0.0,4.1506261547832006e-15
2026-03-20,0.9954161484128877,0.0,0.004573904931143115,0.0,9.946655845671157e-06,0.0,1.2370477416285641e-13
2026-03-27,0.957618112873135,0.0,0.04238176479116891,0.0,1.2233567118773015e-07,0.0,2.5101481777256818e-14
2026-04-03,0.9996814398229604,0.0,0.0002886383731499711,0.0,2.992180388927403e-05,0.0,9.07725806730368e-17
2026-04-10,0.9977892136860179,0.0,0.00024036730171480124,0.0,0.0019704190122407893,0.0,2.6401789401196134e-14
2026-04-17,0.9906628697152354,0.0,0.00035569525160181393,0.0,0.00898143503232497,0.0,8.374496093581042e-13
2026-04-24,0.9943186526602485,0.0,0.0005820256327109023,0.0,0.005099321702475879,0.0,4.564721563229792e-12
2026-05-01,0.97254364237206,0.0,0.0008920133419118683,0.0,0.02656434427507323,0.0,1.0954696551906698e-11
2026-05-08,0.9602681132874636,0.0,0.0018956546558892057,0.0,0.03783623190910428,0.0,1.4754248394416226e-10
2026-05-15,0.9778013408957709,0.0,0.0016706551393145255,0.0,0.02052800391822832,0.0,4.6685941388430456e-11
2026-05-22,0.9222667059207996,0.0,0.0019635679155109013,0.0,0.07576972601464443,0.0,1.4904510937598267e-10
2026-05-29,0.9074453581711495,0.0,0.003448605173767758,0.0,0.08910603665493415,3.953917970546713e-226,1.4910038107392471e-13
