date,pmi_level,pmi_delta,ppi_level,ppi_delta,vix_level,dxy_level,real_rate_level,cn_pmi_level,cn_pmi_delta,cn_ppi_level,cn_ppi_delta,us10y_level,us10y_delta,yield_spread_level,yield_spread_delta,credit_impulse_level,credit_impulse_delta,commodity_mom
1996-03-15,0.0,0.0,0.0,0.0,0.0,0.0,0.0,0.0,0.0,0.0,0.0,0.0,0.0,0.0,0.0,0.0,0.0,0.0
1996-03-22,0.0,0.0,0.0,0.0,0.0,0.0,0.0,0.0,0.0,0.0,0.0,0.0,0.0,0.0,0.0,0.0,0.0,0.0
1996-03-29,0.0,0.0,0.0,0.0,0.0,0.0,0.0,0.0,0.0,0.0,0.0,0.0,0.0,0.0,0.0,0.0,0.0,0.0
1996-04-05,0.0,0.0,0.0,0.0,0.0,0.0,0.0,0.0,0.0,0.0,0.0,0.0,0.0,0.0,0.0,0.0,0.0,0.0
1996-04-12,0.0,0.0,0.0,0.0,0.0,0.0,0.0,0.0,0.0,0.0,0.0,0.0,0.0,0.0,0.0,0.0,0.0,0.0
1996-04-19,0.0,0.0,0.0,0.0,0.0,0.0,0.0,0.0,0.0,0.0,0.0,0.0,0.0,0.0,0.0,0.0,0.0,0.0
1996-04-26,0.0,0.0,0.0,0.0,0.0,0.0,0.0,0.0,0.0,0.0,0.0,0.0,0.0,0.0,0.0,0.0,0.0,0.0
1996-05-03,0.0,0.0,0.0,0.0,0.0,0.0,0.0,0.0,0.0,0.0,0.0,0.0,0.0,0.0,0.0,0.0,0.0,0.0
1996-05-10,0.0,0.0,0.0,0.0,0.0,0.0,0.0,0.0,0.0,0.0,0.0,0.0,0.0,0.0,0.0,0.0,0.0,0.0
1996-05-17,0.0,0.0,0.0,0.0,0.0,0.0,0.0,0.0,0.0,0.0,0.0,0.0,0.0,0.0,0.0,0.0,0.0,0.0
1996-05-24,0.0,0.0,0.0,0.0,0.0,0.0,0.0,0.0,0.0,0.0,0.0,0.0,0.0,0.0,0.0,0.0,0.0,0.0
1996-05-31,0.0,0.0,0.0,0.0,0.0,0.0,0.0,0.0,0.0,0.0,0.0,0.0,0.0,0.0,0.0,0.0,0.0,0.0
1996-06-07,0.0,0.0,0.0,0.0,0.0,0.0,0.0,0.0,0.0,0.0,0.0,0.0,0.0,0.0,0.0,0.0,0.0,0.0
1996-06-14,0.0,0.0,0.0,0.0,0.0,0.0,0.0,0.0,0.0,0.0,0.0,0.0,0.0,0.0,0.0,0.0,0.0,0.0
1996-06-21,0.0,0.0,0.0,0.0,0.0,0.0,0.0,0.0,0.0,0.0,0.0,0.0,0.0,0.0,0.0,0.0,0.0,0.0
1996-06-28,0.0,0.0,0.0,0.0,0.0,0.0,0.0,0.0,0.0,0.0,0.0,0.0,0.0,0.0,0.0,0.0,0.0,0.0
1996-07-05,0.0,0.0,0.0,0.0,0.0,0.0,0.0,0.0,0.0,0.0,0.0,0.0,0.0,0.0,0.0,0.0,0.0,0.0
1996-07-12,0.0,0.0,0.0,0.0,0.0,0.0,0.0,0.0,0.0,0.0,0.0,0.0,0.0,0.0,0.0,0.0,0.0,0.0
1996-07-19,0.0,0.0,0.0,0.0,0.0,0.0,0.0,0.0,0.0,0.0,0.0,0.0,0.0,0.0,0.0,0.0,0.0,0.0
1996-07-26,0.0,0.0,0.0,0.0,0.0,0.0,0.0,0.0,0.0,0.0,0.0,0.0,0.0,0.0,0.0,0.0,0.0,0.0
1996-08-02,0.0,0.0,0.0,0.0,0.0,0.0,0.0,0.0,0.0,0.0,0.0,0.0,0.0,0.0,0.0,0.0,0.0,0.0
1996-08-09,0.0,0.0,0.0,0.0,0.0,0.0,0.0,0.0,0.0,0.0,0.0,0.0,0.0,0.0,0.0,0.0,0.0,0.0
1996-08-16,0.0,0.0,0.0,0.0,0.0,0.0,0.0,0.0,0.0,0.0,0.0,0.0,0.0,0.0,0.0,0.0,0.0,0.0
1996-08-23,0.0,0.0,0.0,0.0,0.0,0.0,0.0,0.0,0.0,0.0,0.0,0.0,0.0,0.0,0.0,0.0,0.0,0.0
1996-08-30,0.0,0.0,0.0,0.0,0.0,0.0,0.0,0.0,0.0,0.0,0.0,0.0,0.0,0.0,0.0,0.0,0.0,0.0
1996-09-06,0.47247834987250403,0.0,0.6782538599592871,0.0,0.7107740126105946,-0.5324305961548479,0.0,0.0,0.0,-1.0502734368458988,0.0,1.1381571218019741,0.0,0.1762467038352935,0.0,0.0,0.0,0.0
1996-09-13,0.461741292682669,0.0,0.6599764787660952,0.0,-0.8242620804468878,0.4799031921475937,0.0,0.0,0.0,-1.0102111086090286,0.0,0.15842478289891543,0.0,0.8051175601825419,0.0,0.0,0.0,0.0
1996-09-20,0.45170446565282746,0.0,0.6431012870333637,0.0,-0.4424798693915677,0.3047152181523432,0.0,0.0,0.0,-0.9744092059465483,0.0,0.6867516764485962,0.0,-0.28705541944927465,0.0,0.0,0.0,0.0
1996-09-27,0.44229492413879495,0.0,0.6274577046457707,0.0,-0.06387325520035987,0.6207898037205805,0.0,0.0,0.0,-0.9421624675675077,0.0,-0.16377808868687427,0.0,0.15663287241916002,0.0,0.0,0.0,0.0
1996-10-04,0.40169856224928135,0.0,0.26579432072800036,0.0,-1.1282328619633615,0.937396443864386,0.0,0.0,0.0,-1.3084742651777121,0.0,-1.138910933097279,0.0,0.5968999322865932,0.0,0.0,0.0,0.0
1996-10-11,0.3941419770820257,0.0,0.2611747445656405,0.0,-0.8730934566785793,0.7083278033165977,0.0,0.0,0.0,-1.2530591371482043,0.0,-0.7632681584404472,0.0,0.5838480365705286,0.0,0.0,0.0,0.0
1996-10-18,0.3869964055824619,0.0,0.25678795629062384,0.0,-0.8411897865923575,1.2100156561661575,0.0,0.0,0.0,-1.2041365169204097,0.0,-0.9868679458764272,0.0,0.11785113019775807,0.0,0.0,0.0,0.0
1996-10-25,0.3802258903163748,0.0,0.25261503959700116,0.0,1.0168830894700254,0.2615731650815613,0.0,0.0,0.0,-1.1605302133266646,0.0,-0.7634714540998916,0.0,0.8041131376518671,0.0,0.0,0.0,0.0
1996-11-01,0.33334463875176856,0.0,0.6185634925643391,0.0,1.4577325087835975,-0.3005512872563166,0.0,0.0,0.0,-1.3917295608111755,0.0,-1.5078586009084178,0.0,-0.37408451162843365,0.0,0.0,0.0,0.0
1996-11-08,0.32802776127798833,0.0,0.6063574864695936,0.0,-0.3080369411106667,-0.974749971134354,0.0,0.0,0.0,-1.3352544159215887,0.0,-1.8347103377614058,0.0,-1.7093116857374184,0.0,0.0,0.0,0.0
1996-11-15,0.3229574427042233,0.0,0.594846664851312,0.0,-1.4487163885509555,-0.8635747702613294,0.0,0.0,0.0,-1.2851398059966532,0.0,-2.1333791946774876,0.0,-2.0161000958050583,0.0,0.0,0.0,0.0
1996-11-22,0.3181151977193434,0.0,0.5839674485346529,0.0,-0.9548522180993904,-1.0140616210692488,0.0,0.0,0.0,-1.2402749603557364,0.0,-2.1356924902360985,0.0,-2.742424225279582,0.0,0.0,0.0,0.0
1996-11-29,0.3134844248499935,-0.5131256949876281,0.5736641120812296,-0.6143430725877557,0.8814722660099694,0.7134819541269224,0.0,0.0,0.0,-1.19980299238532,0.49251948898298287,-2.3071047390667103,-2.1338881278273014,-2.319129136821151,-1.7422827384420214,0.0,0.0,-1.192228354649565
1996-12-06,0.4887983310465429,-0.34417291973917713,2.1769043616429813,1.0722441621964154,2.12318177481587,1.38092086330542,0.0,0.0,0.0,-1.3191082796587952,0.1953951076765991,-1.4323880571633583,-1.0446029180154806,-1.1577224734721445,-1.2724238917671395,0.0,0.0,-0.6068786998292134
1996-12-13,0.4812146488514405,-0.33725845884446215,2.0324924496961323,1.0319495631984659,3.2989072400486585,1.608980011404287,0.0,0.0,0.0,-1.2750766264539175,0.19174350584181937,-1.11840493589346,-1.1025705156619199,-0.5878530088493783,-0.20728007252314995,0.0,0.0,0.8106970128183351
1996-12-20,0.4739733376123707,-0.33074466131357455,1.9134685801362123,0.9958810342419385,1.677775959438052,1.4850090549740556,0.0,0.0,0.0,-1.235179016037332,0.18828926505356136,-1.0124088125452115,-0.5948510576192729,-1.2957758520310498,-0.9820648045184277,0.0,0.0,0.35906865684084127
1996-12-27,0.467049388134781,-0.29141145706065974,1.8131712862510434,1.314257481345533,1.7710946334687196,1.530537929581921,0.0,0.0,0.0,-1.1988065710916456,0.8821085542719539,-1.1774101625534026,-0.197488576485394,-1.7620286184630773,-1.559305209802976,0.0,0.0,0.9621614332176185
1997-01-03,0.6243030104618341,-0.13753243038205637,2.563408846248479,2.2031263507157957,1.689829119976184,2.0453898385401796,0.0,0.0,0.0,-0.9593785274822229,1.2413636077142658,-0.29831641835612105,0.19939564057634868,-0.3069643854336811,-0.4977578155475674,0.0,0.0,-1.8199368344124243
1997-01-10,0.614452459026308,-0.13532644021392362,2.3637473611411077,2.020595197887836,1.8999506537579929,2.3934823065997493,0.0,0.0,0.0,-0.9386471800549044,1.1934162828797101,0.1423353425762149,0.6193293640331576,-0.3031316972291151,-0.22787447292611415,0.0,0.0,-0.7287975812742595
1997-01-17,0.6050539410994503,-0.13322330556035347,2.204482411981991,1.8770161841416402,1.2467955585830965,3.1162383189861704,0.0,0.0,0.0,-0.9192042072774657,1.1506275079154988,-0.14071328209420153,0.3128806822598719,-0.48164717491476067,-0.7496252697116936,0.0,0.0,-1.0939025478593316
1997-01-24,0.5960739093242556,-0.08856673282331727,2.0736039703556015,1.483384731532106,1.6085741550215409,3.616593796176989,0.0,0.0,0.0,-0.9009214635344276,1.569012588537831,0.18609801911202445,0.9511950132624881,-0.2913042686284134,0.06492060955463703,0.0,0.0,0.9843398106124672
1997-01-31,0.4799567560633473,-0.18829175707545434,1.963571654414817,1.418140570307904,1.6257541167977223,3.65060597550092,0.0,0.0,0.0,-0.8836879655377319,1.4947603291524743,-0.2679086194043338,0.8727946147231757,0.0852321582807346,1.1299244957650816,0.0,0.0,-0.2367606039733763
1997-02-07,0.47379534918953187,-0.185566823068285,0.38578180745648655,-0.4188707005390768,1.2546564878324613,3.49281613157875,0.0,0.0,0.0,-1.0252192115061218,1.1645604879406155,-0.677104752777609,0.8516239583030532,-0.2929129679517246,1.0948750160307825,0.0,0.0,-0.8969383307505019
1997-02-14,0.4678652982036612,-0.1829568696714632,0.3812464258315015,-0.41219536197354306,1.3761304888023396,3.593952671750282,0.0,0.0,0.0,-1.0039929242794425,1.1282244513437842,-1.2746659603290742,0.5343875796738656,-1.755667704631021,0.6707551841101048,0.0,0.0,1.9763578852404646
1997-02-21,0.46215247763269757,-0.18045403173009608,0.37686733144071805,-0.40582932265790167,2.054288144096877,3.2196963573392035,0.0,0.0,0.0,-0.9840327141646892,1.0950903119789455,-0.9217795266456985,0.9878441967405811,-1.3400654218188588,0.7911440091372821,0.0,0.0,2.7751902662957892
1997-02-28,0.4008555002016778,-0.42133247434739945,0.37263574969355523,-1.7393267205051013,2.22071546349942,2.852477654352884,0.0,0.0,0.0,-0.9652175251089293,1.3314108387800947,-0.08145577687627094,0.9631223762050931,-1.9831425138200651,-0.5839631304057417,0.0,0.0,3.446992801053367
1997-03-07,0.39637046980791263,-0.41511236376243565,-1.2257135714233263,-3.085123246328592,1.2337296750789795,3.0402622429824953,0.0,0.0,0.0,-0.7885386259530167,1.5447804670143768,-0.03868750439717332,0.7774653607292434,-1.8936753327461147,-0.9782797401561589,0.0,0.0,1.55173741374782
1997-03-14,0.37535830279320076,-0.40915984333507077,-1.306703430735379,-2.7452348412024152,1.4330160240229974,2.5861415333134845,0.0,0.0,0.0,-0.7802188429310499,1.4832700373362535,0.5398096511101315,1.0880814085475696,-0.8115122131631349,0.41323333276335206,0.0,0.0,1.9605528899292377
1997-03-21,0.37497251199537757,-0.40345626109857247,-1.399725794865818,-2.4975235108609746,1.3204390620645408,2.297356119196289,0.0,0.0,0.0,-0.7830690029175619,1.4285668741109292,0.6391126562176,1.2730042512069566,-2.0750455304615283,-0.2889068194648419,0.0,0.0,1.195432261676948
1997-03-28,0.7713848009764799,-0.5716939916170833,-1.5084204947856636,-2.8360559759557855,1.6860935293172834,1.9644540041323066,0.0,0.0,0.0,-0.8076463573405328,1.0424922530131753,1.2774032969855686,1.0763526081615775,-1.9668963939279003,-1.381687574848389,0.0,0.0,2.3348158990431678
1997-04-04,1.0499372270318248,-0.5074353608088368,-1.929560249139192,-2.8141864872623676,1.0085711050217518,1.9906598470705688,0.0,0.0,0.0,-0.7052708321656769,1.103423488188937,1.3119579607483143,0.8084194890435652,-1.482928196052897,-0.9376328303710478,0.0,0.0,0.3912575738098001
1997-04-11,1.023690963149679,-0.5003360907520007,-1.8819991642504645,-2.5660832872421273,1.2321097135753125,2.299347429805833,0.0,0.0,0.0,-0.681534220081688,1.0766266698302656,1.4962259357642436,1.1437434319486657,-1.8662818735624875,-1.1870943241871814,0.0,0.0,0.3247174872651847
1997-04-18,1.0009876692761155,-0.493526686005747,-1.8370303893373099,-2.3738154940938405,0.704358445466687,2.070455035473062,0.0,0.0,0.0,-0.6600963701336423,1.0516918817284773,0.8867384969567118,0.5196924921806088,-2.1773798334339234,-1.6754456270913105,0.0,0.0,-0.6651875544575981
1997-04-25,0.9826160430471743,-0.37234031599268574,-1.7944129487027474,-2.2191597275673325,1.802917064227021,2.148497021779383,0.0,0.0,0.0,-0.6420364747942591,1.028413009666917,1.2480739264577139,1.0869612860358244,-2.297324031012779,-2.0945036228907608,0.0,0.0,-0.014333163707489105
1997-05-02,0.8966277493526491,-0.37619106842197336,-1.1748443291934152,-0.9058190403145528,0.020561773478751818,2.0172290627076315,0.0,0.0,0.0,-1.0006748622002712,0.9209736672783048,0.21430480929615764,0.6265685940636602,-1.9388534205139794,-1.5107803204336387,0.0,0.0,-0.25608980985675783
1997-05-09,0.8628278064676463,-0.37179608076897463,-1.140916751042787,-0.8891151033412482,1.2388054751249304,1.3529565055247517,0.0,0.0,0.0,-0.9710358201624933,0.9037392074245201,0.1800244869903263,1.0026220970447124,-1.7509251369013903,-0.3330951220528412,0.0,0.0,-0.48153918063227985
1997-05-16,0.8300092622657912,-0.3675516174310858,-1.1083996174878386,-0.8733024404897803,1.8474684950237592,1.1306916847850716,0.0,0.0,0.0,-0.9437528647906352,0.8874374337805738,0.2990169010152627,0.845899969993579,-1.7954417705642676,-0.7168685054702497,0.0,0.0,-1.5766550811680544
1997-05-23,0.7980727602395007,-0.3038206470660558,-1.0771743751739844,-0.8583045108222217,0.16919092991737963,1.0851713088150725,0.0,0.0,0.0,-0.9191202953327071,0.8719871471910089,0.45513278398306944,0.38638064585599846,-0.782250473935568,0.7268879214418346,0.0,0.0,-2.2437984497680543
1997-05-30,0.7675756744137225,-0.3006184123057568,-1.0471354736219205,0.12050686094967569,0.6737973059350717,1.2027191763370118,0.0,0.0,0.0,-0.897647037436748,0.5945713429923742,0.18410843042034936,0.15536151626013833,-1.2914429136533176,0.19344100782421028,0.0,0.0,-0.9585513906141603
1997-06-06,1.994549584162959,-0.014215919141301821,-1.2805207443406135,-0.017765544590903765,0.5294599896202662,1.3272442409903253,0.0,0.0,0.0,-0.8722560005351425,0.5794776227603231,-0.44894602715519055,-0.6830714700041497,-2.003442913349233,-1.3709829066411279,0.0,0.0,-1.1546624739826754
1997-06-13,1.914029650805616,0.10824727752815555,-1.2410093227986008,0.009884853133306752,0.6805890310608367,1.3411703634534948,0.0,0.0,0.0,-0.8494933296034108,0.5736845161328941,-0.7521052044252344,-0.972648984392588,-1.7911224761331457,-0.15561807150275622,0.0,0.0,-1.3046912575449887
1997-06-20,1.8439297504031897,0.71419030599708,-1.2034023114821835,0.038716204682937745,1.0846731025652285,1.165760798549523,0.0,0.0,0.0,-0.8300374677661638,0.5903265189203468,-0.9711304302230283,-1.5768969496244778,-2.2831374342842583,-0.7974416872240474,0.0,0.0,-1.216185744809619
1997-06-27,1.7832132196617936,0.4080961804466294,-1.167521646958415,0.3090462351889759,1.5333001652786147,1.1827617489253412,0.0,0.0,0.0,-0.8150659391771157,0.42342299286572543,-0.5621040363350779,-1.310674054337691,-1.2217846485976769,-0.06991345596220687,0.0,0.0,-0.02954651716566563
1997-07-04,1.1012167329384028,-0.07178518564159535,-1.4955891177496519,0.05766357367863409,-0.14639625259616837,1.1837609265323976,0.0,0.0,0.0,-1.4923655258330286,-0.32773069341672495,-1.1771377608511964,-1.8520656411739125,-1.7635925640970678,-0.3317482871036488,0.0,0.0,-1.006941751661521
1997-07-11,1.076900019013116,-0.023664281269578043,-1.438775739215851,0.06984485372893974,0.44693355184486633,1.2783947333591836,0.0,0.0,0.0,-1.4744665736277276,-0.3723795805833357,-1.4676600160727584,-1.5991589812467895,-2.1162603173540124,-0.4571023061480645,0.0,0.0,-1.5645238852649739
1997-07-18,1.0533473429867428,0.031760778057719465,-1.3857099172147085,0.08214843656576533,1.91930081430182,1.475811593302922,0.0,0.0,0.0,-1.4675674134676473,-0.4216655604467399,-1.36482607703671,-1.765284081383883,-2.0978710536942544,-0.29354493148646177,0.0,0.0,-1.5185954519318352
1997-07-25,1.0305100686407416,0.12039498317405446,-1.3359374990304558,-0.2668136700582781,1.1782340918654748,1.8290344156837433,0.0,0.0,0.0,-1.4754917583941405,0.20771130797305917,-1.5572867406843418,-1.157768777762668,-2.178139208648773,-0.8871877736958386,0.0,0.0,-1.2051617218432007
1997-08-01,2.3560116489007727,1.5814096844961627,-0.944008014469411,0.00684987745250388,1.7752598449477863,2.0325801064798683,0.0,0.0,0.0,-1.76204040160832,-0.12971615569579123,-1.4168601285957152,-1.0517107786964586,-2.04901739252117,-1.0307783947905822,0.0,0.0,-1.493819972926767
1997-08-08,2.230421796523161,1.511128287247295,-0.912515261864085,0.013717466295607333,1.7648348547074655,1.794711175497115,0.0,0.0,0.0,-1.7189609680560125,-0.14998242496430117,-0.6437529757227666,-0.6242042880852046,-1.4465331187580777,-0.1317213720685505,0.0,0.0,-0.9210391781916185
1997-08-15,2.1229182094941135,1.4462719822100352,-0.8820389115472885,0.02060384162390267,2.49118263499163,1.612964670373068,0.0,0.0,0.0,-1.685365840186405,-0.17081424561172373,-1.0713246522341624,-1.0085104536426501,-0.985782032330119,-0.5558853353223755,0.0,0.0,-0.38266493753279507
1997-08-22,2.0302440909427673,1.386985743668731,-0.8524894919805627,0.027510095155732946,2.4712999077122864,1.4884346555060357,0.0,0.0,0.0,-1.6622946409053072,-0.1922681935309477,-0.5878382345153349,-0.5061673829563218,-0.9504294521816583,0.07040091115013308,0.0,0.0,0.12196177516078165
1997-08-29,1.9501337310541453,0.16524991333030253,-0.8237859104933655,0.21185903685932433,2.302706047876576,1.4206219323414713,0.0,0.0,0.0,-1.6517854163687402,-0.20275480618142286,-0.7257804650609057,-0.16819867418863693,-1.2272006335689227,0.5870867742123076,0.0,0.0,-0.4811188392800436
1997-09-05,1.2163502544858786,-0.520634234230294,-0.4594507284189769,0.4784775741118813,1.99414800727049,1.3192995113331094,0.0,0.0,0.0,-2.1729333717890555,-0.7152927668721686,-0.5674104807808,0.13515636665152342,-0.9744787906987983,0.7308526762810019,0.0,0.0,0.1473342092418242
1997-09-12,1.1697645111192603,-0.49906232145822477,-0.44352183834772557,0.47640163215755577,2.20203283087065,1.0310538368462003,0.0,0.0,0.0,-2.1279501793394173,-0.7259454595149929,-0.8872126493827662,0.07316191773960236,-1.261636448884021,1.0628978274330332,0.0,0.0,0.4023531001714366
1997-09-19,1.1255514978426613,-0.47766230041727065,-0.42771983724285173,0.4743304409714511,1.2250098221552952,1.0264280914647677,0.0,0.0,0.0,-2.1010438100102085,-0.7367788338440074,-1.7068773626539329,-0.6941110782863127,-2.0280681767236173,-1.4360286875858022,0.0,0.0,0.34043164089552375
1997-09-26,1.0834511791063168,0.10120530077423273,-0.4120328575144467,0.732739224903799,1.0019280055027655,0.8436649987578845,0.0,0.0,0.0,-2.0953805275820025,0.10493664722668082,-1.6667314468776029,-0.32050401616722096,-1.9314736349913966,-0.6239903578383482,0.0,0.0,2.0836719221265714
1997-10-03,-0.11272625487937112,-1.192430376826194,-0.06014884836569753,0.9755534350135484,0.6932162139028495,0.7870784495827726,0.0,0.0,0.0,-2.1851537600801128,-0.09757122521913318,-1.8650228714092847,-0.30217359022451085,-1.7576976759443241,0.1956153877027463,0.0,0.0,4.192958693674259
1997-10-10,-0.1426447985554997,-1.2387229774354365,-0.05570775623839537,0.9520204877574505,-0.06428059948909084,0.6359653402707081,0.0,0.0,0.0,-2.0754564376650575,-0.13148552787298054,-1.2281091323085758,0.0488228092310612,-1.6983111869210945,0.38673490820437056,0.0,0.0,3.231684280262458
1997-10-17,-0.17418578111684396,-1.288673499860058,-0.05126539260385998,0.9291660844543166,0.7168030814515046,0.819975460763608,0.0,0.0,0.0,-1.9800155740717744,-0.16769999773654337,-1.105963092700695,0.2524955549486986,-1.9321257057632,0.24431363743997908,0.0,0.0,2.161443235379527
1997-10-24,-0.20762256046531377,-2.612151232666322,-0.04682149137205843,0.6512742200865637,1.3036248559041355,0.842661619778144,0.0,0.0,0.0,-1.8964623505423654,0.1864386180188267,-1.6744209922743902,-0.23456130662559205,-2.2550261155793647,-0.39395551388698163,0.0,0.0,0.6544555077428903
1997-10-31,1.1003226307493865,-1.263224161590048,-0.037967337703113835,0.6371073114933877,4.74792346727918,0.26362538208535535,0.0,0.0,0.0,-1.7962757643480123,0.15488562091958039,-2.1995566234895283,-1.1665395353559378,-2.2293751772434836,-1.3755747107814564,0.0,0.0,0.8742378995875477
1997-11-07,1.0758504893777892,-1.2244155531922334,0.0850139513218769,0.7064459044490684,4.161853379550693,0.09634659200340548,0.0,0.0,0.0,-1.5248100584022812,0.3155482983713975,-1.8792781591447745,-0.6942972939683073,-2.270500476501397,-2.2490994515071097,0.0,0.0,0.6327126298627856
1997-11-14,1.055835168104015,-1.1874431011514228,0.09188784000079896,0.6900313558110484,3.115920339016219,0.3268005609723741,0.0,0.0,0.0,-1.458208347235463,0.2832802111312675,-1.9401589248092015,-1.1044960681150637,-2.376207479993008,-2.5413042807570507,0.0,0.0,0.6236643855300285
1997-11-21,1.041442635981787,-1.1521370619772755,0.09879088344272259,0.673898943849029,1.3112290905857544,0.43800784446652385,0.0,0.0,0.0,-1.3964853348272694,0.2495080569152229,-1.9941196045122296,-1.146320210746388,-2.3687108415724945,-2.280968453426235,0.0,0.0,1.6664736983546231
1997-11-28,1.0346812760088047,-0.4756564633762696,0.10572427578782205,0.4121620065049126,1.4453502409342494,0.8080391791296139,0.0,0.0,0.0,-1.3389706407986643,0.8560487733347503,-1.8074904256785598,-1.1774106593466365,-2.4996661993442575,-2.8878755407026206,0.0,0.0,0.7850463666602615
1997-12-05,0.5375750665160323,-0.8007018749800302,-1.1404967957232908,-0.4958326472295637,0.22975718012704538,1.1570387405359837,0.0,0.0,0.0,-0.7479458127659648,1.4874990803807697,-1.5483750617464132,-0.7835033835537634,-2.1839670689055968,-2.077692866164722,0.0,0.0,0.6503850462552018
1997-12-12,0.5095040250431484,-0.7772710878099002,-1.1024027025233258,-0.47210397247045255,1.490449254457254,1.0887777341176645,0.0,0.0,0.0,-0.7235507423421426,1.4780822295025646,-2.0201179410982886,-0.7418023054617949,-2.132905087835336,-1.1136251823680303,0.0,0.0,1.7297198533569378
1997-12-19,0.48135500734093306,-0.7543920904546352,-1.0665623535730875,-0.44845244210487056,1.7101883879566921,0.9719673008383344,0.0,0.0,0.0,-0.6996711720186743,1.482642035438022,-1.9662088469728014,-0.7684996116882444,-2.3441378679085436,-1.6843291229630015,0.0,0.0,1.7377420558990926
1997-12-26,0.4530274019654468,0.423581324309745,-1.0329129114460844,-0.6769111509554849,1.647565866998669,1.011499596008148,0.0,0.0,0.0,-0.6762648665964616,1.656914551633333,-1.784809527702938,-0.470261741994463,-2.1886101358461896,-1.7427453848848111,0.0,0.0,1.0660294670886685
1998-01-02,-0.390886962913366,-0.13528344518723345,-2.653045985554108,-1.812538846442749,0.2539424518404593,1.6895924155689737,0.0,0.0,0.0,-1.1878373210503668,0.8822798785973965,-1.9055757502293107,-1.0764610248118303,-1.9444409714376913,-1.4323139856136136,0.0,0.0,0.42702640263011965
1998-01-09,-0.38081968582040177,-0.10417922761241931,-2.5643911773777694,-1.7432707742187774,1.433805256154732,2.0736072052188077,0.0,0.0,0.0,-1.143707161420391,0.853441342182933,-2.464383473609649,-1.812657274138343,-0.8582109039853062,0.7440814237046222,0.0,0.0,0.13511639094140304
1998-01-16,-0.37081318221633086,-0.0715088815971078,-2.5016142017588807,-1.6818750825761977,-0.2171097405777312,2.049289408503441,0.0,0.0,0.0,-1.101803455774858,0.8254273337496579,-1.9643441127043377,-0.9362131448603205,-1.1039469452241442,0.7287704148834114,0.0,0.0,1.724477166464263
1998-01-23,-0.36086432636843524,-1.3683053250304484,-2.4652765368332323,-1.6209368119819454,0.15677424493974917,0.800038820417626,0.0,0.0,0.0,-1.0619079035061303,0.8254273337496579,-1.4802634254879927,0.0065198598575539075,-0.4260882223484065,1.8583441379216246,0.0,0.0,2.1017005752073303
1998-01-30,-0.3725817655500998,-1.3193427884095423,-2.4590431389619134,-1.647559503935934,-0.2891505956128521,1.9481180668501632,0.0,0.0,0.0,-1.0238361458380267,0.5881913340551378,-1.8132862673219552,-0.6149583550251458,-0.9134453016598583,1.300204671285769,0.0,0.0,2.2410999407184566
1998-02-06,-0.8711838341539018,-1.6351334851833215,-2.7644296247163984,-1.8849458085870043,-0.5262810196276442,1.2425931493633793,0.0,0.0,0.0,-1.6964529330882114,-0.38064262815709005,-1.5176046334047952,-0.22113538554276277,-0.6565952114093669,1.9902372409612243,0.0,0.0,3.09003159226386
1998-02-13,-0.8711838341539068,-1.5738385473055108,-2.5747129053762725,-1.7864567958553537,-0.6901969496485331,1.4995747522816247,0.0,0.0,0.0,-1.6167543578484505,-0.37078578930837364,-1.7433430145779116,-0.457298027196101,-1.4554473094633953,0.9509720427472916,0.0,0.0,2.24955210006595
1998-02-20,-0.8711838341539018,-1.518342243590162,-2.4179815743336595,-1.6980354448808241,-0.8789051486633174,1.5355200171815893,0.0,0.0,0.0,-1.5439644680827127,-0.3609855347184445,-1.5513779808216133,-0.400592162809025,-1.4026664011720902,1.4336257647048176,0.0,0.0,1.8366782388134948
1998-02-27,-0.8904322667003173,-1.0999021765241837,-2.286220488866363,-0.7885775044889538,-0.9664038946983204,1.2283958570935725,0.0,0.0,0.0,-1.477028821686189,-1.0509544665287336,-1.3106049563523605,-0.3136901468270799,-1.780981959001913,0.47665317823459036,0.0,0.0,1.6505479597418358
1998-03-06,-1.529559146031118,-1.5218142365703238,-2.429493573646862,-1.0199638435597478,-0.8262267697129045,1.6153039745730409,0.0,0.0,0.0,-3.3375412776233824,-3.6242454362936063,-1.0191689328536446,0.5798491450175418,-1.1244123629032825,1.4860727615526872,0.0,0.0,0.42184908257306714
1998-03-13,-1.5207033909981285,-1.4607270497707103,-2.256914688650571,-1.0111927162445313,-0.9187324926744115,1.137376939262602,0.0,0.0,0.0,-3.0090106277847997,-3.2212081354499262,-1.3084143294504356,0.21945589334558155,-1.6080670738825358,1.247389181820855,0.0,0.0,0.11765599750128702
1998-03-20,-1.5119533299526218,-1.403897688963764,-2.1105794120445456,-1.0025309854564373,-0.9156024344170289,1.43179034244121,0.0,0.0,0.0,-2.755541188032554,-2.921133558945697,-1.2816107380752708,0.1371086537339068,-1.7541457584904525,0.8876688736021497,0.0,0.0,-0.4554945689306563
1998-03-27,-1.5033066919342621,-0.8023655217319431,-1.9841290658330655,0.08032193289024636,0.18694043923346793,1.256052504291573,0.0,0.0,0.0,-2.552162273300336,-2.21006998405547,-0.9984567381017295,0.8080573626033495,-1.6761008503474584,0.634678581179837,0.0,0.0,0.7590298432166589
1998-04-03,-1.4699468754256275,-0.7992243565717834,-1.7019781486823837,0.21178473079774746,-0.21180580715060915,1.9129485360876612,0.0,0.0,0.0,-3.0321092839880257,-2.926656971763675,-1.443719545055161,1.0461933413817974,-1.611528233448667,-1.0643056298762834,0.0,0.0,1.870165750882284
1998-04-10,-1.4380021246156467,-0.7960971857494331,-1.6217100767537922,0.18155044763992595,-0.29379900733293435,1.1436089213317941,0.0,0.0,0.0,-2.7805386495007545,-2.6689211502732357,-1.1345798699442604,1.0443379470039287,-1.2624876382926669,-0.1536818146064935,0.0,0.0,1.031310172611727
1998-04-17,-1.4073646544667018,-0.7929838710500878,-1.548392145576455,0.15003084284353524,-0.4832065415655636,0.8957437557953973,0.0,0.0,0.0,-2.5788238301662636,-2.4619101098822718,-1.1034646786127644,0.5016353875159962,-1.500407379637272,-1.5878790648058323,0.0,0.0,0.41745279534758833
1998-04-24,-1.377937830737735,-0.7727779621908156,-1.4809545685823935,0.11693588188895931,-0.19953788171465697,0.6058061949940224,0.0,0.0,0.0,-2.4125561865843133,-2.2904897322529796,-0.8815825431267389,1.4966898753928564,-1.367861272422477,-0.7070469073416046,0.0,0.0,0.14100629629213696
1998-05-01,-1.7831207776576974,-0.7539614551247329,-1.25331970177755,0.6314417419288606,-0.8412137775196487,0.5062321543258774,0.0,0.0,0.0,-2.7009383142689267,-2.258769757263128,-0.8511788097833803,1.1947646607786442,-1.1739543470760143,-0.8163099403371497,0.0,0.0,-1.0997202779248665
1998-05-08,-1.722983970371912,-0.735529661918232,-1.2040708570238985,0.6097750113562225,-0.5487217977441612,0.3924782884195409,0.0,0.0,0.0,-2.495213780356968,-2.115719847850964,-0.7146647603563244,1.9276470994953991,-0.987586893829739,0.638952770289093,0.0,0.0,-1.3975389114584713
1998-05-15,-1.6670072579931294,-0.7174606287701206,-1.1574326359942102,0.5884340928667666,-0.5734287637327173,0.8070521212552486,0.0,0.0,0.0,-2.324970453413396,-1.9919159722379138,-0.7705957392500677,1.6740748592739347,-1.3174124030382826,0.0755485036250682,0.0,0.0,-1.1839841152749286
1998-05-22,-1.6146953868429186,-0.6940854306118945,-1.113101906894557,0.5673895763511411,-0.9294471898851451,0.331965185374836,0.0,0.0,0.0,-2.180857950907664,-1.8831804786275264,-0.8632453745197474,1.211475771736363,-1.578471897760794,0.32153833843206936,0.0,0.0,-1.524249984551338
1998-05-29,-1.5656319858434427,-0.2357287720946448,-1.0708173530957168,0.8259163601942741,-0.3803945236907942,1.0591858703662291,0.0,0.0,0.0,-2.0566795497509687,-0.32832587314574874,-1.081194669238201,0.4371137226397653,-1.3814087592652258,-0.3406708597335374,0.0,0.0,-1.3653303770541467
1998-06-05,-2.189012250665745,-0.8488479653936827,-1.2709701620425524,0.5559656884468679,-0.7601755314874659,0.8523690076103319,0.0,0.0,0.0,-2.5441049944713723,-1.2265449613420878,-0.9886989241527425,1.1439567346679633,-1.553198831099771,0.10361903553239989,0.0,0.0,-1.2398923924660965
1998-06-12,-2.0543679836738398,-0.817897917289264,-1.2207387849515572,0.551692045556029,-0.04727720183454872,1.7944707027586722,0.0,0.0,0.0,-2.368971022520199,-1.17901796843775,-1.4222959172186214,0.5286679604481309,-1.4968849247360523,0.4475460470867485,0.0,0.0,-1.48381842908861
1998-06-19,-1.937049304179821,-0.787990290538848,-1.173234108680129,0.5474395419398294,-0.26720320963601796,0.7420726998700431,0.0,0.0,0.0,-2.2213667493855134,-1.1339206086121179,-1.2502817194628395,0.205627594468552,-1.7981158677339473,-0.1256656388371659,0.0,0.0,-1.3168308387005425
1998-06-26,-1.83341862972939,-0.7566509923322267,-1.128136378054645,0.37723038254105506,-0.8831505795734724,1.5801751518765175,0.0,0.0,0.0,-2.0946833925017727,-0.42372628769955406,-1.2507787229919147,1.0309315526380063,-1.7381010109361912,-0.11485326928410049,0.0,0.0,-1.76339235442299
1998-07-03,-2.6231602221370034,-1.742254884591151,-1.008386524968165,0.46356025956412883,-1.294697839624852,1.7608290482116637,0.0,0.0,0.0,-2.2336235693799167,-0.8611018909876251,-1.3381645078141085,0.3087101651132706,-1.4520714470973068,-0.2208802922599487,0.0,0.0,-1.555644887551484
1998-07-10,-2.4175395127456296,-1.65892725257779,-0.9717077098971338,0.4615343272995284,-1.221116482467165,1.7581069386756314,0.0,0.0,0.0,-2.096395091238191,-0.8376854252333734,-1.2894327163501682,0.2783347059570883,-1.1738239053051311,0.5725261413697105,0.0,0.0,-1.4871852545401674
1998-07-17,-2.2469953759913897,-1.5831264870381152,-0.9363594132096525,0.4595128221491371,-1.5649261293491634,0.7967040271252038,0.0,0.0,0.0,-1.9772180390664904,-0.8148727991574398,-0.9490717908020634,0.28977889179749206,-0.8268692176321097,0.8961539911023635,0.0,0.0,-1.413183718976306
1998-07-24,-2.1021808194833294,-1.1796200035329976,-0.9022071661713997,0.2778719237821119,0.03299982524508475,0.846409883922301,0.0,0.0,0.0,-1.8722809980819963,-0.23523215825994362,-1.113828911988669,-0.024429401678003847,-1.4033286381342054,-0.24043155858843918,0.0,0.0,-0.8124479023894619
1998-07-31,-1.8870508017033136,-1.0148679611150284,-0.8679183040115824,0.27787192378211173,0.4461696943740264,1.1352666112702026,0.0,0.0,0.0,-1.7766745494600724,-0.22447226866298922,-0.9067348056985035,2.754450353630719e-16,-1.047607871597453,-0.019695823436482157,0.0,0.0,-0.9220351505785138
1998-08-07,-1.8072137334149407,-1.0108057354964723,-1.369023333357711,-0.3269125690913079,0.9438220036158124,1.2726538971967403,0.0,0.0,0.0,-1.748836191084951,-0.32475904072000855,-1.232414732822422,-0.3517579355201131,-0.6209856918333574,1.091123815660882,0.0,0.0,-0.7650510921052037
1998-08-14,-1.7362193042332614,-1.0195497961772755,-1.3138852937445291,-0.31500819081112996,2.4627536377757875,1.7469280609217557,0.0,0.0,0.0,-1.6658396730571552,-0.31177037421181253,-1.1994390197332223,-0.17782224596280546,-0.5932704544119184,1.478402182452945,0.0,0.0,-0.5663776855200443
1998-08-21,-1.672993199206708,-1.0503488853526979,-1.2621569804043966,-0.30315000056981223,2.071264940949606,1.530653590417847,0.0,0.0,0.0,-1.590385503377872,-0.29882549073695375,-1.4791759502263668,-0.1829534890350342,-0.4785409694524116,1.327535717504031,0.0,0.0,-0.18734478587173806
1998-08-28,-1.6167777067573548,-0.0901071809549671,-1.2134266149018895,-0.02885840303152119,3.056368815042297,0.3512258674428097,0.0,0.0,0.0,-1.521303096357851,0.6028994815796261,-2.2959828910610316,-1.390209437214818,0.3847150770375718,2.444942093257784,0.0,0.0,-1.2646354990220652
1998-09-04,-1.511246506899455,0.010188257174265762,-1.465892480793075,-0.3615032416635858,3.2835883790662224,-0.7378289187296044,0.0,0.0,0.0,-1.7313370443370069,0.03700105121607825,-2.4971106670839234,-0.9561620473941386,-0.038866103716823495,1.8535564240591793,0.0,0.0,-0.25534125429018106
1998-09-11,-1.4520318015798241,0.03707734049728641,-1.4106665713906057,-0.34104804504499137,2.993575511488495,-1.6584566018826992,0.0,0.0,0.0,-1.6493637621360366,0.03700105121607825,-2.9721353677928333,-1.8833765155923865,0.6421303976774475,2.708116460476325,0.0,0.0,-0.6798988631372335
1998-09-18,-1.3973605326465983,0.0650796176855882,-1.3596085183245195,-0.3205543724202303,2.0658266624258377,-1.5424920236954474,0.0,0.0,0.0,-1.5747238383395161,0.03700105121607825,-3.1845314444795707,-2.3849431465932462,-0.1835914402749517,1.8595656504424987,0.0,0.0,-0.6089477306377393
1998-09-25,-1.3467402779096977,1.7078062458381513,-1.3123226465772386,-0.38502735487481965,1.4010028307677296,-1.6541000020267542,0.0,0.0,0.0,-1.5062839354101238,0.4924834370806917,-3.1724850131725315,-2.447942791662523,0.7517599416638234,2.154979870528596,0.0,0.0,-0.32103240806732286
1998-10-02,-1.5201225892023813,1.1946051512822313,-1.1215622682953093,-0.17597420971929056,2.114319076093867,-2.116015282397183,0.0,0.0,0.0,-0.7433249989939016,1.8738309740812191,-3.554803577883818,-3.2232344810593814,0.46092249156824455,1.5719247676078074,0.0,0.0,0.019039473258823686
1998-10-09,-1.4535964311216043,1.1697698977256157,-1.0910249150412152,-0.14717763987833613,2.1964477597650944,-3.025129562298358,0.0,0.0,0.0,-0.7129715180842755,1.7909654560240582,-2.115352684809777,-1.7226588626701984,4.581988461476944,3.997756497190248,0.0,0.0,-0.7078151387231667
1998-10-16,-1.391918766187332,1.14574595943242,-1.0637001523947158,-0.1172643641809499,1.1675480959006563,-3.0909991969420965,0.0,0.0,0.0,-0.6831102025326784,1.7155362604183935,-2.8220139055096327,-2.5078446367370226,3.8807667459262687,3.7853340804781066,0.0,0.0,-0.6886196559049768
1998-10-23,-1.334422112868907,0.8780332900413971,-1.040010485015007,-0.09093910618507947,0.8044960754287416,-2.480367363493152,0.0,0.0,0.0,-0.6536557845854908,1.6531010383539384,-2.0054425608024875,-1.68378648230627,2.9168736008952143,2.78002282367684,0.0,0.0,-0.5733285738708803
1998-10-30,-1.2899750489871593,0.8598347258188684,-1.0206803622820415,0.6233628503143256,0.27265373454748243,-2.1724163243235224,0.0,0.0,0.0,-0.624523795882771,1.686637401437795,-2.0379509981479536,-1.5077207011583071,2.7962050975594757,2.414742994592587,0.0,0.0,-0.15924824402290222
1998-11-06,-1.248954439473112,0.8420428001547776,-1.383024818454374,0.253880446324546,-0.012616245341158109,-1.7216837458604215,0.0,0.0,0.0,-1.2770367439858978,0.5091748166028721,-1.2398593077979496,-0.5267265129526707,1.4735756745939608,1.4300045669619537,0.0,0.0,0.041173662639561875
1998-11-13,-1.2112357450347697,0.8246362840180658,-1.3890251158165527,0.28637647570623637,0.45402883239877184,-1.3441951150827847,0.0,0.0,0.0,-1.2304754832407765,0.5116096051816733,-1.4605643738988638,-0.6290017852927139,1.0311050917278552,1.0352884874189445,0.0,0.0,0.07638033798826666
1998-11-20,-1.1767969221802574,0.807595341575369,-1.4151215167963396,0.3209591297161137,-0.4298477915622196,-1.301473369502329,0.0,0.0,0.0,-1.1867069483638184,0.5140519919106795,-1.4006387634537254,0.12625289659975195,0.20456258336134792,-0.05658407956154494,0.0,0.0,0.8957211711738396
1998-11-27,-1.1457377061720215,0.7477921396405761,-1.4747383819867779,0.7745625385223983,-0.4669196929878951,-0.8836459079412627,0.0,0.0,0.0,-1.1454893061852423,1.0035215409032345,-1.3701113862200813,0.3099586643766261,0.39811489705869135,0.3271499632387163,0.0,0.0,0.12299447633189785
1998-12-04,-1.3129044313016496,0.36095248732505386,-2.4029347588535463,-0.0923994640846618,-0.03574863862938093,-1.5740309909329788,0.0,0.0,0.0,-1.2829024650252863,0.7242180716954213,-1.7688860841973846,0.2332785008906675,0.18714106994352792,-0.17486814742966503,0.0,0.0,-0.3179389512296445
1998-12-11,-1.2757089507845099,0.3701988192609643,-2.3470838502613987,-0.08613996658730191,0.2932690982692937,-2.003692591146382,0.0,0.0,0.0,-1.2450436058639474,0.7407222186831832,-1.7071872957831993,0.6864458901574396,0.11335155850858751,0.17981718316684672,0.0,0.0,-0.1918253394954824
1998-12-18,-1.2425346568014441,0.37955551622756756,-2.313725310300585,-0.07987777651492386,-0.061324251770777084,-1.7136017155874497,0.0,0.0,0.0,-1.2107914829313253,0.7576831126006535,-1.6951821011857073,0.893312124563629,-0.03303288194284909,-0.3889999893657773,0.0,0.0,-0.32945658048200244
1998-12-25,-1.2136317966684316,0.9598874843192714,-2.30616223431741,-0.2940553581914323,-0.5271903720720902,-1.3572415852715867,0.0,0.0,0.0,-1.1802941590054319,-0.5303448539963417,-0.9809109279233001,2.5622598694264007,-0.37966583517864977,-0.5270035037953392,0.0,0.0,-0.5758855952767984
1999-01-01,-1.7739786319452953,-0.20904758728207962,-2.0468527278156228,-0.21760622101667337,-0.1282444425307411,-1.5381017551905365,0.0,0.0,0.0,-0.9575896990108218,-0.1982718187151789,-1.4264827557026065,0.45298465502664675,-0.17746180808934586,-2.6543516751916814,0.0,0.0,0.23944797760158815
1999-01-08,-1.7070027937881576,-0.17322450493581687,-1.941113044434638,-0.2524968037382574,-0.2701982767958922,-1.4126555626840296,0.0,0.0,0.0,-0.9308579451987128,-0.1744841927100344,-0.8926187615572322,2.0331056269729793,0.10903445549972061,-2.27733558712838,0.0,0.0,0.35672744869573664
1999-01-15,-1.647425599298924,-0.13480026445840942,-1.8475750592623963,-0.28989465576039364,0.525356893053354,-1.2352684822117241,0.0,0.0,0.0,-0.9068124434186833,-0.15020099201698808,-1.3125697517165742,0.5960195549880669,-0.2249340050653357,-2.0069807270391578,0.0,0.0,0.3249460269614662
1999-01-22,-1.5946325791079579,-0.13480026445840942,-1.7641087554694224,-0.33029158069045156,0.8676476724646659,-1.2130890917769945,0.0,0.0,0.0,-0.8860135543857669,-0.125339923229822,-1.3060974915678525,0.7078081743118392,-0.5443924618854763,-2.187329136921183,0.0,0.0,0.05945877944554636
1999-01-29,-1.5482727285860922,-0.13480026445840942,-1.6891161962686223,0.12311387735599578,0.08069044765468014,-0.7105783495539567,0.0,0.0,0.0,-0.8694157514379273,1.1781952783603264,-1.2096495021995193,-0.12504069548339153,-0.3184899920313878,-1.1760695744013203,0.0,0.0,0.3348158811637102
1999-02-05,0.25283308109868874,3.1453269720341956,-2.2843215653134115,-0.7351822280875757,0.5240155749317905,-0.641254169729576,0.0,0.0,0.0,-0.44247682466322796,1.6646837689729308,-0.5331211475284798,1.0387164595382694,0.11493425354407909,-0.608557169533234,0.0,0.0,1.0213900819091344
1999-02-12,0.2912389721509119,2.8353858401785415,-2.1403493893166763,-0.8468579366145208,0.5123138109331283,-0.5873369352303965,0.0,0.0,0.0,-0.4115085812064877,1.611780812713194,-0.23422595207074773,1.3464363492760798,0.18248659326630082,-0.017487274986587226,0.0,0.0,1.4088831825630732
1999-02-19,0.332858339174188,2.5935098942005688,-2.0159544943621963,-0.9925502635894167,0.4251876633775045,0.080337951555378,0.0,0.0,0.0,-0.37975023841773203,1.5621956333454008,-0.19089610898543735,1.3494833189629831,-0.02703532255500461,-0.28140102409945067,0.0,0.0,1.3429763358641664
1999-02-26,0.37839909213580003,2.698259982510018,-1.9068881147066299,0.30770588621428313,0.20637180755399231,0.2259593450869853,0.0,0.0,0.0,-0.3470374006224879,1.78239404197769,0.3491913130368305,2.358904546778473,0.24216733920821604,0.032346080622249904,0.0,0.0,0.9339329279280689
1999-03-05,0.9897510370168084,3.085917399326365,-1.5031670900906422,0.8047863575793276,-0.3407382130632256,0.7560844904696138,0.0,0.0,0.0,-0.3132449327179844,1.6959086634280356,0.49541759617794523,2.3522029710947403,0.515604557539859,0.2587151658700822,0.0,0.0,0.6417336971866616
1999-03-12,1.0190476750938509,2.7939188039953677,-1.4380052449922742,0.7902954303774652,-0.2530842415794835,0.3938799990051298,0.0,0.0,0.0,-0.27753993393094695,1.617512922783755,0.07728334880207684,1.8566727881022203,0.22418271962908273,0.16692010223030443,0.0,0.0,0.6517462034312023
1999-03-19,1.0498280729262397,2.5638483094288116,-1.377508208086401,0.7827416454018177,-0.3466062108410525,0.37223866457771093,0.0,0.0,0.0,-0.2392132148640222,1.5459147065817347,0.1223138353006223,1.1347925881204732,0.0027089927311523174,0.25240771513257226,0.0,0.0,0.1967837896559763
1999-03-26,1.0822421684587702,2.983951349947068,-1.3210424861444658,0.5531930057895796,-0.38882627777894907,0.7615031598423493,0.0,0.0,0.0,-0.1971742559711804,1.2136777762456,0.24927639009158897,1.6866126808207433,0.6132140163634549,0.5114212592139262,0.0,0.0,0.17392563058424046
1999-04-02,1.4985682290507971,2.9769652492858456,-0.2455430888343947,2.4596641000593378,-0.6755130974854133,0.7472652018873237,0.0,0.0,0.0,0.2681522400963144,1.436593936288797,0.23887200323169921,1.1273376488526097,0.7269234916092895,0.39919480469711005,0.0,0.0,-0.3796799827757526
1999-04-09,1.5178936581415203,2.700043198977918,-0.22166800940681164,2.2868549728178054,-0.7184824345243498,0.7466682468396876,0.0,0.0,0.0,0.32424263241684426,1.3838271046825814,-0.12050393150490094,1.2161716649245218,0.22441696257089758,0.2936451874984302,0.0,0.0,0.0312782302263306
1999-04-16,1.5377580161623519,2.480007348703985,-0.19736926410411915,2.140324650178305,-0.4219144090032381,0.7450384463365092,0.0,0.0,0.0,0.3889766597732815,1.3350163757591937,0.37106068341861664,1.6164392308586115,0.484692771240915,0.6743603671345942,0.0,0.0,0.8530641891031405
1999-04-23,1.5581889513091358,2.299168783794677,-0.17256908066588922,2.0137308388114596,-0.5905560151693524,1.0000913444693116,0.0,0.0,0.0,0.4658229506749351,1.289825055488032,0.4811983658443935,1.583921777919368,0.5336519869928581,0.5583355924303732,0.0,0.0,1.0098764705478163
1999-04-30,1.4956397187996677,0.7716684727876203,-0.14374343902987138,2.7940710112121017,-0.27355822517106415,1.0240952673411,0.0,0.0,0.0,0.5165468041108809,0.7860458077050482,0.7818423304166392,1.1464192053797546,0.9232078959868755,0.5338507386318005,0.0,0.0,0.780027354082622
1999-05-07,1.492036373640049,0.7450462437195325,1.123871590804164,3.8177089528225117,-0.24643181357292485,0.6731083096144597,0.0,0.0,0.0,1.8282874632989332,1.4218716902095463,1.3034925841161056,1.255743069305872,1.3558450150181784,0.7862423972503292,0.0,0.0,0.6931579371841486
1999-05-14,1.4884508804519452,0.7190144256427845,1.1464877313312603,3.3372670449188884,-0.04274089350202254,0.9792484761152292,0.0,0.0,0.0,1.862388164504023,1.383018380833746,1.537664630651669,1.3707372699373763,1.1057870203421274,0.7590557803989999,0.0,0.0,0.9432962701633169
1999-05-21,1.484883078972436,0.69351926912595,1.1699352961586034,2.9908906178885455,-0.4320652923945682,1.1863469549231296,0.0,0.0,0.0,1.898030659781504,1.3492149357007985,1.2758074328199787,0.6624934591499073,0.39869997794423495,0.10761457455115203,0.0,0.0,0.008071576978313294
1999-05-28,1.4813328109531423,0.2654982497161257,1.1942735163275562,2.476416072853303,-0.2959287306224063,1.4409812351497533,0.0,0.0,0.0,1.9353415269956997,1.294381696039928,1.6003929081155892,0.7901882557399574,0.37608023901072873,-0.08865108881607923,0.0,0.0,-0.4950450147650842
1999-06-04,2.4624502899361866,0.988046407129461,1.7553000682417397,2.7273522467518863,-0.61174633818261,1.4467952578927397,0.0,0.0,0.0,2.6715669722327187,1.7315502186468104,2.04689522649049,1.5050415388216851,0.6245727931596652,0.2647839898290021,0.0,0.0,-0.7726289595945482
1999-06-11,2.3044760967843705,0.9513570162494325,1.7228610487315965,2.51222359041115,-0.24126889364225293,0.9264780926077206,0.0,0.0,0.0,2.4806608934439773,1.668057836278261,2.4343933110533715,1.8055622449424107,1.0056772468069917,0.6576763441361028,0.0,0.0,0.2963759185351638
1999-06-18,2.168901929591759,0.9159371029103393,1.6917071927831229,2.3346982174864928,-0.8830026930277269,1.3375844291077625,0.0,0.0,0.0,2.3203536078131455,1.6115027583347474,1.8953894194319285,1.302977095488313,0.694230416486976,0.04451860275282672,0.0,0.0,-0.2630285824578082
1999-06-25,2.0506777956654187,0.6258383234386445,1.6617498680642921,1.4244520265442948,-0.8954748071113187,1.2980285387237076,0.0,0.0,0.0,2.1829896361385908,1.2556111631546103,2.227999684996751,1.6101296841040444,0.7357502208819183,-0.015208748491722369,0.0,0.0,0.7748717584970493
1999-07-02,2.53750581423292,1.1528514250954927,2.1437137884490496,1.753462067593938,-1.3880037954958961,1.6515967044850106,0.0,0.0,0.0,1.7780068839265173,1.0175315199764516,1.6838969504112093,1.4477237987730815,0.3394837367218914,0.062079409501817014,0.0,0.0,2.021151393698568
1999-07-09,2.3475157484211246,1.1161306693027648,2.0685432458334523,1.6728962606827225,-1.4980570794563057,1.8936391326349191,0.0,0.0,0.0,1.6915352666151957,0.9858648189885992,1.6734094469861436,1.1000011735314736,0.2369751763151506,-0.17754327045125406,0.0,0.0,0.9186760898272743
1999-07-16,2.188319688036915,1.0819199137963138,1.9993190757159023,1.5993940329959948,-1.5958836585217338,1.7191504845902332,0.0,0.0,0.0,1.6130371035755495,0.9563088294772001,1.28325943093989,0.7154283173310004,-0.16695083851269135,-0.4555483415815106,0.0,0.0,0.24454731351442494
1999-07-23,2.0520570200511603,1.0839427164506803,1.9352590684778141,1.5295194263323444,-0.6671860299834133,0.9529708896719115,0.0,0.0,0.0,1.5412296464674213,0.92164732063635,1.6020385872373,0.8003113134371047,0.42277333572887754,-0.37176154457047866,0.0,0.0,-0.957912504691408
1999-07-30,1.9329884443927503,1.0467574477195916,1.8757182823419145,0.6839419321678379,-0.45838266986018267,0.42685865736253986,0.0,0.0,0.0,1.4750991913647389,0.11570535607279367,1.7241055526618307,0.5899689604420287,0.6327138766814316,-0.563584312975732,0.0,0.0,-0.04363488598792228
1999-08-06,1.0610894868941725,0.12188913240817387,2.778360498331718,1.5093285600768285,-0.1479804831290297,0.39273859664737176,0.0,0.0,0.0,2.6914932784215195,1.3209801594188602,1.8584633966700697,0.6033645549282671,0.9233296786503382,-0.23376969895134858,0.0,0.0,0.4140022465385277
1999-08-13,1.022245146173215,0.08989645625442892,2.552974933211856,1.4436452372543715,-0.7920875890081416,0.7128854491261292,0.0,0.0,0.0,2.4731872056764757,1.2813291332505536,1.7033598666566845,0.6902291035231528,0.40290481692695124,-0.045304205223129515,0.0,0.0,1.5131879485760666
1999-08-20,0.9849458622617303,0.0561514462198127,2.3681701039410123,1.3826952937575516,-0.6623113285113325,0.4312354954543436,0.0,0.0,0.0,2.2935757768564744,1.2454546678844287,1.443842293521094,0.25984730661495525,0.04403759140621049,-0.23094993428221094,0.0,0.0,2.0288254164017396
1999-08-27,0.9490332511960811,-0.8447774303411679,2.2126837806376236,0.9882377511645445,-0.8132085502476813,0.8792538761417669,0.0,0.0,0.0,2.142014536891203,0.6221330276632271,1.3294907438485823,-0.15722794636032916,-0.21747040537986534,-0.5403436308768821,0.0,0.0,1.921257153604757
1999-09-03,1.3335132355273251,-0.33183482937347025,2.7613385823901813,1.6830399108940612,-0.9461611614423099,0.46885225328777885,0.0,0.0,0.0,2.203995391395177,0.8304549134423349,1.3527534489711948,-0.4767736743355009,0.18647905686635033,-0.5696739609989602,0.0,0.0,1.8232806715311713
1999-09-10,1.2796801739051962,-0.3554739330817824,2.5299399362172528,1.605029756410332,-0.7568200300498257,0.8198042237401644,0.0,0.0,0.0,2.0730309243803537,0.8002067864920469,1.2976651334918172,-0.15822059065923186,0.17365195307530604,-0.361085414635401,0.0,0.0,2.3420234219005156
1999-09-17,1.229014667442118,-0.3800732382089877,2.341089137319478,1.533699724743663,-0.48126572202917545,0.5955345970170538,0.0,0.0,0.0,1.9588839340635809,0.7710051344699926,1.2097247359681038,-0.5899739216044712,0.06375300518727182,-0.4382119262807276,0.0,0.0,1.4511327175761661
1999-09-24,1.1811316657096655,-1.0584312977761654,2.1827219498355137,1.1508385099117435,0.4894469117950302,0.35721623022600774,0.0,0.0,0.0,1.8581154379150195,0.9920357621117112,0.9404632641664417,-0.4744924009378077,-0.29085737355807123,-0.37142391587233303,0.0,0.0,0.10029508202690669
1999-10-01,1.8517812667895437,-0.0527650627731007,1.8923163782913028,0.9127045785447581,-0.06419167982741973,-0.1713052631587323,0.0,0.0,0.0,1.9350512628531396,1.2150852342432765,1.387971536013921,-0.04767529657046783,0.3009660782167512,0.015504528822107018,0.0,0.0,2.0763508819526924
1999-10-08,1.7588750942742886,-0.06560221699993772,1.7930887839159395,0.8778691343376889,-1.2268780633143412,0.12142286722670442,0.0,0.0,0.0,1.8343301645529557,1.179323788321573,1.406546176915402,0.3709376009395269,0.10452710463260842,0.16212712110380306,0.0,0.0,2.279946712050615
1999-10-15,1.6751794526693153,-0.0785789241299842,1.7040303933132854,0.8440304694037424,1.2556609844315165,-0.559204171373378,0.0,0.0,0.0,1.7440828063117737,1.1451310504464296,1.4562709398968396,0.06019365918967107,0.5146422737891697,-0.033843963571752074,0.0,0.0,2.176060474668369
1999-10-22,1.5991574861795566,-0.09464155277776408,1.6233577835771384,0.8110713321426235,-0.9098564247655119,-0.12076887318358824,0.0,0.0,0.0,1.6624653647262535,1.1123703531581515,1.6216632804936828,0.11729245711950534,0.3835043025984859,-0.2712976639160096,0.0,0.0,1.1932624663756268
1999-10-29,1.5296135032336124,0.9107337749914661,1.54969409733393,-0.02381310727815576,-0.6988180886210765,0.04398157902605085,0.0,0.0,0.0,1.5880571741640275,-0.2376967160086602,1.2039818601851089,-0.7806590077738942,0.24238986449290242,-0.6040274077704124,0.0,0.0,0.8023451081087314
1999-11-05,1.5253534784179388,0.9674454436949332,1.761561081874078,0.36552052777761007,-0.8448855453278019,0.44598492114250116,0.0,0.0,0.0,2.5155691056440066,1.4324520012522735,0.9677263715769626,-1.0215125427476615,-0.14912901851321225,-0.3828873276205778,0.0,0.0,0.28257133533778084
1999-11-12,1.4622144692329802,0.9308762824017844,1.6742300680699467,0.3419704046527584,-0.8161488791831444,0.5866215843573651,0.0,0.0,0.0,2.3394437941812916,1.3765623826197777,0.9506377957350521,-0.7529465846928812,-0.846876644500765,-0.41990111699565247,0.0,0.0,0.537880784504992
1999-11-19,1.4037914131556988,0.8955009605070181,1.594957784160704,0.3182439554150561,-1.5948765151921027,0.6086100844831338,0.0,0.0,0.0,2.1908025996692526,1.3245436873642493,1.1841726847666454,-0.2360628270135112,-0.842220106986689,-0.2130931831577306,0.0,0.0,1.1481395734427529
1999-11-26,1.349493069778546,0.30242349885540143,1.5224330360409304,-0.46852895919218523,-0.5601099487178991,0.7509831049966149,0.0,0.0,0.0,2.0629810210701764,1.0388561912851964,1.2368387860031014,-0.23746085767175706,-1.1054979538576233,-0.6546838759665213,0.0,0.0,1.0189234949511372
1999-12-03,1.5675001526332542,0.7031612751609915,1.2377862587472839,-0.8449525181773802,-1.4635956663383054,1.136345528725402,0.0,0.0,0.0,1.7712021401802667,0.6437477648894342,1.2964009398858694,-0.10144111054539211,-0.388209095365636,-0.3129398683388158,0.0,0.0,-0.13244698300723837
1999-12-10,1.5088980857851357,0.6728214417927694,1.190319872287366,-0.8670020527131345,-0.7496864726021195,0.7953836886489705,0.0,0.0,0.0,1.69526568821646,0.6147639292384398,1.0817304813246422,-0.3804975864701338,-0.8238970009558446,-0.42760854501868184,0.0,0.0,-0.23396469926844637
1999-12-17,1.4554060573417609,0.6428148035030148,1.1453535902570167,-0.8898900367453089,-0.7651837345739742,0.9753391615912702,0.0,0.0,0.0,1.626691917723804,0.5859924904909124,1.5008269190175352,0.829545261259668,-0.8340229198195808,-0.15920375252140104,0.0,0.0,0.23963642692570603
1999-12-24,1.4065753441928266,-0.4868194686709049,1.1026138253908162,-0.702089573373033,-0.8345265192674114,0.7035713697502824,0.0,0.0,0.0,1.5645259261770688,0.29732603966445137,1.665302268166345,0.32517586859434433,-0.5854605196135771,-0.4869906188298827,0.0,0.0,-1.3293623549526432
1999-12-31,1.2851519780901095,-0.6914808069305841,1.0615666720007206,-0.7345254949465109,0.27885542840993716,0.8061312173093416,0.0,0.0,0.0,1.502833025671983,0.25798618740952406,1.7008300343881035,0.29502204098651985,-0.011854050502428968,-0.08444374573036087,0.0,0.0,-0.5736114781366093
2000-01-07,1.2649150248789662,-0.7488112923995612,1.2464008617569264,-0.38464109335257507,-0.6337651016954322,0.29382189675572706,0.0,0.0,0.0,1.5716484095538625,0.5435327971006273,1.778433584371517,0.3703293457999288,-0.02989299523584978,-0.39211142058480436,0.0,0.0,-1.060015704424216
2000-01-14,1.2522627733348377,-0.8133591833418431,1.2002006833966075,-0.4223268509987016,-1.2441100067743909,0.7129359325446294,0.0,0.0,0.0,1.5120755044201086,0.5373851656206337,2.071902250687864,0.5317017305081388,0.5622842949042922,0.03276665749346621,0.0,0.0,-0.8236436404632157
2000-01-21,1.2496623965134286,-0.8871195089024438,1.1565748206912467,-0.46300742624751245,-0.8617703362251139,0.7215108058543622,0.0,0.0,0.0,1.4576352064746914,0.5572737380244994,2.213179386645058,1.5851017799131482,1.514993498592421,0.8033270110831505,0.0,0.0,-0.13789598007948412
2000-01-28,1.261551396035663,-1.0962625665877732,1.1152778155102259,-0.9919189942453271,0.9654865509787852,2.1616143931516696,0.0,0.0,0.0,1.4078484001446996,-2.839384553974533,1.8925019070845355,1.4513015762912935,-2.348401435984414,-1.5267322879857532,0.0,0.0,-0.10343391267131305
2000-02-04,0.780852616446309,-1.720965488769849,1.7558528944455065,0.24986084295856328,-0.5867331183776754,2.0117521313797124,0.0,0.0,0.0,1.8533438640582167,-0.9190448154459858,1.5565830558679885,0.8575204206562106,-4.302281863328049,-2.8666462509555903,0.0,0.0,1.3213601405861513
2000-02-11,0.751196828668383,-1.6474093413154292,1.6937532697764441,0.21260053436029452,0.5130307500076489,1.9256604107985942,0.0,0.0,0.0,1.7692504636600872,-0.9388726313911414,1.7164401008502108,0.671728619692653,-2.9130434782608434,-1.8744030754970253,0.0,0.0,0.8278524188953663
2000-02-18,0.7224017801709597,-1.5798756039655018,1.6389896355082485,0.172214191784246,1.1888387869319783,2.0721431183748167,0.0,0.0,0.0,1.6937230979827487,-0.9593620683169397,1.3584337240914173,-0.09809330738771962,-3.978077801047404,-2.9537826959282407,0.0,0.0,0.06397088343499982
2000-02-25,0.6944792033527427,-1.9875769755875117,1.5911536356896139,0.6404752236755017,0.9185811077059304,2.2813753713527114,0.0,0.0,0.0,1.62552628702132,-0.21791575918131903,1.0226562634015322,-0.788708644989866,-2.8350765028106606,-2.4491584537946873,0.0,0.0,-0.11703699968503391
2000-03-03,0.25155950384338843,-2.3181514914723595,1.9928935860919184,1.602771075961833,-1.4650795390464484,2.475712514476498,0.0,0.0,0.0,2.1489146840804523,2.1491688038834145,1.0524519211656718,-0.2762976294353204,-2.7435604300359837,-2.1956690459754116,0.0,0.0,-0.22146276802800216
2000-03-10,0.22052829016404518,-2.165770563123264,1.9208329671646331,1.5464315715692611,-0.6242191231914035,2.1767995126349784,0.0,0.0,0.0,2.0413242951488915,2.019135374039078,1.0204817061396718,-1.1364232198503386,-2.8747013351515194,-2.4285736595816667,0.0,0.0,-1.1380396826967254
2000-03-17,0.1881396663616243,-2.034762785519237,1.8594135010993968,1.4956954131415727,-0.1551626618146533,1.8229543034577826,0.0,0.0,0.0,1.9473322173144834,1.9054027630773416,0.5385946984993678,-2.210343799758274,-3.4683826651629275,-3.27562219820255,0.0,0.0,-1.0877518916061106
2000-03-24,0.15405674813183542,-1.8033271605160577,1.8080609579411284,1.4540116844632456,0.23040047124933513,1.5358962689634938,0.0,0.0,0.0,1.8646805748827469,1.819089210129681,0.5087856649279221,-2.20613366849433,-3.739545198607994,-3.8355389978589502,0.0,0.0,-1.5299311474811068
2000-03-31,-0.3443412390012294,-2.1519474390054087,1.7407686952917196,0.8908550328701681,0.5369186126546124,1.7651982442225558,0.0,0.0,0.0,1.7845728327941064,1.3167310889571906,0.036786170781240836,-2.7977928500291744,-3.387060795667526,-3.4622508780399275,0.0,0.0,-1.2494827582045362
2000-04-07,-0.3798012504657159,-2.0684848504891247,1.6350003303805918,0.7539425429424687,0.628183506731203,1.903062824129701,0.0,0.0,0.0,2.200375095907944,2.9575643987233744,-0.48778307658869025,-3.412505320439661,-3.2049639983619023,-3.4173117420938453,0.0,0.0,-1.4795996013494268
2000-04-14,-0.41785509455733116,-1.99819306424113,1.5856421247884287,0.7234044244722885,3.6372196489123416,1.7116436258957373,0.0,0.0,0.0,2.089373671968767,2.691923759191869,-0.5784427211717921,-3.2729179798589954,-2.4965431873637494,-2.9036575608122286,0.0,0.0,-1.77603411829243
2000-04-21,-0.45897871017853137,-1.9400837363514825,1.5428695334271645,0.6933886124818104,0.9552690034913811,2.2952297784869806,0.0,0.0,0.0,1.9929405021631927,2.479508593332105,-0.21392362618593808,-2.3577258833127317,-2.1985347983722665,-1.6429985357021695,0.0,0.0,-1.5632246544851247
2000-04-28,-0.5061114790705498,-1.3337953794640303,1.5067831012814352,-0.9075322902543832,1.0612919063166666,3.050520409003084,0.0,0.0,0.0,1.9086390174627068,1.0170320631593397,0.5155645714671658,-1.3505739164501451,-2.282854548321262,-1.065351856535153,0.0,0.0,-2.3063409082812436
2000-05-05,-0.6797432502516176,-1.37318546317968,1.893811983172049,0.06823383129064164,1.4779301759268757,3.102057913905916,0.0,0.0,0.0,2.172456205972157,2.1464120925043,1.3985711369635074,-0.8639252877449048,-1.7015035199853128,-0.8531547665757866,0.0,0.0,-1.5561909908968499
2000-05-12,-0.7398820764128543,-1.3180115164287853,1.8171897140410422,0.08104010919502039,0.9910286629692238,2.4053640521573754,0.0,0.0,0.0,2.055674039765123,2.0159468992776346,1.3507215153570562,-0.48824188762294296,-1.8768054581007327,-0.4626997782605188,0.0,0.0,-1.2243840203156586
2000-05-19,-0.808129034244116,-1.2662282218296887,1.7494873000790667,0.09399120274226937,0.774634117895803,2.6593171802385203,0.0,0.0,0.0,1.9535862436029836,1.901848188718399,1.3167105767835003,-0.15591147786931028,-1.6001895590892805,-0.5750764119972128,0.0,0.0,-0.5993695917776378
2000-05-26,-0.8869022609558821,-0.8226988428668243,1.6897680562178405,-0.9579126706583803,0.455278145482743,1.8342160318259875,0.0,0.0,0.0,1.8634928188050228,0.2494373422479823,0.6644818227349791,-0.6662245092971574,-1.562492788758006,-0.5060670759339931,0.0,0.0,-0.6127993957198052
2000-06-02,-1.9091564912212684,-1.4565149465521328,2.6319477975849472,1.392047462770395,-0.5420515574194028,1.473499540026655,0.0,0.0,0.0,1.7276779000635267,0.08525073722399394,0.004142512497335664,-1.0771740877796445,-1.527541057075098,-0.2961533833966289,0.0,0.0,-0.497104291403992
2000-06-09,-1.8528649961841666,-1.3953668887812976,2.461089946736852,1.3706776789390511,-0.29738016805100614,1.101946842922124,0.0,0.0,0.0,1.652472541775875,0.08525073722399394,-0.0754098127991545,-0.6191213473440875,-1.666813817981369,0.11109549178672974,0.0,0.0,-0.4796196446191587
2000-06-16,-1.80017003589692,-1.3383863071416426,2.31810231024424,1.349917831628067,-0.842561057661594,0.7807687263288333,0.0,0.0,0.0,1.5841553787718559,0.08525073722399394,-0.5947366116105762,-0.9437778788625095,-1.4554760254021288,0.9794753108481039,0.0,0.0,-0.17891903425909736
2000-06-23,-1.7506806406859654,-0.8977567639769368,2.1966005852755477,1.2998077928586946,-0.2240861928796111,1.3151026025237451,0.0,0.0,0.0,1.5217949313769257,0.07589769981275411,0.11962655569065747,0.050924234828978024,-1.2936769663826684,1.255231030706892,0.0,0.0,-0.30251772495208407
2000-06-30,-2.676098748959778,-1.6361591269861044,2.0812087181010317,1.359583190977774,-1.1873255265138296,0.9582064322803511,0.0,0.0,0.0,1.4672703969192178,-1.3730169933747955,-0.48319142091488,0.11166573878065007,-1.2084970708197724,1.5153386317741437,0.0,0.0,0.26793172841362095
2000-07-07,-2.4631446643547554,-1.5708342491331218,1.940353682828192,1.2238531749709398,-1.3214965459385712,1.1529703330739367,0.0,0.0,0.0,1.656808601910774,-0.5659484125454535,-0.5750185704852145,0.10984850423929553,-0.9246473230034884,1.346591697259801,0.0,0.0,-0.07345465092425087
2000-07-14,-2.28731772695205,-1.5112708397425418,1.8559594820983973,1.1908985496595066,-1.3270243160106638,1.3274437054303052,0.0,0.0,0.0,1.5980970207145537,-0.5702331987615955,-0.2787995616018593,-0.013555420877061764,-0.992517755422165,1.0463729989546242,0.0,0.0,0.22328502521363236
2000-07-21,-2.138558313507174,-1.4580350432539653,1.781206370145439,1.1593081669779854,-1.4036109006654778,1.2667944066308523,0.0,0.0,0.0,1.5455466986822237,-0.5745435104834818,-0.6452869521176317,-0.9081775236217452,-0.9550382165845216,1.293068173929946,0.0,0.0,0.4249569574247751
2000-07-28,-2.010254483003599,-1.324218471258104,1.7148513537747978,0.26363525200414223,-0.7192691855697457,1.5485075078257615,0.0,0.0,0.0,1.4987838606168675,-1.7303000974343596,-0.5412294696760107,-1.5409694186751728,-0.7475012256627621,0.9539392014169459,0.0,0.0,-0.2382817744089527
2000-08-04,-1.4320064274743873,-0.7962748937308531,1.3109714400594294,-0.5021894224019384,-1.4270883451695606,1.7523629292480523,0.0,0.0,0.0,2.149599463723237,0.7132196141360168,-1.0353969065025204,-1.8022559573840153,-0.6465793990734171,1.3320574259836104,0.0,0.0,-0.3853699577696868
2000-08-11,-1.404711440361673,-0.7660950405757532,1.2623690459663426,-0.48482195982231435,-1.3990003862180391,1.7522872841020725,0.0,0.0,0.0,2.034699460480018,0.6942790469370672,-1.465063545452546,-2.005094270984215,-1.381083615100786,0.13628004991622494,0.0,0.0,-0.31178572767016527
2000-08-18,-1.3783885208795448,-0.7365799437772649,1.2167615129302622,-0.4676198577270321,-1.8062767270979272,1.6255243567598112,0.0,0.0,0.0,1.9340344366510778,0.6756912199877351,-1.4817991951477236,-1.4890149355905298,-1.4266666349914485,0.0584196022201016,0.0,0.0,-0.07881802557940461
2000-08-25,-1.3529747346636951,-0.05826547371083574,1.1738689184191307,-2.4159825674236415,-1.8756715207676251,1.6293336015001834,0.0,0.0,0.0,1.8450076500251427,0.805291141955279,-1.6422489659943897,-1.1178010956423672,-1.267892198822686,0.24259398040634025,0.0,0.0,0.04251212704980229
2000-09-01,-2.401343036946286,-1.186992635530506,1.869728256444494,-0.7313061539671957,-1.5081508030609871,1.5752468856720654,0.0,0.0,0.0,1.4956651277722925,-0.1786114366579817,-1.7765348022975929,-1.1643654077923087,-1.0510561878958313,0.7308339471475698,0.0,0.0,0.3653702171120149
2000-09-08,-2.2407282197548386,-1.142398827794329,1.7757090807944618,-0.7014335202451726,-1.1833759808110673,2.140151092373476,0.0,0.0,0.0,1.4402617209933568,-0.18877260556210537,-1.5591146929586523,-0.6687429329589871,-0.90929854050026,0.680766555194636,0.0,0.0,-0.03838624386016092
2000-09-15,-2.1033437366353964,-1.0999592356889805,1.6911457198270696,-0.6720317340074212,-1.1238703514588968,2.339371463312438,0.0,0.0,0.0,1.3893088727940825,-0.19903747946782394,-1.156408079359273,-0.8790440703989747,-0.3459252952983721,1.191363566751905,0.0,0.0,0.47011842527881614
2000-09-22,-1.9838250052925623,-0.3065511262053953,1.6144536550314097,-0.6467877621726784,-0.42587017198887667,1.723875442816525,0.0,0.0,0.0,1.3424208204820398,-0.2023776753056596,-1.1376008343399018,-0.45001809766762096,-0.3562870711497842,1.0789335773341737,0.0,0.0,0.11119939737348906
2000-09-29,-1.8744124255014145,-0.2857423484638661,1.546590154885627,-0.5346549538299663,-0.45495085049050354,1.5972937074158424,0.0,0.0,0.0,1.2970251069019572,-0.995755198383446,-1.2887072539466016,-0.5063653526564399,-0.10583612195774937,1.0250527051552591,0.0,0.0,0.48732672860861126
2000-10-06,-1.8451631406110527,-0.3517448580577837,1.7478984425865853,0.12397025549815559,0.19698758695611504,1.865004265921277,0.0,0.0,0.0,1.1601689112091744,-1.2755197676844228,-1.1869934439950336,-0.6521225154171071,-0.0014818653119467052,1.2272957812375103,0.0,0.0,0.0631605237822858
2000-10-13,-1.7511210259180092,-0.3294783656230332,1.6716715655799061,0.1295466999068424,1.7489464976728908,2.0108289758589617,0.0,0.0,0.0,1.1243354015500069,-1.2321146315497797,-1.4518262692938892,-0.6270595847596746,0.22534337813632646,1.4064671402573747,0.0,0.0,-0.22994529706643638
2000-10-20,-1.6663716828524868,-0.307082096447256,1.6025717762352198,0.13514347148822692,0.670537175462717,2.1834983082068447,0.0,0.0,0.0,1.0911905275738842,-1.1909337202223014,-1.679173493684657,-0.8916661405508557,-0.09936529207836742,0.7942028260871756,0.0,0.0,-0.7249559449846551
2000-10-27,-1.5893411825877208,-0.7758924018809816,1.5396346142136939,0.8522037765775675,1.3218880405115616,2.123362518634359,0.0,0.0,0.0,1.0608118971864122,-3.2053779134589435,-1.3654593848232655,-0.3595027442512891,-0.1495418448950256,0.6115226931828593,0.0,0.0,-1.064463041836578
2000-11-03,-1.8365247727150258,-1.2191391059708088,1.3284149287565632,0.46480977853262667,0.4450029711686404,1.5458221961709389,0.0,0.0,0.0,0.9703635345708166,-2.9825466375069993,-0.9890644597992303,0.20739415130657954,0.3436821098234217,1.9090144743227386,0.0,0.0,-1.0528728341180276
2000-11-10,-1.7460330462005489,-1.2014935935966573,1.278815201156027,0.4514998118751112,1.838209467967624,1.650258078105077,0.0,0.0,0.0,0.9345429691279549,-2.705250850162013,-1.0092650717957552,0.20789388091264074,0.41519994329287424,1.958287110909298,0.0,0.0,-1.0573945375951568
2000-11-17,-1.6644002938890232,-1.1915824271207593,1.2323231514358162,0.4383036879462233,0.700711466206579,1.8809669544481553,0.0,0.0,0.0,0.8999725774306793,-2.484956530018056,-1.3254530494869856,0.07054793045086083,0.13927253297925746,1.5044896905279694,0.0,0.0,-1.3723939011916106
2000-11-24,-1.5901796201716842,0.24249317878836157,1.1886403756674426,-1.2361952994728165,1.0248889748195809,2.015840820974908,0.0,0.0,0.0,0.8665367943602859,-1.7122911139620192,-1.5182058451543834,0.009161851940790763,-0.10017296232674572,1.0467428501487583,0.0,0.0,-1.9434034653836902
2000-12-01,-1.58854666458329,0.19645173997291834,1.6072336168499093,-0.1546942963115891,1.4015826711024248,1.2000045625484492,0.0,0.0,0.0,0.7805179196889165,-1.733276550688677,-1.7699774300049602,-0.37045778312879163,0.5337035125016676,1.3763276509064575,0.0,0.0,-1.2693261870165256
2000-12-08,-1.5280726673305436,0.2772221497025263,1.5532227392349673,-0.19201278014543888,-0.08888201266377181,1.0232622904438442,0.0,0.0,0.0,0.7508738656348322,-1.6522882961167218,-2.1440394850129443,-1.0363117495288,0.33503349571748936,0.6131878249931673,0.0,0.0,-0.7138241074595781
2000-12-15,-1.4728943151277225,0.38374456028315607,1.505011312364567,-0.23234289398142924,1.0848912418112067,0.7527222275270405,0.0,0.0,0.0,0.7220908756749975,-1.5784042840334649,-2.3851001809240233,-1.387178316296793,0.22769407290034854,0.5293379030312403,0.0,0.0,-1.1664902177145344
2000-12-22,-1.4225116166806648,0.442589034615988,1.462381715934315,-0.26709486311494174,1.3193824795178262,0.2833842083500838,0.0,0.0,0.0,0.6941812949960462,-1.5139003996047475,-2.6346341974610765,-1.639619204919742,0.7771824113702271,0.6609968288187066,0.0,0.0,-1.0663583105214454
2000-12-29,-1.3739602313408692,0.6626638108632118,1.4253393954520448,-1.038274924565227,1.0964578054132021,-0.0223675372691752,0.0,0.0,0.0,0.6672073028346747,-1.2697057757180545,-2.2198344588715315,-1.3847183004208976,1.3090446382515122,0.8990964364054086,0.0,0.0,-0.9592526225294189
2001-01-05,-2.6668385242408887,-2.9638143384186315,2.803725950521816,2.769429869266143,1.5390725114248436,-0.3212301683553403,0.0,0.0,0.0,0.17626559509478057,-1.848531850937794,-2.4924739859190344,-1.568077037016735,3.082816250565,1.9262614707612395,0.0,0.0,-1.306798304845772
2001-01-12,-2.491063418513193,-2.7896953656897114,2.6200762231419454,2.5535829880727254,0.37756481391064955,-0.14250381261800746,0.0,0.0,0.0,0.13629344886531647,-1.754059139676902,-1.6680279567391079,-0.5221341382756299,2.893811064377599,2.0478900739335293,0.0,0.0,-0.6425694556205264
2001-01-19,-2.3444573428843265,-2.650881859805704,2.4691267316614307,2.3761757841410125,-0.0038272803218639775,0.13352192268959298,0.0,0.0,0.0,0.0922826590680888,-1.668909496963372,-1.7537716777807457,-0.8589115303597686,3.2122858102327974,2.264775475174057,0.0,0.0,0.3247704430516065
2001-01-26,-2.220228443323503,-1.8344347402797472,2.3433043818036894,2.5620512521556433,-0.17345269669350763,0.3054058258896519,0.0,0.0,0.0,0.04258934677128452,-1.5444919341339962,-1.4657082699263106,-0.8706731051677125,3.205632693513384,2.0069447950646335,0.0,0.0,0.3770520049784587
2001-02-02,-2.49008953084737,-2.83038414963218,1.3226268416997196,0.25486478931684353,-0.35085683000710444,-0.014366145413039974,0.0,0.0,0.0,-1.1724604658102469,-2.5476174470046526,-1.6848293570261916,-1.166347149136417,2.9245796348633446,1.8939109023376262,0.0,0.0,0.6354449423203758
2001-02-09,-2.3317954390867626,-2.6176153474789854,1.2769667604930541,0.2401256939666684,-0.31536249858996857,0.2680070254948416,0.0,0.0,0.0,-1.2475069800047784,-2.361686680566586,-1.940047696952692,-1.2408516556800622,2.157844865260064,1.549356490955392,0.0,0.0,-0.10245172920213218
2001-02-16,-2.197475185843954,-2.4432182818319292,1.2345342054048718,0.2253728254421186,-0.2704164762105499,0.43629814626547536,0.0,0.0,0.0,-1.3329997522736972,-2.205403105809481,-1.6779127674124061,-0.7150806595645938,2.0312661259082834,1.6429335305301371,0.0,0.0,-0.1662600495996731
2001-02-23,-2.081782789443463,-2.1587658398870784,1.1951459297364753,-0.8210232577015649,1.152827344723414,0.34495367432983215,0.0,0.0,0.0,-1.4318976150138136,-2.0042520613802304,-1.6282820064134564,-0.3623404964285558,2.5783858161038786,1.7759886846553754,0.0,0.0,-1.1580299557727427
2001-03-02,-2.017389961077929,-2.138865054576855,0.5851284599246915,-2.014983647299924,1.1683455839994688,0.07877648360393437,0.0,0.0,0.0,-1.9150323221573085,-2.201344544530785,-1.8879197110746433,-0.26180448064760914,2.09858068447904,1.5604824583255104,0.0,0.0,-1.223529363692559
2001-03-09,-1.9163679031827623,-2.008745167444638,0.5560125579550933,-1.9019323546297846,0.6359678924908476,0.12684531274825997,0.0,0.0,0.0,-1.9064571372291854,-2.066927696128468,-1.8028909641969562,0.2846343837897173,2.006715151156384,1.5942957948629,0.0,0.0,-0.13695524307712104
2001-03-16,-1.8268142373635234,-1.894899618908822,0.5268762209542932,-1.8016988695326257,1.7456460009318644,1.2126139974726042,0.0,0.0,0.0,-1.897971417090235,-1.9498678829993357,-2.0645775621542577,0.3221528234298061,2.004099367268465,1.3793287964267145,0.0,0.0,-1.65943196449962
2001-03-23,-1.7468085465068228,-1.7942746519944688,0.49760589836588665,-1.7118535968122623,1.7957186412547717,1.3559409151404378,0.0,0.0,0.0,-1.8895735312256563,-1.8465350335035475,-1.9113716057312757,0.044797567896224445,2.001406078758634,1.2129556290715295,0.0,0.0,-1.1712990120476119
2001-03-30,-1.6691322261644825,0.793392734828886,0.468073697250046,-3.873767073305271,1.2751664844918535,1.7197870364200256,0.0,0.0,0.0,-1.8812618905954364,-1.353774293254314,-1.5533105623578292,1.130026133326979,2.3763400709788103,0.7125907936812003,0.0,0.0,-1.234193308136408
2001-04-06,-1.3795194051780386,1.3112260773348094,0.6520583675047149,-3.122948130387144,1.9529021454046478,0.9014630076726551,0.0,0.0,0.0,-2.39923712251483,-1.707465990151468,-1.5630802943073459,-0.16510858358055425,2.3904099388288915,0.9674120845179882,0.0,0.0,-1.3809723925746353
2001-04-13,-1.3284426419914273,1.2686513681467062,0.6228960712841077,-2.812960391140695,0.6330159363512963,1.111048783362332,0.0,0.0,0.0,-2.26280211020934,-1.6390360270430038,-0.9440279839121063,1.0402878892877832,2.20673778492163,0.6366659960654824,0.0,0.0,-1.4300795887715032
2001-04-20,-1.2808575170421617,1.228261828124346,0.5940295906330892,-2.571091015135749,0.44063823370488925,0.697626643382706,0.0,0.0,0.0,-2.143679006904538,-1.5771507448940993,-0.6678563724521199,1.0758999692535034,2.5462281044378354,1.120868624636697,0.0,0.0,-0.9544788975547613
2001-04-27,-1.2364475745157284,1.9880793653297986,0.5654050416871779,-1.1998740300576571,0.0927616238419531,1.0703583907962617,0.0,0.0,0.0,-2.038342823767828,-0.6975896126325293,-0.5356344178160267,1.6413435191018877,2.4236764431732025,1.1593089182506082,0.0,0.0,-1.4131342899301327
2001-05-04,-1.285197392033513,1.7107035566225783,0.7312284197703076,-0.9652597430074968,0.08289762533739224,0.8252148650181472,0.0,0.0,0.0,-2.136947684501491,-0.8492945806419782,-0.7813708477415818,1.618999568127632,2.2743272017799914,1.7126434632789098,0.0,0.0,-0.1835589088858214
2001-05-11,-1.24221310579662,1.6460394927038626,0.7024670453946652,-0.9345002614444539,-0.0033649663887536188,1.3659978112937177,0.0,0.0,0.0,-2.0119138751793355,-0.8186008854271607,-0.09080542091364906,2.2851740858923906,2.2810103454613055,1.9154457709234824,0.0,0.0,-0.29369019834782295
2001-05-18,-1.2023036851763393,1.5861606021578925,0.674479180676098,-0.9047599697558816,-0.6028350050491224,1.1873496927873015,0.0,0.0,0.0,-1.9021044650557852,-0.7889940105612502,-0.2830884880637433,1.9292540445894524,1.9331257987269566,0.7363185844586032,0.0,0.0,1.7728738636844714
2001-05-25,-1.1653525975623589,1.6343843107258136,0.6473118279569458,-0.16366618382705542,-0.7486351693189528,1.6487127899113034,0.0,0.0,0.0,-1.8044683022115848,-0.43436089967426106,0.016637486111775193,2.5930063038773348,2.1357016825012507,1.6813494299217098,0.0,0.0,1.0123469114440056
2001-06-01,-1.4564333232332474,0.9497859799065617,-0.09887409260856876,-0.7758266096490097,-0.484369161126252,1.7772327657259552,0.0,0.0,0.0,-1.7797529670392391,-0.473583389898543,-0.27514245984231855,2.048666720711105,1.9415449540191605,1.450549028344356,0.0,0.0,-0.8444769738408048
2001-06-08,-1.4036900096388112,0.9258400094784237,-0.11864149643562626,-0.745426786629599,-0.9134942306285753,1.8000146686191085,0.0,0.0,0.0,-1.6951029220096032,-0.4462603268623631,-0.2706209900877277,2.361596298743392,1.9099537128389377,1.40204405323794,0.0,0.0,0.5038926970405113
2001-06-15,-1.3550951752724258,0.9025793686818959,-0.13891744707733591,-0.7156277800005592,-0.15794535501059315,1.4924496722782092,0.0,0.0,0.0,-1.6181543130651206,-0.41873218011496455,-0.5278486627605062,1.8809047255727525,1.8958724086167038,1.3810579409479258,0.0,0.0,0.1493974850599872
2001-06-22,-1.3103253434197653,0.8897398698403294,-0.15975237134185225,-0.6863486745383067,-0.8855157454754099,1.6184093249491116,0.0,0.0,0.0,-1.5476892391989352,-0.3908975669467646,-0.8415973037012724,1.1528615407223255,1.71734029468654,0.44787849073601804,0.0,0.0,0.4403874789573346
2001-06-29,-1.2607544115115747,0.41738750416717657,-0.1812026115296852,-0.9013758853319701,-1.1348781596588702,1.7258315333588947,0.0,0.0,0.0,-1.482741669291145,0.11746661010482405,-0.051348852650059555,1.962982590429674,1.5723081162681336,0.015459161048338433,0.0,0.0,0.22043268982684444
2001-07-06,-0.7475214304782738,1.2365466371286398,-1.4158216449338954,-1.8548254137275098,-0.4713513141946432,1.8056003595224133,0.0,0.0,0.0,-1.641364166986814,-0.14262877546974123,-0.04828004804581004,1.1732109712432834,1.6328761928043858,0.3395866917572101,0.0,0.0,-0.4109698137719716
2001-07-13,-0.7165361929240522,1.190229074987102,-1.4060886576044118,-1.763216942543012,-0.6166012340406903,1.5732458031384884,0.0,0.0,0.0,-1.5651739701455374,-0.11805393539654258,-0.4168157634870938,0.48543052250199187,1.3995283662705622,-0.8970454699696417,0.0,0.0,-0.7369994769392502
2001-07-20,-0.6860218929410389,1.146296872712262,-1.396486200005885,-1.6807141212788217,-0.31514003355813663,0.8823589940678527,0.0,0.0,0.0,-1.4952603848667378,-0.0928242813008772,-0.7420214467604638,0.026393884750332275,1.375689734770669,-0.9315860874202688,0.0,0.0,-0.5230327100160654
2001-07-27,-0.6558829001928217,1.2710368037743769,-1.3870110760371048,-1.7726519383152122,-0.41553829790522523,0.7645558468166564,0.0,0.0,0.0,-1.4306847840753059,0.1436781609195404,-0.774937430545635,0.303540207486213,1.4641971838781094,-0.6372956870457153,0.0,0.0,-1.151532149841138
2001-08-03,-0.5457504236313333,1.3513285499074144,-1.4047326294853433,-1.6846817303293062,-1.0084656838643868,0.4769061098157935,0.0,0.0,0.0,-1.7392847114825107,-0.34739341017556485,-0.525637549232768,-0.3368294120909816,1.4509160055140098,-0.8288487569630896,0.0,0.0,-0.28024778293770597
2001-08-10,-0.5160630572081552,1.3045209837100589,-1.4229213900530921,-1.6048914546036857,-0.8467922771100695,0.1730055725896247,0.0,0.0,0.0,-1.666443727722406,-0.3141847084803116,-1.1585695988231612,-0.6643086773011704,1.3502958841121921,-0.5597284081216077,0.0,0.0,-2.0135466769829304
2001-08-17,-0.4861183398512288,1.260311590100264,-1.441600262183268,-1.5319456108623422,0.037701826749369824,-0.6151005334910183,0.0,0.0,0.0,-1.600545398693594,-0.2792585866951801,-1.5770456449419556,-1.368534918115413,1.159504112415007,-1.6248289581014634,0.0,0.0,-0.8907300883167398
2001-08-24,-0.4557559638914254,1.7649106783642705,-1.4607937617740199,-0.9573461758428541,-1.2094759663795183,-0.5187051166449843,0.0,0.0,0.0,-1.5407340174448296,-0.1528644225572646,-1.2392956388120715,-0.7589264966834092,1.1213445897347987,-1.4873768025573464,0.0,0.0,-0.0672102961661238
2001-08-31,0.4561305130621666,2.6296997799434174,-1.423112718953706,-0.9258227551071668,0.31037766162581043,-0.5066955630131867,0.0,0.0,0.0,-1.4785183662497006,-0.11451233593168907,-1.4359039700562832,-0.9439862188316163,1.150860073857542,-1.4824361149443077,0.0,0.0,0.06265365559018107
2001-09-07,0.48991620188901075,2.4228998866222438,-1.442299737296354,-0.9358580292781995,2.074221858656098,-0.2869680529723347,0.0,0.0,0.0,-1.7721715030725662,-0.7522363185761208,-1.5318612159817748,-0.7642708799076949,1.2142607294193197,-1.4416279212031198,0.0,0.0,-0.28088586352097666
2001-09-14,0.5259797923552056,2.251508458163716,-1.404108035073978,-0.9046759880452364,2.208125976961578,-0.09841075449791002,0.0,0.0,0.0,-1.6947494031566066,-0.730781803568969,-2.1535467506708863,-1.016951744710457,1.8777440328736652,0.49214302138521165,0.0,0.0,1.218386930485636
2001-09-21,0.5646855679863816,2.111028500885174,-1.3677470894409534,-0.8744851049015195,4.287557132911097,-0.6228227258732998,0.0,0.0,0.0,-1.6247472596116954,-0.7126953544244656,-1.6871480029285841,-1.3687661906021842,1.9352192694753005,0.9875173248546402,0.0,0.0,2.4056776780058726
2001-09-28,0.6064842954753243,1.4445374247624756,-1.3330570155697399,0.004792570755686675,1.6278589525294502,-0.4728615313993441,0.0,0.0,0.0,-1.5611612707534421,-0.2274372558728902,-1.9202397731667202,-1.5399678066088374,1.7669703873115172,0.4265869201499411,0.0,0.0,2.7274016284680367
2001-10-05,0.6128874189197526,1.359616654668645,-2.7292485939186353,-1.1926790896529944,1.8636272675523224,-0.6540911148021379,0.0,0.0,0.0,-1.9332731940276073,-1.2691362154806876,-2.0785449592988825,-1.3372812598265233,1.7995981372298677,1.0909471378655857,0.0,0.0,2.2819328199380045
2001-10-12,0.6587725473592162,1.3093395031367396,-2.5082366868450445,-1.1466162497033836,2.160710425313923,-0.3041076030640725,0.0,0.0,0.0,-1.8441291684708363,-1.2533471135703853,-1.5249075283346614,-0.6126093290364529,1.811593007210045,1.207581193711626,0.0,0.0,1.5339577523232475
2001-10-19,0.7091243358082213,1.2619912934650064,-2.326640937563608,-1.102794948166322,1.8056727334063403,0.04516028621739612,0.0,0.0,0.0,-1.7647069250163918,-1.2464665140186684,-1.6143996629874813,-0.6820172204422473,1.7224771760864903,0.7638976323809729,0.0,0.0,1.0305734530708812
2001-10-26,0.7649090636199205,1.1292588577969347,-2.173587540513021,-1.0616907630537624,0.5896210612250601,0.3327995183337054,0.0,0.0,0.0,-1.693576023730151,-0.27789856762751447,-1.8514099810307056,-1.0766526499924263,1.7193670854961358,0.7750524657724467,0.0,0.0,0.3611565104474486
2001-11-02,-1.4048324360611362,-0.46905393263658063,-2.2305246422892386,-1.216461565214322,1.0356914533320063,-0.051600484179651504,0.0,0.0,0.0,-1.7210447107789,-0.5278900880038655,-2.257163209062229,-0.9165617322347975,1.6365598287679295,0.8327267469898822,0.0,0.0,-0.028263186669462124
2001-11-09,-1.3649427375879322,-0.47720626328585425,-2.093176586740371,-1.1700368352114554,0.3558571914019293,0.14518417973928013,0.0,0.0,0.0,-1.655400390896677,-0.5054311961981142,-2.261231500663739,-0.5924372579021413,1.576115536818369,1.1724876184865678,0.0,0.0,-0.6318584082952191
2001-11-16,-1.329747520333377,-0.4854510717414786,-1.9736934286647574,-1.125985538159657,-0.14267502462017473,0.6152459670447062,0.0,0.0,0.0,-1.5964937336727343,-0.48314232091780873,-0.4577001139959169,0.6068517897245791,1.4166160301775979,0.847239507648896,0.0,0.0,0.5003768261565235
2001-11-23,-1.2994922250784877,-1.2745234559702407,-1.868294214733257,-1.0850530896994397,-0.5123443918423529,0.9544306877791506,0.0,0.0,0.0,-1.543720923260557,-0.45383531107559155,-0.0006443733701648318,1.1094915366599167,1.4119413641829155,0.7326527911274286,0.0,0.0,0.23300466515662288
2001-11-30,0.21269576205048724,-0.3020213471341023,-1.7702415665302653,-1.0054140985181832,-0.3741386502629837,0.5185494444656715,0.0,0.0,0.0,-1.4948680482610361,0.5593942399565769,-0.839995247108905,0.578856540367897,1.5329257588753125,0.8677071934158956,0.0,0.0,1.733857372043892
2001-12-07,0.2654548288300581,-0.2972690247891147,-2.211495170643042,-1.6101140390016764,-0.45288686339258294,0.51027749035333,0.0,0.0,0.0,-1.740425227598815,-0.27091418459144057,0.6093757628506984,2.046871088277925,1.60838638171085,-0.6777797387829955,0.0,0.0,0.3114145590757375
2001-12-14,0.3258182441155603,-0.2925306304748038,-2.0716799467492546,-1.53888997330023,-0.20582272391047773,0.06675767891920656,0.0,0.0,0.0,-1.6869974695057042,-0.24049688154212168,0.7431665256790965,1.7421799460545602,1.624029229746671,-0.971856073458048,0.0,0.0,-0.18322505444916562
2001-12-21,0.3967226802902877,-0.2878058190633421,-1.9502697981313504,-1.4733715054904086,-0.6310755259320493,0.7604881229859528,0.0,0.0,0.0,-1.6413254266281772,-0.20887799657217984,0.3236459709378845,1.622930710889839,1.4324533685221887,-1.1718603622052648,0.0,0.0,0.17691051916969763
2001-12-28,0.4830137660885597,-0.2533569131987867,-1.8433046695802804,-0.29499939206365533,-0.8343791810208728,0.8323315944214632,0.0,0.0,0.0,-1.6034797557569391,1.2430828075065163,0.4243882370311974,1.7843129839470782,1.4715382638241303,-1.3075407713305167,0.0,0.0,0.23920841391028777
2002-01-04,1.1797986686649857,0.07090406503956517,-1.6612497053190922,-0.09724821332174675,-0.9939880318591869,0.45901209977296303,0.0,0.0,0.0,-1.7078964744543703,0.7736564742602027,0.5100922041044519,1.434584112868399,1.4195525188730687,-1.5088802815499585,0.0,0.0,1.3718253124732793
2002-01-11,1.1497988957696472,0.043716011415234846,-1.6080170394032964,-0.04989285115848125,-0.5395750523885172,0.5529461709127986,0.0,0.0,0.0,-1.6579665647157549,0.7844113330686675,-0.36070961514424815,0.9254898864096569,1.6743559560824894,-0.7025714805264667,0.0,0.0,2.9716014388753655
2002-01-18,1.120939494439744,0.015473328964378317,-1.5613743452969886,0.0045857068757544864,-0.5524779260294687,0.8833463981516917,0.0,0.0,0.0,-1.6156554957724487,0.7953516364446467,-0.2760009500818068,1.149197467721969,1.379459182803126,-1.3788677777822922,0.0,0.0,1.7983808877996295
2002-01-25,1.0931346082056466,1.6117476734767469,-1.5212351046877415,0.3373914269736847,-0.853997256661097,1.801884143494253,0.0,0.0,0.0,-1.581201533387797,1.1284009091727603,0.2908521524688936,1.770838249637072,1.1489616139745786,-1.6771192384864109,0.0,0.0,2.1703506735154336
2002-02-01,2.2048912640291674,2.1671894295998406,-1.490594038273147,0.3410634641389861,-0.8261192909542303,1.7353999149869415,0.0,0.0,0.0,-1.6291322489464362,0.7699958199749197,0.022797033171016574,1.589665171097065,1.1287186192628733,-1.5596584523939725,0.0,0.0,2.35497754571134
2002-02-08,2.066732854660974,2.066233796784224,-1.4329683868064935,0.4072154357768126,-0.393601068534466,1.3449619354457003,0.0,0.0,0.0,-1.5682449581173319,0.7391389537915413,-0.38632515773735104,0.06749931252997182,1.1170738233960888,-1.1848965934804236,0.0,0.0,2.410930054211162
2002-02-15,1.9466289118140705,1.9787907392810051,-1.379705668397233,0.48601536431008846,-0.5776936558343138,1.1392789425909375,0.0,0.0,0.0,-1.5130972667902451,0.7088492596805929,-0.5081540081349251,-0.3254728053234177,0.9712330447497365,-1.443563653427677,0.0,0.0,2.466401122019009
2002-02-22,1.840724885736626,0.9753670369107938,-1.3303513338985489,0.5425947463257113,-0.4596536641762691,1.0528170276064002,0.0,0.0,0.0,-1.4632003770927544,0.6799063831666984,-0.5591703954347709,0.19042936607524874,0.898905231075559,-1.8229376777772115,0.0,0.0,0.9348511833101032
2002-03-01,3.0546559316572153,1.8742834940002089,-0.8500505929632747,2.4949817480056296,-1.0176218721384307,1.4452556332483921,0.0,0.0,0.0,-1.4101219696840428,1.6246190372967346,-0.07542035157854667,-0.44831307209276894,0.724779166567021,-2.209770114942528,0.0,0.0,1.784648115378066
2002-03-08,2.7666361598658202,1.8171256247432732,-0.8169618340099837,2.364576468448735,-1.119522913211869,0.7599900315400088,0.0,0.0,0.0,-1.3612465278579822,1.5753653038912034,1.100982168178814,0.23701452795000852,0.5434857198209506,-2.3937633451868705,0.0,0.0,1.3754689290311035
2002-03-15,2.539183712170215,1.7695984658107393,-0.7846634347424801,2.249814412185866,-1.2399704369144453,0.3628983187837115,0.0,0.0,0.0,-1.3162440107188254,1.5325598005410728,1.1246872331491358,0.5330436797897083,0.49118676393654936,-1.9853744530873065,0.0,0.0,1.0339374283815186
2002-03-22,2.353160389562225,1.7318571104143734,-0.7530517399596128,2.147688893517073,-1.3164411326496581,0.7492505442978119,0.0,0.0,0.0,-1.274890654819957,1.496287075251429,1.243459751865934,0.554558079635244,0.23892978547102148,-2.2612959467121145,0.0,0.0,1.3448402369406627
2002-03-29,2.1969643520515056,1.2948274691771844,-0.7220278937136931,1.822239548002902,-1.33299791266952,1.0091498764464337,0.0,0.0,0.0,-1.2370684686733053,1.9149627503379854,1.2605221416089039,0.520066295274641,0.3841403161875006,-1.916941669025385,0.0,0.0,1.4851337470554231
2002-04-05,2.5717558938228247,1.7385519482003022,-0.36343810321853054,2.2240943868723204,-0.9562270714695759,0.5307621600455118,0.0,0.0,0.0,-1.0757424817311063,2.176654486938001,0.5738643624713194,0.6288301662320501,0.4321973317472509,-2.1979126288718267,0.0,0.0,0.17431824482958566
2002-04-12,2.3759620556653425,1.6536296598383906,-0.334495845512778,2.087240382725878,-0.8676333565204567,0.5344614469069965,0.0,0.0,0.0,-1.0386836365327141,2.109872349115442,0.4401842464513628,0.480489147263549,0.5115209504744721,-1.607416721604181,0.0,0.0,0.9863875298517901
2002-04-19,2.212532847643413,1.576376083173571,-0.30482557420958833,1.9683089105820202,-1.052809416470507,-0.19677713272070166,0.0,0.0,0.0,-1.0034752700779945,2.0579302712677348,0.5468502652111493,0.18170773789654404,0.7079447428982534,-1.0383546369171885,0.0,0.0,1.0172399367337925
2002-04-26,2.0730721191227666,0.8967835409486693,-0.2742336670436466,1.9147916119140078,-0.2890435313640984,-0.8082496410574584,0.0,0.0,0.0,-0.9700352120882044,2.244377368292352,0.1313626971508037,0.07353430870031671,0.7064360580126368,-0.9995190373459786,0.0,0.0,1.0445734398647923
2002-05-03,1.9529655377979958,0.8664863074885063,-0.24094460385089558,1.8276204041443151,-0.6560258753161432,-1.4897045468038579,0.0,0.0,0.0,-0.35883903813178303,3.274889664366431,0.14019354877880974,0.34504560236301873,0.8226313959447789,-0.8494101130571247,0.0,0.0,0.032320035970057524
2002-05-10,1.8470903528404512,0.8370827670676985,-0.20582529368288732,1.7485757848145684,-0.21652771373445545,-1.2670576313365847,0.0,0.0,0.0,-0.3289671465544146,2.929420862117503,0.40944995139759965,0.6007934009860236,0.9383048290928112,-0.4969667133435886,0.0,0.0,0.22347139535470703
2002-05-17,1.752650075119232,0.8084936755251706,-0.1683275959783062,1.676377162640897,-1.1144022091975228,-1.6454814068689452,0.0,0.0,0.0,-0.29820075797109136,2.6648022132743554,0.8419551604365473,0.9097062413879506,0.604002091426391,-0.7095767442136185,0.0,0.0,0.8589443160739301
2002-05-24,1.667561064246582,-0.12245480487006839,-0.12767874235472834,1.05098473849913,-0.8714495998598373,-1.6541677793154819,0.0,0.0,0.0,-0.26629501707363906,2.454089662377441,0.49540904137592134,0.36632567335433275,0.6370730619358423,-0.41005120212942975,0.0,0.0,0.859548372142507
2002-05-31,1.7653064218020313,0.06278034796143468,-0.09180066653668482,1.029990391294426,-0.6550299194695681,-1.987814247932939,0.0,0.0,0.0,-0.2337146361519512,2.2785007040912983,0.2336721280693501,-0.5923154376679867,0.5434268805415051,-0.228072822538508,0.0,0.0,1.6467074342161612
2002-06-07,1.6865279283825816,0.045178679939109775,-0.00722483193938248,1.051566862881586,0.011077209910188415,-2.2065921366527026,0.0,0.0,0.0,0.18013073911864794,2.5981966841656208,0.33173596847610437,-0.5633236335319988,0.7748742508797677,0.08461752104761756,0.0,0.0,1.622991623149154
2002-06-14,1.615156463110819,0.027322201824749898,0.03599214360301378,1.0296854219520373,0.47197231595464506,-2.1566586024895007,0.0,0.0,0.0,0.22511321745736781,2.3972355529316407,-0.6417733140715008,-1.2615666077153653,0.6444535632622691,0.3111514218668815,0.0,0.0,0.8007250490026062
2002-06-21,1.5501455683714565,0.0091838947559607,0.08404034905363661,1.0084247464023244,0.6900572579606741,-2.903349879892168,0.0,0.0,0.0,0.27509584477500865,2.230052362997128,-0.7634182277435888,-1.3436527261697555,0.6149115809537996,0.09709655670885121,0.0,0.0,0.2298776921960072
2002-06-28,1.4906808265396914,-0.5191626194409202,0.13864633829028683,0.5690076545189247,0.3157456018908706,-3.2655125478008324,0.0,0.0,0.0,0.33159603117436315,1.9342746872721375,-0.4738949421807501,-0.6923130535478558,0.7623939589005239,0.17167977994847197,0.0,0.0,0.8040615543654399
2002-07-05,1.5457951451727014,-0.3756952727763546,0.33587007394489227,0.6703042256311132,0.6259592582112642,-2.5292879210891006,0.0,0.0,0.0,0.4739134599453776,1.9128867912966336,-0.2918313319579721,-0.4839915998655026,0.8772643848821713,0.1864618967253436,0.0,0.0,0.64929799275036
2002-07-12,1.4796392119470614,-0.383457718874134,0.3685543127321464,0.6435821224972085,1.6687803862451405,-2.8354739634174013,0.0,0.0,0.0,0.5337200645371787,1.8127449219673464,-1.2926030740692431,-1.1444329422447554,1.1171586154732762,0.14647676455914801,0.0,0.0,0.8102517909864239
2002-07-19,1.4184655452795711,-0.39129624319371914,0.40336004981855256,0.617242553408609,2.4448627606131366,-3.0252621914480566,0.0,0.0,0.0,0.6024740582352249,1.7229561488689507,-1.3141346169732746,-0.8724277757558979,1.331225265609783,0.3037956762081552,0.0,0.0,0.20420147147427897
2002-07-26,1.3616093423022928,-0.3962250507230618,0.4406371737781473,0.5898037120009181,1.8627327092020571,-2.1526345379958896,0.0,0.0,0.0,0.6833515904844922,0.9516831626972159,-1.8926592960551551,-1.2402111808273262,1.6930990487189808,0.46214600215497864,0.0,0.0,-1.0619707132500598
2002-08-02,0.5031231998931845,-1.3957738203425545,0.665203415957465,0.6901561310581652,2.6099314113426177,-2.006642751668303,0.0,0.0,0.0,0.9564274817074596,1.0748199630814705,-2.1227222747452656,-1.5657935415998845,2.0728393663379037,0.6449974353073713,0.0,0.0,-1.4015426115703928
2002-08-09,0.4764831850247706,-1.356541454647868,0.7093662869449673,0.6608033887384545,1.5732620867740295,-1.5353964220821168,0.0,0.0,0.0,1.0133046968821617,1.0356006779097822,-2.1802634752855727,-1.8783584110067337,1.3519175602208047,0.4052437835985988,0.0,0.0,-1.1056531624375399
2002-08-16,0.4497821315165696,-1.3192295838362569,0.7575442298613513,0.6318042186907467,0.5275377090418396,-1.822428047415061,0.0,0.0,0.0,1.0764626042457262,0.9979780036828033,-1.9047073859363002,-1.5164465456619816,0.7854153425999196,-0.10751094002557672,0.0,0.0,-2.158029192072494
2002-08-23,0.4229405850542567,-1.4631709645233113,0.8105342697786267,0.6079229299894626,0.5815525220455809,-1.4592176867970394,0.0,0.0,0.0,1.1473300425370654,0.9624478687376173,-2.008065622622896,-1.4563512839691757,0.8948142218884453,0.013574473456126798,0.0,0.0,-2.798960717693748
2002-08-30,0.4043891243938302,-1.4008630359285776,0.8693755465819869,0.5410622031885808,1.071516328462452,-1.6242012221977185,0.0,0.0,0.0,1.2278411665200346,0.5425798729751935,-2.200478957404342,-1.6737146796171443,0.5743373623668394,-0.4618895858475078,0.0,0.0,-2.408136827312105
2002-09-06,0.41107259420697073,-1.3164352629084246,1.5003465686996031,0.8637150068668971,1.6018803425724641,-1.58406599739344,0.0,0.0,0.0,1.998439977922287,0.9824922525418609,-2.2995982535967507,-1.279281043886136,0.36817951030367446,-0.46595603578273365,0.0,0.0,-1.7773718265406615
2002-09-13,0.39216571647502707,-1.2636605978821127,1.5569524781417114,0.8317369994052568,1.4907300073847052,-1.25723444383334,0.0,0.0,0.0,1.9640047110590526,0.9456071708488493,-2.486025091784507,-1.4299899908310276,-0.531389401642631,-0.837459989557717,0.0,0.0,-1.4999002179570617
2002-09-20,0.3733230144224957,-1.2139267290129077,1.6185210906878316,0.8006092866132537,2.0294979460295957,-1.3292280318237777,0.0,0.0,0.0,1.9309313166607205,0.909980519884786,-2.6009017888526307,-1.779604612148732,-0.5434341548230891,-0.9708409274429948,0.0,0.0,-1.367471090404235
2002-09-27,0.35452343642784656,-1.2975891057307607,1.6858818343847473,0.655021946826874,1.6696962749610829,-1.2827298885456542,0.0,0.0,0.0,1.8991276529700472,0.796995999559919,-2.62033219490266,-1.9888978161774418,-0.42028772744535364,-1.0002542026175179,0.0,0.0,-1.6035914862680434
2002-10-04,0.3862820889249851,-1.1965823759968257,2.249899699400414,1.0124832899362863,1.9762842869929629,-1.226937941993938,0.0,0.0,0.0,2.143982365785852,1.0069575836460822,-2.4386976129872275,-1.4548709292948592,-0.13331891622902842,-1.0683602223713389,0.0,0.0,-1.6871525490157564
2002-10-11,0.36621816036381133,-1.1521057722927175,2.1085860957488998,0.9749215001135586,1.4157435991634866,-1.2549146307791246,0.0,0.0,0.0,2.024381774860978,0.9756334385404432,-2.0098038348585896,-1.1308639157329092,0.3840090403518801,-1.0042304468425614,0.0,0.0,-1.7197956895966326
2002-10-18,0.3461622706367926,-1.1098016705026987,1.9860244528314925,0.9387518244509029,1.098592006752056,-0.9538241361464616,0.0,0.0,0.0,1.9188640031660695,0.9463960046051683,-1.3106096022715084,-0.22320661653299348,0.8852545376025592,-1.0766720368115443,0.0,0.0,-0.47865715108119844
2002-10-25,0.32608725638445674,-0.2093419968269669,1.8781740111347083,0.772175215069614,0.5699774914605129,-1.0400810575664414,0.0,0.0,0.0,1.8247050984466202,0.7408625990977945,-1.316203168934312,-0.09056102938805043,1.4995522446964442,-1.1159520546683805,0.0,0.0,-0.09974529566315835
2002-11-01,-0.1169033612476074,-0.6131291908118933,1.718124760743819,0.6965885208301602,0.4715825084418607,-1.3643377352377952,0.0,0.0,0.0,2.116863856716261,1.0585798488356513,-1.503507270066849,-0.1996114307656189,2.160844268735285,-0.032143273677517334,0.0,0.0,0.010681950667468014
2002-11-08,-0.17048631579494858,-0.6245987494226404,1.635072650535069,0.6668993601001596,0.4813531614332393,-1.6065868169728497,0.0,0.0,0.0,1.9925403324300237,1.0249974240739934,-1.7643231907123427,-0.6010809510194381,0.23713646195319937,-0.5500299690655848,0.0,0.0,0.2928151174571921
2002-11-15,-0.23259641637238762,-0.6362751511790574,1.5593799372837005,0.6376132865482201,0.06867322895931159,-1.43404779749627,0.0,0.0,0.0,1.883290722969694,0.9935510872140381,-1.3152528591962491,-0.07994638573513077,1.3151263329909724,0.0774439308620688,0.0,0.0,0.5083796982768077
2002-11-22,-0.30713295243316785,-0.676784572386489,1.489886038702589,0.6086649212372445,-0.44729304195904185,-1.1746782336236172,0.0,0.0,0.0,1.7860964305725917,0.9643131529428002,-1.0236098258501622,0.3843376219189221,0.8604699135485256,0.13196759963838586,0.0,0.0,0.3594363659607441
2002-11-29,-0.353068281032392,-0.7117447264970386,1.4256675678077735,0.1674531566684814,0.1843924008765408,-1.0755675027989473,0.0,0.0,0.0,1.698721224319481,0.35836301201625015,-0.9181095731162149,0.6240242386209653,1.2355534193769229,0.6499662789824648,0.0,0.0,0.1573063464008242
2002-12-06,-0.5859833394303139,-0.853084305708395,1.2608405203487465,0.003354733134794095,0.37344254638166446,-1.2290173628757428,0.0,0.0,0.0,2.1002835223430103,0.919465011683963,-1.1222507192291649,0.6527890879672302,1.5860141802185836,1.5520552563899765,0.0,0.0,0.4006663114063782
2002-12-13,-0.6471755994769798,-0.856859045814117,1.2212032440109535,-0.06975141885412789,0.2596735648356501,-1.4303917600089662,0.0,0.0,0.0,1.9767721995699636,0.8945462495283637,-1.1163832161579672,0.8858301382699644,1.5326604152392804,1.5232914990405964,0.0,0.0,0.4127167258364002
2002-12-20,-0.7172418787759711,-0.8606555475257989,1.1847311172182016,-0.17092141748339507,0.030113374628601985,-1.4637357770507913,0.0,0.0,0.0,1.868193609417241,0.8725367706968895,-1.2548082954810698,0.9041658623807349,1.529551839082975,1.4405052754708607,0.0,0.0,0.7235703438102941
2002-12-27,-0.7991187899930915,-0.9169963499932686,1.1514329864699948,-0.953616721575908,0.4304170752859559,-1.586776322563243,0.0,0.0,0.0,1.7715646699176435,0.5132792257801023,-1.4543354189994655,0.6590940863125531,1.5881934817350367,1.3117119482928106,0.0,0.0,0.8979743938619454
2003-01-03,0.5281433366393374,-0.06948002247527241,2.5314363330025076,1.0069169721639015,-0.31036844298982735,-1.5065363833387595,7.14142842854285,0.0,0.0,2.250267568299179,1.3692089095588693,-1.0039596233540196,0.8424218609494016,1.6945203735252305,1.0907388643948226,0.0,0.0,1.5786421963823707
2003-01-10,0.49950993839866437,-0.08047326106923224,2.380376987135148,0.9882200857483613,-0.3703513283806919,-1.6526267455483041,4.978468192200553,0.0,0.0,2.113789337511358,1.3325632649255326,-0.7692391600776423,0.4461237188883668,2.248887116156663,1.2782432075599846,0.0,0.0,1.6066827924662537
2003-01-17,0.4709746892519159,-0.09156213964371525,2.2528743638731807,0.9751100033223775,-0.17232222300618041,-1.694584227618587,3.8334164681711953,0.0,0.0,1.995367822939812,1.3006674182477662,-0.9388717668857018,0.28329685365167856,2.0118302862043778,0.740309924843125,0.0,0.0,1.3333302796505069
2003-01-24,0.44266547138667045,0.3408784519378887,2.1440173339014845,1.049924030236714,0.6778136475553739,-1.8521848850295857,3.187083170333046,0.0,0.0,1.891223785433487,0.7952534640367072,-1.099961354247075,0.3278661439315243,1.5440999776065272,-0.11847598343896262,0.0,0.0,1.371836039402033
2003-01-31,0.24140000739184808,0.28631123121309293,2.053795804936716,1.0382341715972443,0.5995768807011831,-1.6695135021256657,2.922130601659181,0.0,0.0,1.8023065506165794,0.7722401342755847,-0.9513414400937665,0.8567370106380355,1.477044917694587,1.1334764799987953,0.0,0.0,1.509639174113026
2003-02-07,0.206848692014514,0.31798373207777336,3.0912992251812343,3.232444874853767,0.9946178434663184,-1.6666025297759952,2.5156383664407325,0.0,0.0,2.8940382646311837,3.1090655909922686,-0.9874811805834859,0.32037680972718624,1.6619345697087795,0.6078026684456344,0.0,0.0,0.9193983824037298
2003-02-14,0.1700863806912422,0.3516151945996231,2.853747749880656,3.058076853367949,0.7544454903392609,-1.5292106751167691,2.2825359587109846,0.0,0.0,2.659859569550392,2.918645258600865,-0.9689583125543401,0.006937375300699893,1.5837680738372604,0.8655021418619087,0.0,0.0,0.25311273121233013
2003-02-21,0.13042454567193915,0.3592066953843923,2.66375953260605,2.927716902589172,0.3753910462444355,-1.4717361375839246,2.019100797763271,0.0,0.0,2.4697202786820234,2.7691343193962763,-1.0215098116697627,-0.18022055594182884,1.224809935023486,0.2881877289935958,0.0,0.0,0.6946049765772618
2003-02-28,-1.4760454210274419,-0.21636111774703715,2.4679607519267703,2.8203113259506227,0.25627650858155887,-1.5004988829817913,1.7239855815667346,0.0,0.0,2.3112639365134733,1.9735452528331618,-1.313086830582485,-0.30879128137076106,0.7350659071874449,-0.4379322525183247,0.0,0.0,0.1600140532732451
2003-03-07,-1.4238971607519666,-0.18413861265777642,3.595368835884718,4.591238816501731,0.45183300717040614,-1.745946810509539,1.584509656881284,0.0,0.0,2.8704162266796605,3.3340672944527348,-1.4081196391383817,-0.4230602529404016,1.0078689508006617,-0.19089489944728139,0.0,0.0,0.12485799165926229
2003-03-14,-1.3749712616852212,-0.15025148549774975,3.18245561247554,3.8086711556203383,0.40717221567003725,-1.3433776865242715,1.6990715112667227,0.0,0.0,2.6423739586809134,3.0325145264075344,-1.2056384055470064,0.029603612709005814,0.5610693881693996,-0.6625069588271638,0.0,0.0,-0.38092188890126116
2003-03-21,-1.328902659953639,-0.11427403534733001,2.8762574692777587,3.3088969376829,0.004119745639371796,-0.9540222396106771,2.0335783610083245,0.0,0.0,2.45663437371884,2.797912627291449,-0.4527069065733983,1.2440055194346553,1.3409825290846629,-0.05671992045001984,0.0,0.0,-0.7229936229989085
2003-03-28,-1.2853810483412869,-1.147047158918644,2.636942412944712,1.9309968929130878,-0.1866142135438693,-1.3138635398195961,1.7165446622014986,0.0,0.0,2.3015100929588503,1.929859231496102,-0.7908414499197487,0.3237370185237173,1.5756453625736873,0.009497883336478804,0.0,0.0,-1.384012954405081
2003-04-04,-2.567112232887886,-1.9713901058749286,1.1155070893272003,-0.2867768488816664,0.016422910559693388,-1.1935446473946332,1.7028136691480327,0.0,0.0,2.4408385975960205,2.4177437999092457,-0.6818659177656853,0.18669026181220563,1.7973015017952905,-0.40351404802943347,0.0,0.0,-1.6513124107161896
2003-04-11,-2.377049082472238,-1.9328928851775553,1.073078547982894,-0.27882494240503497,-0.840994031432053,-1.2358387883103108,1.6886758721847452,0.0,0.0,2.2858281807262615,2.2678811462391426,-0.5704571255035638,0.560779736871791,1.4129006908173063,-0.7043284519811405,0.0,0.0,-1.4489723198430764
2003-04-18,-2.2179072828218183,-1.908937141072554,1.0324813765850394,-0.27089945016910694,-1.4048479962899083,-1.4067409568538842,1.5986486690436936,0.0,0.0,2.15369046705476,2.1398237618647746,-0.5838475596287176,0.7812839564416824,0.9167917261460325,-0.7820538552477339,0.0,0.0,-1.6500253344815339
2003-04-25,-2.081825895918123,-1.7374508606994645,0.9935143998444727,-0.2620707153712776,-1.5179268847180887,-1.5853299525377043,1.4883547289242447,0.0,0.0,2.0393467857527363,2.0227253477753426,-0.7080339535524093,0.4787724624026126,1.2795075525605253,-0.3612598484887003,0.0,0.0,-1.5737344620247775
2003-05-02,-2.0512466085934644,-1.7585198202448922,0.9239852401531847,-1.4133892495773712,-1.5540923915850617,-1.8899062767234696,1.433349291519245,0.0,0.0,1.5594725464116903,-0.4996553926707811,-0.6115498410588524,0.6620720183038729,1.453495821205538,-0.4399977528979337,0.0,0.0,-0.8151782150629087
2003-05-09,-1.937021463103156,-1.712297748508212,0.8888040453204508,-1.357429124135035,-1.691958737905892,-2.2139123614846685,1.197425027452338,0.0,0.0,1.4933732444081058,-0.501712714364756,-1.1716187298129586,0.10716576293130756,0.6068382536720799,-1.3039270026569727,0.0,0.0,-0.0652306484246863
2003-05-16,-1.8360137407960673,-1.6750121302354815,0.8546587519981834,-1.3050202930865524,-1.9350161575002338,-2.305735234134159,1.00240612924366,0.0,0.0,1.432353120195141,-0.5037753647596689,-1.7187382526244512,-0.30702534941686976,-0.36929738118535793,-1.8631317596162222,0.0,0.0,-0.11643046380933608
2003-05-23,-1.7457208910859239,-0.6453437278636662,0.8214290831452545,-1.2690116763674133,-1.8002691875744126,-2.408448213761091,0.8527435758821703,0.0,0.0,1.3757467436213735,-0.5058433835726325,-1.9919311534703357,-0.10251349422682521,-1.1172450775474274,-1.9380324401340867,0.0,0.0,0.08729023593304776
2003-05-30,-1.6712581812627816,-0.615678876466396,0.7890034437862671,-2.7027974060304625,-1.7391234373919184,-2.2380783623226828,0.8674939757339254,0.0,0.0,1.3230137742527985,-1.7031482300331715,-1.8867768148781243,0.18404233460599956,-0.6661615895990691,-1.7286741245548654,0.0,0.0,-0.019604935574383926
2003-06-06,-0.3444347171139193,0.6013205800175029,1.1833444198957292,-2.014765107326211,-1.3977802091722118,-2.0840781082450794,0.8253004020751044,0.0,0.0,0.6627210611618704,-2.7367305641599438,-1.8807724287160075,-0.04502894039429402,-0.31383863004980667,-0.8866594272831464,0.0,0.0,0.5706367984638634
2003-06-13,-0.3154216865972288,0.6310159372168385,1.1393427809310916,-1.9088730581438944,-1.4579819952196602,-2.2306985632777248,0.5571905941218329,0.0,0.0,0.6335821545917476,-2.513905180456878,-2.4381643761764735,-1.6259646933240317,-0.7882382855540785,-2.027847993959639,0.0,0.0,0.5838502928800303
2003-06-20,-0.2856198003659002,0.6623726082979874,1.0975415179208368,-1.8144141246282905,-1.6523355406470477,-1.7533580514907454,0.7791781055995332,0.0,0.0,0.6047127779297435,-2.331031836017157,-1.6472558896922278,-0.46312139237363215,0.15464360614915335,-1.406705824354205,0.0,0.0,0.7927769384970166
2003-06-27,-0.2548268429335235,1.6949522066661489,1.0577237154157477,-0.10181670115424521,-1.5928044487931066,-1.453875410232046,0.8717044113421599,0.0,0.0,0.5760279857541386,-2.5661500338234124,-1.1231194345020488,-0.10497902818079331,0.26112904385567237,-1.5016955757271881,0.0,0.0,0.7025443422944058
2003-07-04,-0.22005651508327814,1.6551089241317476,0.9190369232684794,-0.22351191920009095,-1.4967729209885223,-1.510453333961418,1.017614335305619,0.0,0.0,0.26241082154999035,-2.724192131819365,-0.8461541520284491,0.02502374160577784,1.225129617544159,-0.34276296455705796,0.0,0.0,0.7308735887476913
2003-07-11,-0.18301978100674302,1.6171990900325561,0.8845188670766881,-0.22756562880949888,-1.5701488876621452,-1.2052198956398192,0.7804163988676532,0.0,0.0,0.23587483128757922,-2.5015766605353686,-0.8566968582077927,0.03792029273407323,1.3043350285977897,0.2163445311221367,0.0,0.0,0.9478027363426227
2003-07-18,-0.14298081200196233,1.581058871610842,0.851050537516054,-0.2316329389037455,-1.4162990975304066,-0.9552799582121748,0.9018965534210202,0.0,0.0,0.2086881744180122,-2.3188887830230414,0.3604289994650891,1.0500021986397547,1.977490325199028,0.5087488473097295,0.0,0.0,0.7640942837424307
2003-07-25,-0.09885465342158639,1.6209628487803607,0.8185245583143498,-0.19709235227831606,-1.5646622477197487,-1.2851574671042962,0.96275120141089,0.0,0.0,0.18071918120293204,-1.7259504453585783,1.195006910039479,1.4647306702836056,2.9699723349335705,1.451587381946625,0.0,0.0,1.1705346296595822
2003-08-01,1.0926080217298437,2.2472738581184526,0.8918983156724322,-0.08346094065616738,-1.063648562512549,-0.9085878001230394,1.1734361486854168,0.0,0.0,0.19724128044462386,-1.6056579654079541,1.9710535267619829,2.4482898578270795,2.205703887774206,1.6300757844815819,0.0,0.0,0.7444900212359965
2003-08-08,1.0749964326957024,2.1022984309171897,0.8587170860733554,-0.08809524715105282,-1.2096973385471443,-0.9336298115001406,1.006180515558201,0.0,0.0,0.16878726481918294,-1.540792598875329,1.3527386517947722,2.430837677063905,1.8740836079033236,2.213134617359794,0.0,0.0,0.34986999029946786
2003-08-15,1.0578049826219365,1.9768951994468045,0.8265484453525043,-0.09274019522639688,-1.3705436040905536,-0.8408961848319437,1.0550536280176586,0.0,0.0,0.13930520662939966,-1.480718395334299,2.284656454849497,3.0164265412046256,2.470485837721863,3.2311540158387437,0.0,0.0,0.1948336007262677
2003-08-22,1.0410137111128615,1.867784424176936,0.7953105098940961,-0.09739612364198108,-1.272783058979256,-0.36612167137088114,0.9198247881135992,0.0,0.0,0.10858783173537508,-1.4248024464197864,1.9726778141780197,2.584532154079222,1.4382441116391604,1.842780129254617,0.0,0.0,0.4459323489481339
2003-08-29,1.0246039374343792,0.8513527121976194,0.7649369495148179,-0.6058479814030604,-1.2107438376279351,-0.49049479920984657,0.9147608922177847,0.0,0.0,0.07637984197160785,-0.6861393152679045,1.8005573950815863,2.367159959953632,1.3328029317112347,1.452847486924238,0.0,0.0,0.8377884390885137
2003-09-05,2.1734575034160684,1.5241881692212726,0.9258253410307622,-0.40099849117187847,-1.2421076275608922,-0.6744703362511726,0.761366217622168,0.0,0.0,0.04779482541752034,-0.670092437090459,1.4200586140307143,2.4507968868572116,1.8823184138148372,2.2098767173576928,0.0,0.0,1.312459258422906
2003-09-12,2.0578460290473997,1.4575493522291838,0.8924397213531781,-0.39358536248135645,-1.121556095078243,-0.8753155362567598,0.7404797905250361,0.0,0.0,0.01797151973666519,-0.6543091000279668,1.1204763036649716,1.7175147565771518,1.726727636561664,1.4046034433972172,0.0,0.0,1.1515138616415215
2003-09-19,1.9554487322214267,1.395788737623821,0.860253074194195,-0.38621315813648743,-1.2834038810137056,-1.0702833646918848,0.6995236257050422,0.0,0.0,-0.013314229171780148,-0.6387756574617434,0.768558155697004,1.163612422792111,1.008395701384907,0.6874553956458304,0.0,0.0,1.7766753168311047
2003-09-26,1.8637917555810315,1.3392341545543869,0.8292017912322075,-0.2659156425775934,-0.4578081114944161,-1.2732883848030478,0.4782088401866828,0.0,0.0,-0.04633848934092958,-0.3190693458694571,0.327380592372325,0.7206532979115358,0.8291175975803903,-0.10908297607202204,0.0,0.0,1.15111881552038
2003-10-03,1.4213164421328357,1.0411214583318391,1.12292689872758,0.05139001416915376,-0.9267386978299218,-1.3766891843284246,0.6340957242500652,0.0,0.0,-0.07774815830232365,-0.31022596527130675,0.8476841629804627,1.04931801002469,1.4243673289487242,0.301906224434897,0.0,0.0,0.3179080190775379
2003-10-10,1.380203169896916,1.0018922649644957,1.0835984126890696,0.054434598820308544,-1.097852262477525,-1.7095542669347379,0.5822147483883809,0.0,0.0,-0.11097309707900066,-0.3014188342632366,1.06858804171002,0.4871148660861818,1.781641705856211,0.10093068705380512,0.0,0.0,0.6943208237035612
2003-10-17,1.3411850509342984,0.9641529660410557,1.0462791215897722,0.057482141611768615,-1.2224513777011652,-1.5012139821394588,0.5527636368088629,0.0,0.0,-0.14635846954160475,-0.2926458664271965,1.4146686020115253,0.2586977643464907,1.044685684508381,-1.4216638561382047,0.0,0.0,0.03374039544961463
2003-10-24,1.3040659277956708,0.3122022281200917,1.0108442843705363,-0.057485561750579194,-1.1597524449551906,-1.70172285140359,0.2569154007860143,0.0,0.0,-0.18434205284863095,-0.32921144776697603,0.8644825122295159,-0.5654497765957804,0.8484807705026709,-1.081681642476241,0.0,0.0,0.7663279391471123
2003-10-31,2.4089599002488087,1.1679368856943348,0.9778315508252193,-0.05521672654407935,-1.4177985026736624,-1.3119024978007146,0.23375494183851345,0.0,0.0,-0.21858314315746552,-0.31794629107928357,1.115163607884318,-0.02938551302764561,0.8203057411976097,-0.8812641808154256,0.0,0.0,0.9854253373764249
2003-11-07,2.2398239817362753,1.12407285292001,0.7696740008910932,-0.2071726008291703,-1.2072493303849083,-1.1991622530551143,0.42313699022968787,0.0,0.0,-0.3825059767025875,-0.3938829698717175,1.5117152785614036,-0.32555380119256006,0.5750252145486404,-1.6809112268488624,0.0,0.0,1.0241366349713028
2003-11-14,2.096063771570567,1.0822711720070375,0.7410649759295002,-0.2018084094626465,-1.1587312091109225,-1.544562190546294,0.06373486890266042,0.0,0.0,-0.42314162681346057,-0.3807773153069375,0.7060625172352759,-0.7300486899454237,0.21704590587472553,-1.0794031407036788,0.0,0.0,1.5690555369916301
2003-11-21,1.9716000506802664,1.0423093333158626,0.7134721469850891,-0.19645353448702463,-0.7416393958486064,-1.713913119127067,0.10447514851633445,0.0,0.0,-0.46738178857961976,-0.3677503256951175,0.49587983161800553,-0.7968674850698401,-0.2073284132903945,-1.2961578252486765,0.0,0.0,0.409242641807754
2003-11-28,1.8622143784728664,0.33997186702712656,0.686993563892819,-0.38951661678079685,-1.2077199132296568,-1.7800782499035936,0.21892164640607661,0.0,0.0,-0.5160061555981946,-0.3596001958689792,1.0593700129515713,-0.17136415691651177,-0.40076377291380594,-1.8710579237685407,0.0,0.0,0.38249731357774547
2003-12-05,2.7629836839285,1.2836410017082511,0.9758133107870206,-0.15712551447713263,-1.020154250752897,-2.0020229169900863,-0.03706012419588908,0.0,0.0,-0.044226049365744584,-0.04189162038165989,0.7162367840129906,-0.2266950386699785,-0.009047736248361525,-1.4360212420940366,0.0,0.0,1.225693479071197
2003-12-12,2.5326117672400557,1.2327785894591932,0.9638325923532077,-0.1602620650240511,-1.108273331030788,-2.086004110193706,-0.14913941442978265,0.0,0.0,-0.07945817468499904,-0.0350856283182139,0.7909686814174031,0.058327816226258135,0.3801792877643647,-0.5507105603515441,0.0,0.0,1.194259608718605
2003-12-19,2.34449031734863,1.1847256854007273,0.960215756051023,-0.16340470024914105,-1.0643205651680154,-2.0917682847956516,-0.18386218697905768,0.0,0.0,-0.11724149875531406,-0.028267984858022323,0.4509416712953511,0.10824615481321102,-0.1673664934557676,-0.7663054701921109,0.0,0.0,1.813517158132944
2003-12-26,2.1866782243086273,1.3698055880984918,0.9697839893007882,-0.48295022798560533,-0.8330781017572458,-2.107787091141041,-0.5546508171183335,0.0,0.0,-0.15816133852937989,-0.02399371740657306,0.4911623381153767,-0.2053545413502159,-0.06225711513144496,-1.1353508849801326,0.0,0.0,2.281396425253362
2004-01-02,2.4759047555449074,1.7867299404005186,2.147248219294239,0.2661154317471645,-0.6575421475996073,-2.175654593962135,0.08490008893333145,0.0,0.0,0.7155710502417684,0.4682882484538559,1.0862079394365005,0.07828103932108695,0.45724190462643494,-1.0525568022361447,0.0,0.0,2.180342504887483
2004-01-09,2.301472620093453,1.699662728200123,2.0571653658124447,0.2661154317471648,-0.9114354365789334,-2.4558741744829797,-0.7695965477621058,0.0,0.0,0.6850902561005142,0.4704183279693858,0.29298401480934966,-0.740112470453155,0.389695856152927,-0.5314290841742755,0.0,0.0,2.8228001076162235
2004-01-16,2.153719078499172,1.6206719056836971,1.9800557733729394,0.266115431747165,-1.2024129926061573,-1.7311924489747135,-1.0502953888493949,0.0,0.0,0.654984063342566,0.4725539339985149,0.08687816694940977,-0.5206159922073469,-0.14870961706374652,-0.7519597494742946,0.0,0.0,1.7004349554933922
2004-01-23,2.026178806100745,0.8277092816530875,1.9145318643398213,0.26693152354373695,-1.2019644493942172,-1.9052519583528635,-1.0629626338617324,0.0,0.0,0.6251563963715867,0.4704904478141833,0.22597986024337113,-0.5969822064833352,0.07973969732704335,-0.5736964812364477,0.0,0.0,1.73348457149885
2004-01-30,1.9132578562498206,0.8088121179328398,1.8598299296979104,0.42203909787881155,-0.8209474188593434,-1.6749291774679043,-0.8688267159513534,0.0,0.0,0.5955080167988576,0.5554528758575664,0.42283374195917106,-0.7437720199296126,-0.2859786767672019,-0.627856508284272,0.0,0.0,1.6001545463315325
2004-02-06,1.9549750561255475,0.9737911393652763,2.1772145973640162,0.7144724740689715,-0.943823216935543,-1.8509301994256233,-1.1461496407415606,0.0,0.0,1.018585586638206,0.7954986793940597,0.29569703584833384,-0.2791376658662991,-0.10771777655719651,-0.23584080365933152,0.0,0.0,1.153122706311443
2004-02-13,1.849590180776208,0.9481872385818035,2.0433828740988864,0.7315668994993851,-1.0315155529688924,-1.8603931239359741,-1.3553453273412435,0.0,0.0,0.9899859860883361,0.8131744507585049,0.0838662741734144,-0.2850425674546108,-0.11007741744185408,0.07469284566073324,0.0,0.0,2.235345381025771
2004-02-20,1.7555216883384812,0.9233633489944529,1.9266707376690761,0.7491536564330933,-0.9056252185027273,-1.4270438080071974,-1.0718759245617395,0.0,0.0,0.9623534980414623,0.8313775201761443,0.22003810597636245,-0.5855894013855696,-0.1197425925081678,0.20654994281784084,0.0,0.0,2.0281862481874597
2004-02-27,1.6691865390663516,0.060570319919119986,1.8234925181145192,0.5302989285840233,-1.2626880891256014,-1.3582584876668744,-1.930847780168689,0.0,0.0,0.9356149446856951,0.5248022560567447,-0.12124226706969507,-0.593795738311928,-0.2613081524423924,-0.17402239276778625,0.0,0.0,1.363570581755193
2004-03-05,1.4226222074652464,-0.18621113393037658,2.300289987823605,1.0588216300276014,-1.3019197378475182,-1.1190183592462515,-2.531219411297309,0.0,0.0,0.9494381128745276,0.5648818805867746,-0.5562954300908314,-0.9579473553535117,-0.5739262625066177,-0.6639678289983251,0.0,0.0,1.5683595016739513
2004-03-12,1.36308047975684,-0.19280061596964754,2.2012920878088273,1.207259550489917,-0.17110520591869052,-0.8755641219168355,-2.1168271124752547,0.0,0.0,0.9635721208023147,0.6083183712021065,-0.7725604684807362,-0.8646563330260235,-0.8375132629962599,-0.4496675008243284,0.0,0.0,1.093852313223451
2004-03-19,1.3074370218318816,-0.19942731282442827,2.1119909273128328,1.4084273991717298,0.17916951319857152,-1.0662020807211752,-2.3212530876361788,0.0,0.0,0.9780310731639767,0.6557556266289104,-0.691335930064872,-0.8345526386693105,-0.8249277045800368,-0.5174062968730627,0.0,0.0,1.745321942736224
2004-03-26,1.2551899513297267,-0.678873171226538,2.030834473280536,0.4377473503349323,-0.44947859970387066,-0.8637673183981048,-2.052513821977099,0.0,0.0,0.9928299851627973,0.12862301526892297,-0.536188110442904,-1.1428004274151897,-0.6864701927188473,-0.7848640356545207,0.0,0.0,1.465984968808212
2004-04-02,1.3390826255435941,-0.5402459080376972,2.659075126588393,1.3976803077862952,-1.2606347351665121,-0.9258117933919011,-1.0801950216487806,0.0,0.0,1.3932298914102939,0.3867229852792052,0.35198871849923435,0.0382369250372345,-0.487100447278372,-0.6012729308208395,0.0,0.0,0.869876175580627
2004-04-09,1.2908909634614492,-0.5986206733130157,2.4616847276242986,1.3526352975318767,-0.9631603814788702,-0.772159709222973,-0.5888519129139923,0.0,0.0,1.43647679993405,0.4416857090633808,0.5183076108849939,0.30126617475941436,-0.23932107258075866,-0.05924475854886986,0.0,0.0,1.0104922191055932
2004-04-16,1.2459404942659933,-0.6651243494327297,2.297522694882183,1.3100514849404719,-1.627145248905015,-0.5078973575939142,-0.2661143611360424,0.0,0.0,1.4826631241652544,0.5042743668920219,0.9653128315895669,0.5203031836372468,-0.18688242483276257,-0.18168472844429173,0.0,0.0,0.04993595656725239
2004-04-23,1.2039766615678502,-0.7367791054024022,2.1580341934682568,1.2696782329428256,-2.0311510446310663,-0.1761449370180303,0.8204405844339011,0.0,0.0,1.5321685505952334,0.5770763188685368,1.2413669660291702,0.5856817200147633,-1.0795484082238638,-0.5397956190493096,0.0,0.0,-1.2123850958618658
2004-04-30,1.165597787153169,-1.0623296543161371,2.0388485305787607,0.8479871244675248,-0.2867825607620608,-0.3114044913118418,0.7888204667247349,0.0,0.0,1.5146632234134167,0.26771411058834915,1.3319793518099081,0.7516172993318035,-0.8718547342034048,-0.5242264083448253,0.0,0.0,-1.7518005899674516
2004-05-07,1.1299902705936733,-1.1764017032745229,2.6412553374301186,1.8604377181067073,0.25138066436815815,-0.11271832713128017,1.3138185661697057,0.0,0.0,2.443385706555875,0.9697812077484714,1.9630200852653783,1.3739910498665344,-1.2705461222365169,-0.8013833774941074,0.0,0.0,-2.6810384852587625
2004-05-14,1.0971515453783371,-1.3188260932772116,2.4525081426082305,1.7702894858666645,0.44026027328333756,0.047824632531861574,0.9376421074276722,0.0,0.0,2.3172082898952127,0.9629694821312925,1.8822829671314538,1.2224656739013948,-1.0043368729308402,-0.5997545614538393,0.0,0.0,-2.547014227865723
2004-05-21,1.0671811559123268,-1.3898057245090298,2.2949668109096777,1.6891668803759121,0.4608899515708206,-0.26565387487145503,0.40328268207835927,0.0,0.0,2.205889232379214,0.9562241952824139,1.7515412490183215,1.3282389834738713,-1.3307584474978973,-0.6884988919479874,0.0,0.0,-2.106662754328884
2004-05-28,1.0403145777653175,-1.0891331041935992,2.1608410342838447,1.1861162137677421,-1.1684969881530942,-0.6719684059195699,0.21387682825090965,0.0,0.0,2.106615788606074,0.9265706709217197,1.4385784445442173,1.3499870283044555,-1.6251097992599612,-0.6517704942818076,0.0,0.0,-2.0022242666591246
2004-06-04,1.1767099017021196,-0.7511169190924757,2.1545829211079672,1.4259592479042864,-0.4223203640315495,-0.7582457951550151,0.6605900318889297,0.0,0.0,2.4687655980884364,1.3167679815376703,1.7507654013061082,1.645390687987256,-1.873744495091016,-0.6415318925547532,0.0,0.0,-2.1281646361168054
2004-06-11,1.137986703516136,-0.7716627172704809,2.0272348648637553,1.4547483570327149,-1.3926470685178745,-0.3367097027764687,0.9344165711063844,0.0,0.0,2.2897637268887396,1.2671556932060197,1.8769365906382034,1.628707442243253,-2.3667778246756717,-0.9791295416799547,0.0,0.0,-2.7024672723725818
2004-06-18,1.1017569942122358,-0.7929378190335866,1.91577097455223,1.5191367151826958,-1.3639691085849546,-0.5707889035207566,0.7699346757038354,0.0,0.0,2.1386528894369556,1.220561543427798,1.581951581465019,1.3002989807507204,-2.7289531575084123,-1.402035834095884,0.0,0.0,-2.341971171267029
2004-06-25,1.067969003846379,-1.0883967280799116,1.8169783806786841,0.22489313971626826,-1.1987572951545076,-0.5983529455338763,0.7883040852918045,0.0,0.0,2.00853771300533,0.936625249264579,1.3556381556566703,0.5508252041372661,-2.4943898263724065,-1.4504492796574269,0.0,0.0,-2.1667181012805843
2004-07-02,0.8265910852653854,-1.446541133244399,1.7869144959642758,0.3535548998637002,-1.2158110341481645,-0.8218058082502825,-0.08806433282383998,0.0,0.0,2.3089469484903375,1.3723222954139715,0.7020118724678506,0.04147423089499685,-2.2201965316512644,-1.4688298816768297,0.0,0.0,-1.9857638912506976
2004-07-09,0.7988650566058921,-1.3954144216438442,1.7036262746233506,0.331233902449053,-0.7759765021128507,-0.9416787509243225,0.1670008441128972,0.0,0.0,2.161252043575877,1.3627421420050032,0.7140427044751616,-0.2876584811606797,-2.0812970647545526,-1.4430957898249823,0.0,0.0,-1.1270155058249616
2004-07-16,0.772695997253635,-1.3473848836269509,1.6282049108042644,0.30878348100067005,-1.5483169317875873,-0.9893088135940477,-0.18076182166262156,0.0,0.0,2.0339763892211216,1.3656099076046875,0.271111706144277,-0.7347185006693028,-2.3998744876569873,-1.200373044620564,0.0,0.0,-0.15671185877694044
2004-07-23,0.7483424655615021,-1.3003260526160343,1.5594573155437181,0.2872269635997658,-0.28445314731614824,-0.3436356395741289,0.09900077430137101,0.0,0.0,1.922621174112495,1.3417918946608416,0.5229102567704256,-0.675907842660111,-2.6022146797010244,-1.5564187276442714,0.0,0.0,-0.4356241738341378
2004-07-30,0.7193172615992486,-1.248424329826538,1.494790244325931,-1.245256502911543,-0.9446459698824158,-0.10130731189776139,0.18383392366762594,0.0,0.0,1.822898646685877,0.45114160390062225,0.7088958223686178,-1.067109234476431,-2.1792901077015,-1.02372564949728,0.0,0.0,0.2662741489440225
2004-08-06,0.5211989068858685,-1.4369483929157776,1.599499212169096,-0.7809420551645875,1.4891066249098617,-0.563072311510404,-0.6675913609830662,0.0,0.0,1.733638170599749,0.42037038218368494,-0.2860684910317575,-1.534767864478633,-1.9727296503411758,-1.1126987820749425,0.0,0.0,0.3337190238177837
2004-08-13,0.49134421731742545,-1.376843694952096,1.5337233807767465,-0.7786092648896253,0.6703705943574023,-0.6816831836247946,-0.8739678346611087,0.0,0.0,1.6530184393860257,0.38886581696048395,-0.34076230918757605,-1.47711217759606,-2.2517605816259296,-1.3530005231972673,0.0,0.0,0.04885214037706554
2004-08-20,0.4611122652679588,-1.320742760729179,1.4733538171164273,-0.7762841991770779,-0.5062019539016346,-0.5911309801620992,-0.7459065611428942,0.0,0.0,1.5796398682782031,0.3564535486920274,-0.24665343829903175,-1.195056466426236,-1.9995042960309934,-1.0320409701289286,0.0,0.0,-0.21147627074335143
2004-08-27,0.4303226626867853,-1.58048194402548,1.4177327416842216,-1.1135719660945975,-1.2453650457735628,0.06676190900422561,-0.37055980391417626,0.0,0.0,1.512408273826858,-0.41916226982050186,-0.2696684137938582,-1.4357808243061534,-2.0045300681765434,-0.9687904038829249,0.0,0.0,-0.1297564526399293
2004-09-03,-0.07843213142929914,-2.0090620861057946,1.2814720796667556,-1.3476922177263564,-1.6499654667011403,0.07492370279397115,-0.24420340055993323,0.0,0.0,1.651336081035052,-0.021573178121453172,0.005978291881504883,-1.3329191042726976,-2.1332037600862654,-0.9014219634890765,0.0,0.0,0.02110480104272294
2004-09-10,-0.11832989951862283,-1.8960070070261246,1.2350384675333825,-1.3476922177263564,-1.660624713343161,-0.4380050464131342,-0.47351768880402656,0.0,0.0,1.5802083594527196,-0.060493276294985084,-0.4148394384667961,-1.3378530673636744,-2.027123252913895,-0.361952325571116,0.0,0.0,-0.3585149341469029
2004-09-17,-0.16190485256357395,-1.7957401614508084,1.1914375106507318,-1.3476922177263564,-1.4362459912697585,-0.14631098320374733,-0.34241532564167954,0.0,0.0,1.5151062996609903,-0.10286215336708207,-0.6058460298067059,-1.2649815561059004,-2.193248612653289,-0.9277370883199122,0.0,0.0,-0.3777520546472941
2004-09-24,-0.21016815212793175,-1.406933245546559,1.1504330346773732,-1.4818289173623724,-1.334182991977519,-0.3751172707610267,-0.689808795365252,0.0,0.0,1.4552237471359164,-0.9685990817405691,-0.993349025501031,-1.0387937502583593,-2.663361454344552,-2.240123244993788,0.0,0.0,-0.04689881557808767
2004-10-01,-0.7314401437722194,-1.7088152719052723,1.7453430456958903,0.2813188455228899,-2.2150415296722725,-0.7700123788990741,-0.39837363381823565,0.0,0.0,1.9304053909495642,0.35223248933708873,-0.3345939328206763,-0.6398777538646082,-1.9835176851370366,-1.1561940200860246,0.0,0.0,-0.07902517801234983
2004-10-08,-0.836294955799525,-1.6264396769748317,1.6697601571718983,0.26688400580855876,-0.7180110326079214,-0.8395468130528453,-0.637123757435291,0.0,0.0,1.8396998741053794,0.32458435743631714,-0.5549827662046383,-0.5008981116958446,-2.02571268617211,-0.7104225795266181,0.0,0.0,0.07976361693753971
2004-10-15,-0.9704039909181644,-1.551307313499243,1.601255591920842,0.2524573895613604,-0.6952016277259725,-1.0184232726911748,-1.0326275236651665,0.0,0.0,1.758766729309698,0.2963584402636686,-0.8346950801700492,-0.8226546272702038,-1.9225158551818597,-0.10663709868258764,0.0,0.0,0.05627245604898311
2004-10-22,-1.1535415964944438,-1.4890969821695828,1.5388853132118905,0.23423317807604532,-0.513056565794116,-1.670574408567569,-1.3090840320352555,0.0,0.0,1.6861171719797081,0.26598552464321773,-1.0740568466019278,-1.0780503056646618,-2.0987418369602806,-1.182693025416078,0.0,0.0,-0.07255227789923671
2004-10-29,-1.2325585820383995,-1.2424720606388944,1.481920750606194,-0.24607340988118764,0.13324911595962546,-2.170759467947723,-1.3100367585925627,0.0,0.0,1.620627455283648,0.23447453999962095,-0.8575128078086632,-0.3515393152945518,-1.8688260854897103,-0.9951716082287044,0.0,0.0,-0.08374714728465543
2004-11-05,-1.9602556106570233,-1.5261600264634536,1.8072678397847581,0.8197792718168345,-1.3962565800457607,-2.612536688492511,-0.8528271675215664,0.0,0.0,1.7963614065381597,0.8940334745462876,-0.2350304857375875,0.06073366306349527,-2.0090934098841506,-0.9030229049730115,0.0,0.0,0.10583861197270995
2004-11-12,-2.035477432560266,-1.4603200657738828,1.7400343330282926,0.7874037859093863,-1.6409826044049796,-2.6139844337149403,-0.8307673202494361,0.0,0.0,1.7310787364794533,0.8713752235581341,-0.2714330787943779,-0.01822326075269929,-2.0940127724463244,-1.5649486573729627,0.0,0.0,0.1657291985576202
2004-11-19,-2.1182465155767365,-1.39931717945857,1.6806566801344882,0.755723035384142,-1.4899262323592974,-2.609995504667587,-1.0067807680458702,0.0,0.0,1.673568220407659,0.852181593901403,-0.2754515486258066,-0.007138391354481276,-2.2089640757203277,-1.88739285125452,0.0,0.0,0.5703951052455598
2004-11-26,-2.2099813871046385,-0.9317123493355117,1.6285431063385285,0.9628526949683501,-1.8435283481782911,-3.07166094998173,-1.0192010035214867,0.0,0.0,1.623318370392406,0.18414806900741462,-0.11623145514138897,-0.0745040308992649,-2.171820851903996,-1.6927807201534515,0.0,0.0,0.6836374546565851
2004-12-03,-2.1571002173231437,-0.9270844618805268,1.2430459144978663,-0.041470522144114876,-1.6486752044243294,-3.073835501463351,-0.6324604562604281,0.0,0.0,1.4219026664418706,-0.35502355415530346,-0.005118300746174432,0.2447843976173921,-1.7451730770175444,-0.8543062422488484,0.0,0.0,0.9430638561970678
2004-12-10,-2.05022251801325,-0.892804376927631,1.2097394575436367,-0.0664790377552167,-1.6818146622092003,-2.2009897231840734,-0.9642261449022984,0.0,0.0,1.3775611206302785,-0.3927614869834652,-0.4153480521973299,0.1088570880109867,-1.9625766277507608,-1.0841188686931398,0.0,0.0,-0.22078054882962445
2004-12-17,-1.954818985414837,-0.8596398102898646,1.1803294594879967,-0.09241276400831464,-2.0262199774117624,-2.207093087417902,-1.0288643114953409,0.0,0.0,1.3375838081177196,-0.4335207294465977,-0.2302826624793446,0.4536976188273457,-1.9301270591025645,0.02243339566518338,0.0,0.0,-0.17084905667920086
2004-12-24,-1.8688657848309491,-0.4774173049287076,1.1552326437585239,-2.066085366757361,-2.269936529923405,-2.394984842583941,-1.0897889200290718,0.0,0.0,1.3019690142430644,-2.384902787848513,-0.15882772269130566,0.10338697352108116,-1.7611500148596468,-0.84300849787144,0.0,0.0,-0.4993490810515318
2004-12-31,-1.2306024431607923,-0.10345976971292783,1.1185298556341532,-1.960229599343681,-1.1118066280915426,-2.354361166901154,-0.7533020283760972,0.0,0.0,1.2556914369151586,-2.221101169615293,-0.11069182454841492,0.2655975699076019,-1.8008515451982177,-0.8816576648840536,0.0,0.0,-0.8033180844793093
2005-01-07,-1.1840107951469203,-0.053964937649855285,1.3066681861122453,-1.3402491589289462,-0.9645564199048271,-1.3215461951408618,-0.1300922650283913,0.0,0.0,0.6834192535359794,-3.386845345674807,0.0669470464383071,0.5442689741967972,-1.8810403739267034,-1.3025742081556995,0.0,0.0,-0.787507761694044
2005-01-14,-1.1398076673116335,0.0040015689225885815,1.2694483910994092,-1.301061298225902,-1.485008565212994,-1.456788547561807,-0.5277945251994932,0.0,0.0,0.6533987854071897,-3.009893719058427,-0.17789397145888375,0.547663404940184,-2.0102637633160385,-1.3138834520829994,0.0,0.0,-0.7211024477644803
2005-01-21,-1.097729222547907,0.04694604449173376,1.2361780608351056,-1.2637774513038855,-0.44546788430447176,-1.3400617850481875,-0.6654372168722192,0.0,0.0,0.6236611252268985,-2.725729153584417,-0.45426981959289736,0.2545729854466486,-1.8874306372971386,-1.450425421533098,0.0,0.0,-0.5710705381490155
2005-01-28,-1.057547143624943,0.5886269089387179,1.2070933108562347,-2.2088442971188593,-1.005415607230427,-1.2205658731653668,-0.8436461802360468,0.0,0.0,0.5941100915702323,-2.9879538294954044,-0.45426981959289736,-0.1297578851908517,-1.9861401504336733,-1.4517349527989796,0.0,0.0,-0.7365702072434297
2005-02-04,-1.2303982260280133,0.48653451492046657,1.4167215526110295,-1.6035746281978407,-1.963218457724871,-0.8923986944730341,-0.8246363218479864,7.14142842854285,7.14142842854285,-0.2077846179155117,-3.762896239750961,-0.7215973990913322,-0.2693623390868176,-2.111795649075586,-1.6475444929037861,0.0,0.0,-1.1717181762474138
2005-02-11,-1.1827134834752902,0.5881274321154416,1.3820195816812388,-1.5303447128332195,-1.7552059243214093,-0.8212240423622468,-1.1945002339165463,5.0,5.0,-0.24064781734419077,-3.2937323346430363,-0.6887057323871539,-0.2460176030326273,-2.0792039263921733,-1.293170566305197,0.0,0.0,-0.867408917799787
2005-02-18,-1.137488284256338,0.7234595967438945,1.352989183771753,-1.462933124838201,-1.780348416568848,-1.1474365129189887,-0.6842482979534255,4.041451884327381,4.041451884327381,-0.2756514425407025,-2.9545899163891636,-0.0433851326527382,0.045488319864581725,-1.8548730240473101,-0.5954980807720845,0.0,0.0,-0.5550491458809447
2005-02-25,-1.0944448590831528,0.8301934439293986,1.3303507311952472,-0.5972457919861304,-1.5635004180942342,-1.3692726700934512,-0.8373103190414061,3.4641016151377544,3.4641016151377544,-0.31318281307890955,-2.4882102840796487,-0.06515144036798474,-0.03570026867218927,-1.9454917556106013,-2.0202031833747154,0.0,0.0,-0.6291395143821468
2005-03-04,-1.7185499687791415,0.03594588682082181,2.0790276384568607,0.8841021352858428,-1.3060137727550436,-1.3508549319949492,-0.8250287439650382,3.0560089960440497,3.0560089960440497,-0.6194157690904322,-2.556533794630285,0.09911949266202656,0.3173344337596232,-1.8125609941059273,-0.9801131696834361,0.0,0.0,0.45811709250402155
2005-03-11,-1.6353202395396969,0.06456487664767606,2.0080796319106193,0.8865648489378111,-0.874953945214,-1.6301604733127686,0.00697046942557486,2.761231090460236,2.761231090460236,-0.6657040059684127,-2.363007813319155,1.0472861935592797,0.7374523538707407,-1.576178649978544,-0.15547159044221504,0.0,0.0,0.3260781873522591
2005-03-18,-1.5594740848127064,0.0945542707873793,1.9494794021629809,0.8890367617845452,-0.6875919841823501,-1.3478005447877113,-0.29592041431867155,2.529326930222963,2.529326930222963,-0.7165388834849997,-2.2012263373766157,0.8124212878114109,0.544722406223126,-1.5891965365053928,-0.6447753953049205,0.0,0.0,0.16548740832366224
2005-03-25,-1.4898451660283423,-0.5588583047879829,1.9029279318017083,0.8595222464310457,-0.5207557213253989,-0.6975811601113319,0.3721045365734325,2.3401270339133116,2.3401270339133116,-0.7729110256544774,-2.0690255745234603,1.1780539555938394,0.7054765482953373,-1.6596681222049723,-0.76463312660679,0.0,0.0,-0.3450966813726829
2005-04-01,-1.5684689018309992,-0.7306077515702212,2.300227433620617,1.259495593564083,-0.17023364222027643,-0.5803349754486952,-0.36319315665281826,2.3263699597633702,2.3263699597633702,-0.6677242872799755,-1.2761728045727754,0.5224356488886924,0.23768664576821458,-1.614106012295078,-0.2767796794039951,0.0,0.0,0.5176404138997861
2005-04-08,-1.5015206508781762,-0.7011082842570161,2.1845476036946714,1.2384479882691573,-0.8755083653415265,-0.5428869036622529,0.02479676636001305,2.169839623844109,2.169839623844109,-0.7184390380324813,-1.2298022461401896,0.6777072997946839,0.4750494990063215,-1.5188441840305422,0.747651233149373,0.0,0.0,0.520999284712552
2005-04-15,-1.4397545145003368,-0.6720909153347274,2.0853119712574952,1.21799733495366,1.6331044480403862,-0.48778008936978184,-0.899801870526409,2.035591275578357,2.035591275578357,-0.7746563429026573,-1.1858986658676023,-0.3536715061409173,0.09532793543848038,-1.4702131567870773,0.7479714599026825,0.0,0.0,-0.09131416875969552
2005-04-22,-1.3824831945512313,-0.6434792481180502,1.9998218104055157,1.1981116876963054,0.461255925131565,-0.7919907675392158,-1.1929565177118653,1.918512170321869,1.918512170321869,-0.837685774760168,-1.1441963822057692,-0.3805253293201935,0.08159774843773492,-1.5916623514063033,0.7990135411491367,0.0,0.0,0.3093388027828464
2005-04-29,-1.329148771176336,-0.351528479444254,1.9262270542329147,0.7118359675444199,0.4519070136025253,-0.4632361196659674,-1.1540083643010952,1.8149930615435135,-0.4142996694624118,-0.9093234913609859,-0.3756262867260962,-0.5811935731409198,0.1449390339207631,-1.7079738224132255,1.0398720899276603,0.0,0.0,0.43080590479609726
2005-05-06,-2.5726727811729297,-2.2439196512621318,1.5832707831789903,0.2724342100782451,-0.14116122096021927,-0.37356241177407923,-0.6750982468173782,1.6777083182744668,-0.4675026162801767,-0.7506628744654315,-0.2425674210239462,-0.2280243735983881,0.32738662110948263,-1.6413851634272987,1.427716067830951,0.0,0.0,-0.34021889991110016
2005-05-13,-2.3940386385856613,-2.1001184887360047,1.5183334849610006,0.307092053665125,1.0878869051756062,0.17426637616127366,-0.8319734139411891,1.598121158265856,-0.46953815020036505,-0.7779305811013034,-0.22643450614680033,-0.9637831276270912,-0.47542755272499476,-1.6615109832537285,0.5187317822518823,0.0,0.0,-1.1161896739967803
2005-05-20,-2.2438957832602826,-1.9756368246141451,1.458639665813671,0.3442114776638689,-0.5828208367774678,0.3986634786291033,-0.7381636053612124,1.5253309421465149,-0.47157871436068965,-0.8065430539934009,-0.2102518451755639,-0.8910943501437156,-0.41880474305619364,-1.7371205637125737,0.7644296243704217,0.0,0.0,-1.081639008720938
2005-05-27,-2.115337725525952,-1.1432131800823782,1.403553253097841,-1.144650305173316,-1.094588838085199,0.3449367041309214,-0.7073322727127803,1.4582928436293878,-0.46526736469526725,-0.8366410121817931,0.038814707516793286,-1.1152635148964916,-0.6594293817382365,-1.6732838611750314,0.6135741045166392,0.0,0.0,-0.6555084796985292
2005-06-03,-2.518808037494146,-1.9115452026456776,1.3498144551848825,-1.1040647727249895,-1.0565674613483766,0.9485031234187243,-1.0737154400851217,1.2611823659946573,-0.6260670558390122,-0.7439443321562114,0.11900883709602883,-1.6284206491995543,-1.6131048957868463,-1.6708761493891457,-0.535718374238685,0.0,0.0,-0.3802029114793061
2005-06-10,-2.369814453345413,-1.839301131259217,1.2997211596554439,-1.0655620734324487,-1.1198140810319734,1.214612246093136,-0.15073069001632933,1.2115152732732746,-0.6242660814275974,-0.7501818751477215,0.1404262947578607,-1.256168608911098,-1.2816833762308217,-1.7412688265483305,-0.8399870174051993,0.0,0.0,-0.4534147090571856
2005-06-17,-2.2439244329365984,-1.7763216462769895,1.2528956514664262,-1.0289931272908364,-1.3305975571531024,0.8741603255949051,-0.2579820458641085,1.164509260206962,-0.6224693523180593,-0.7564791091708251,0.16249265008252653,-1.013798424368372,-1.4643709999084713,-1.6121688145347135,0.30046532998567177,0.0,0.0,0.5294768743442271
2005-06-24,-2.136371774616247,-1.534772730936065,1.2090351446498273,-1.8941503539477689,-0.9108343181923682,1.2738281452243794,-0.8243228906304185,1.1198541413344438,-0.7614576729656989,-0.7628372934203571,0.05745607125269755,-2.058527212582336,-1.530157035423104,-1.6275739621592615,-0.03947862086566561,0.0,0.0,0.08338970049611291
2005-07-01,-1.4764908570239,-0.5345896623719457,1.885880329581009,-0.423556724620423,-1.2842552528331483,1.7329895593963918,0.10682449313486013,1.0352034584504277,-0.8047076571121952,-1.4133650462811187,-0.3501867570457021,-1.1073478419779281,-1.1326552624346715,-1.6260368891240418,-0.5989732844693332,0.0,0.0,-1.1125898370401777
2005-07-08,-1.4245493428586302,-0.5077635485550713,1.8018992837479217,-0.40581236327731113,-1.2086964835230567,1.7148267599214957,0.9383974782417525,0.9962510639147817,-0.7969493452375594,-1.3657572870522572,-0.3215578091521365,-0.7468773500167548,-0.11478495486414494,-1.512139574156292,-0.2579519984210991,0.0,0.0,-0.3031553164486273
2005-07-15,-1.3769977838959473,-0.48095228699878745,1.726851532278229,-0.38815967236322096,-1.7218804149636597,1.4773222099024566,2.1111783403576685,0.9587620454944464,-0.7892720984135638,-1.3208688232156636,-0.29221285332563557,-0.2490840751066373,0.1714536601362369,-1.4778897048468949,0.6428693732797893,0.0,0.0,-0.8792519653004862
2005-07-22,-1.3335571350174407,-0.45408012730045744,1.6595033852482612,-0.3705818901310477,-1.5596672079240874,1.4411126981522588,1.613821060404463,0.9225779561709931,-0.7816739869469355,-1.278410407494321,-0.2619686728299498,0.12574791651359993,0.5227844808231963,-1.4431269170804497,1.481795815324768,0.0,0.0,-0.08894481926955027
2005-07-29,-1.2940723848278919,1.4393506457817773,1.5989366039613182,0.12163258393029029,-0.9711900341827359,1.3506606472340175,2.0279389692598087,0.8875563899403535,-0.7253982994403241,-1.238133513164597,-0.3749143065285881,0.5272874519389882,0.4317382609759525,-1.4933237727190838,0.9086113831886192,0.0,0.0,0.5312594367784473
2005-08-05,-1.1000420764158665,1.6434814862758207,1.9809820976845132,1.0390887902121746,-0.47095876905333306,0.8945476885224853,2.6674947650607472,0.8323404327956777,-0.7439121734617671,-1.1998231867338462,-0.3515390828867895,1.3577205606050913,1.3867044246557885,-1.3872437366241175,1.6142645755765392,0.0,0.0,1.188851653598527
2005-08-12,-1.0658019190487706,1.597779447705368,1.8897137029774873,1.0020355191702035,-0.2826717633887657,0.5172931381988712,1.6886741234063412,0.7998572989986102,-0.7373427071613448,-1.163292376431929,-0.3280162529424405,0.20572203796772026,0.742335189551408,-1.5420663246377249,1.2393379422962407,0.0,0.0,1.282633455853375
2005-08-19,-1.0339461684544513,1.5546057161645337,1.8088581493397928,0.9664038801524748,0.18058642962673588,1.0846598227485247,1.0809313440305628,0.7681155574637343,-0.7308302426064767,-1.12837738897043,-0.3042916573916671,-0.005525030527605592,0.783610341309962,-1.5141712546732087,1.1034511438739127,0.0,0.0,0.011739426557598305
2005-08-26,-1.0045635004173845,2.234275499925559,1.7368970806001822,0.9302190051285746,0.3904481193778983,0.853595957632128,0.708843249738659,0.7370169300175207,-0.5710563929842941,-1.0949342181951958,-0.3567893250862911,-0.07321650314044141,1.083000174158872,-1.5494654378706272,0.9775782325192933,0.0,0.0,-0.7675248493695976
2005-09-02,-1.1348099847217032,1.8935980191383393,3.0692206752188294,3.605792956966821,0.29730569453933514,0.3169019849543592,-1.3878164046482973,0.7610948586856644,-0.5084760241319095,-0.9741088274858872,-0.2648414288815938,-1.243007023184526,0.14364113000991463,-1.2102479400330926,2.872773935631762,0.0,0.0,-0.18768984248644438
2005-09-09,-1.095778200712011,1.7928261479417036,2.823339612059945,3.181686171406268,-0.7177298540738288,0.5514425403475244,-0.8646367986592721,0.7299521528540625,-0.5081754043179939,-0.9418156039816279,-0.24352917185004389,-0.453989101256098,0.3850325694065379,-1.2198076398633044,2.286497689609116,0.0,0.0,-0.778294699757145
2005-09-16,-1.0588690764074773,1.7024752649381643,2.62645355230122,2.8688485630575067,-1.1664378952956171,0.9991337771247596,0.04012114679579888,0.699327438999369,-0.5078748932508954,-0.9106207464352913,-0.22199884630447284,0.3805985159868937,1.505745736303832,-1.118512210838828,2.6815584224727784,0.0,0.0,-0.22733117175119533
2005-09-23,-1.0239774348150552,0.8454844378480244,2.4647428530355104,1.731973719407977,-0.027110086248230154,1.4200943806238087,0.14749685843309068,0.6691266462374529,-0.45894482474127046,-0.8804275012205149,0.2908979952022587,0.28470533426323275,0.8625104635808764,-1.212446807004291,2.273910113065871,0.0,0.0,1.265573176749932
2005-09-30,0.968870512108561,2.811634358389057,2.2977550501916117,1.6531374120671074,-0.689318093081659,1.4987483240781476,0.5598121795745633,0.6392558702623977,-0.4598213902321426,-0.8468024184196468,0.3155204878482246,0.9061607315636658,0.9903998025949131,-1.3366998842022586,1.3825897329692787,0.0,0.0,1.1649357422363655
2005-10-07,0.9797869295990647,2.573408955155716,3.063145242925734,3.2059105345113474,1.050477911276042,1.340593612113781,1.696580067120122,0.706863547190496,-0.35912141596909164,-1.4722034485383502,-0.24879610364401578,0.9435612886063939,0.7104176215475528,-1.277715396034294,1.4906748771238836,0.0,0.0,1.8074582460336366
2005-10-14,0.9908935140088636,2.3798122843677323,2.7827193146468296,2.8768416055864554,1.238353769726203,1.3690708112175285,2.298753201309836,0.6765224363860118,-0.3622651348331615,-1.416989066748235,-0.22119852120493974,1.770534471693715,1.0102030654137408,-1.1522487628018314,1.8262377965654195,0.0,0.0,1.2092625852684873
2005-10-21,1.0021968965101709,2.2180244954064214,2.5604647342648863,2.622637050477762,2.012637109989078,1.6378589644753994,1.402588750763583,0.6465317384823225,-0.3654194648807364,-1.3660019031080688,-0.1927920746012093,1.1079924821910851,0.38255268869039666,-1.217793820007221,1.8033826448557466,0.0,0.0,0.7802792288892487
2005-10-28,1.0137040357449223,1.936210752198083,2.3783395754000867,1.998402723521504,0.8647123423546161,1.3323064723270956,2.3232871884874386,0.6167956701360676,-0.34408732275632187,-1.318849539903248,-0.16340988359509265,2.282391123429206,0.6661330707773943,-1.166436031717033,1.5775473906352007,0.0,0.0,1.026056021226203
2005-11-04,1.1819533870888714,1.9747394972641252,1.737598580492216,1.0511767506798912,0.15477184559137316,1.8029647912165832,2.528476918941805,0.5446359657666898,-0.38865296206299776,-1.7009152823259486,-0.5348746658408366,2.579208969457148,1.658497437345059,-1.1127120707045166,2.2252211779141056,0.0,0.0,0.5135498723367012
2005-11-11,1.1650078138613684,1.8704800397190602,1.6541713869512744,1.0217739669897308,-0.8465128592893714,1.9256200926941875,2.4068584753565974,0.5148639803785587,-0.39149074379789345,-1.6594411170610304,-0.5054182722566295,1.7863720105126248,1.2592960013314927,-1.29558805099521,1.6505741802819498,0.0,0.0,1.5085989122361334
2005-11-18,1.148456306769154,1.7775988962534834,1.5782510143359934,0.9934074991807351,-1.1414892154426441,1.808970577963441,2.368005555085821,0.48480933609743965,-0.3943375066605685,-1.6266614938498438,-0.47574452072479595,1.4184785036297898,1.0497638719511755,-1.285797240066773,1.7699043684899538,0.0,0.0,2.134098599649029
2005-11-25,1.1322812426384956,1.8195773484352131,1.508658192886813,-0.6246647630595862,-1.2551668605887993,1.7597067950260512,1.955330899230638,0.454301264462639,-0.458627010350726,-1.6035466502095457,-0.5383674060218643,0.9679633366133531,1.4124182110130319,-1.2490847856866076,0.78864941923267,0.0,0.0,1.624773562916732
2005-12-02,0.8998005207224608,1.5661726566688858,1.3133624518030338,-0.8554564901026238,-1.1325490492856358,1.6665954354749233,2.5063414621605946,0.42312980340569056,-0.46010854997080974,-2.275496088166856,-1.2685392984280237,1.443791463114502,1.2835230091616479,-1.2565369699986835,0.8279987039480585,0.0,0.0,2.759889848026208
2005-12-09,0.8924682110081295,1.4960638912507842,1.26417285709176,-0.8386554494963915,-0.6825980025972543,1.3922066082031086,2.4340388160918804,0.39102609397508326,-0.461592688012637,-2.2053362055138805,-1.23872886952714,1.4904518999580643,0.8460512660459015,-1.1694435924523072,0.7312577012465282,0.0,0.0,2.950194231775537
2005-12-16,0.8852114141540813,1.4313173385989078,1.217983205057909,-0.8222020653015296,-1.2901671030219017,0.8792826235064464,1.8866649089868113,0.3576292851834434,-0.46307943872266166,-2.152053310915966,-1.2137791123005173,0.9428045510205741,0.5163448315930214,-1.2346985288643169,0.9168521896870863,0.0,0.0,1.71476948178126
2005-12-23,0.8780284765594264,-0.05437131237691855,1.1744999711489847,-0.8293068516171812,-1.5137426299002936,1.1989541058421331,1.569881929636826,0.3224266983798187,-0.4645688164375117,-2.11616087284504,-1.168056068036935,0.5282700998566834,-0.13814909880841522,-1.4360372146795144,0.8842554153920917,0.0,0.0,1.3913753694992876
2005-12-30,0.8860576787220598,-0.05502113722197762,1.1334850828589107,-2.1249436111555577,-0.388063758206145,1.2709699848509215,1.4440054252374241,0.28463472561130293,-0.5685059412332776,-2.099802404026226,-0.31031801654463337,0.5671648588601256,-0.13420642500011168,-1.5117632631498645,0.5913129602682645,0.0,0.0,1.1302830111590634
2006-01-06,0.19268945884958907,-0.5819742430716847,1.3504976770592143,-1.633773924886811,-1.010921030318704,0.4871493141799644,1.3324883001782548,0.2582795507064135,-0.5592680012695534,-2.0168561546885213,-0.3000504144583468,0.4996594994687069,-0.6797671262160366,-1.351978812718543,0.5633900286705636,0.0,0.0,1.7725603742910125
2006-01-13,0.21356360067220148,-0.5705017702453853,1.3016532102021758,-1.583662767965337,-0.8500241523775965,0.47180826094222283,0.8353751880242614,0.21282528942151072,-0.5584269504684758,-1.9461028173591046,-0.28982127057750445,0.3727767141702652,-0.3751063116936373,-1.321060864047001,0.8025551256159922,0.0,0.0,1.934770445570851
2006-01-20,0.23508841629340907,-0.5591582018864056,1.2561227698754711,-1.5365588145341227,1.1694997269606318,0.46349703034498135,0.6346289098577372,0.15740121549322394,-0.5575867882233512,-1.8865005337027378,-0.27962736481658035,0.4079879865037474,-1.0740572571087856,-1.3684413861477422,0.5671511391275283,0.0,0.0,1.382877500060359
2006-01-27,0.2573289216215319,-0.6709436391154326,1.213639005140222,-0.7559060390952151,-0.3864779099039414,0.560995955000633,1.058711446431331,0.08614706073979661,-0.5158553957825794,-1.837608056868591,0.23712649410886746,1.2071408125059417,-0.7806591807618523,-1.29942869098031,0.537541558550485,0.0,0.0,2.3683260909323516
2006-02-03,0.22902880345832458,-0.6840101356548621,0.6546048491363845,-1.5165366359975718,0.19477631083430397,0.7283566254128063,0.9065544674143253,-1.036745790514429,-0.5785929741855604,-1.9363161371229145,-0.0062513703507286866,1.2687632003846794,-0.26582005806238435,-1.4809012571789093,0.6535933028917257,0.0,0.0,2.1564693931155228
2006-02-10,0.248175785953663,-0.6642251808187601,0.6247522589969509,-1.4818429280079495,0.12356938520113907,0.9236129387153933,1.3832549539878263,-1.001667790724518,-0.5490864789732126,-1.8343846678488769,-0.04082153104113802,1.4842971424977967,0.12404734178210268,-1.614219261335449,0.323405119126263,0.0,0.0,1.114655685292178
2006-02-17,0.26786155472647394,-0.6447913670013952,0.5950735214265435,-1.4486716310739538,-0.41674116438256714,0.9216633143981904,0.9916206322982511,-0.9679193602268821,-0.5194868250357213,-1.7432713735578313,-0.07778565277335675,1.1628743379493949,0.19889446337232858,-1.64214843974762,0.1457470502306288,0.0,0.0,1.0528954690771912
2006-02-24,0.28813373088352473,-0.4654222305663921,0.5654621330166278,-1.2047612648048918,-0.755944255391284,0.8826590908863635,0.8977234505814196,-0.9353781306896058,-0.489664476021844,-1.6610618992824373,0.8150555753522729,1.327452891632291,-0.008584901903570693,-1.7313833218915984,-0.15373027831274425,0.0,0.0,0.6129450811429478
2006-03-03,0.6771331384300785,-0.2017659289420117,0.6281464468259007,-1.0483589349783868,-0.4474389183981648,0.5023485157444233,1.151335976714255,-0.9052467862770844,-0.4594498951127526,-1.5830335498815387,0.789683738436016,1.7726239981271057,0.31781874097055773,-1.3748702540767646,0.32423264582479744,0.0,0.0,0.3947727157138975
2006-03-10,0.673158038168465,-0.2004623395247227,0.5988002869541775,-1.0138834816154798,-0.5028699138130955,0.9521002828933398,1.9807792732453973,-0.8760660224774182,-0.4286830447372017,-1.5115618647021476,0.7664537835403732,2.101839022728426,1.0147048923879973,-0.9528874972479751,1.410982372804357,0.0,0.0,0.40325267166331674
2006-03-17,0.6692036712346866,-0.19915962870566967,0.5695757345292778,-0.9807259467194442,-0.3243611415325602,0.11167607234822097,1.507663548212488,-0.8477559623373708,-0.3971535918122023,-1.4456514830580995,0.7459736197350543,1.6463680488887402,0.9709750962532819,-0.8894201246094827,2.015334746601223,0.0,0.0,1.0041223399920287
2006-03-24,0.6652697684069941,-0.20454512845474201,0.5403708117556102,-0.948768264217266,-0.8663456004808697,0.5924665523682173,1.6543611635405404,-0.8202440791629105,-0.3646110551941037,-1.384502457427099,0.729324957489477,1.575226716627851,0.9018412740176937,-1.2140767097082914,1.5380666624738832,0.0,0.0,0.99268118021668
2006-03-31,-0.05825328711289212,-0.17980071746978332,0.5126825584084865,-1.2735395584040985,-0.7142205006909806,0.40477691147140427,2.298298342993944,-0.7938545225239938,-0.3459728418607152,-1.3282869816026706,0.6989262981388285,2.34125547017514,1.6537536469845913,-0.7824286514402162,1.886907492366699,0.0,0.0,1.183039195452179
2006-04-07,-0.049867143193765284,-0.18794291013208567,0.9973278392007404,-0.6488874842389077,-0.17504724896118581,0.32360392245549313,2.4925822443133003,0.9182145092958535,-0.04657966991398707,-1.6951544822428222,-0.06029829142289673,2.6257852217553763,2.0681876422212753,-0.5673798570363303,2.0915529687774383,0.0,0.0,1.6030976463468145
2006-04-14,-0.041460460135606364,-0.19614572069525224,0.960737696592751,-0.6256291468076671,-0.042415878582128086,0.2836670473274885,2.5265706626243625,0.9893638067137528,0.06447528076354705,-1.6174074031308916,-0.08457902373072179,2.6975833675315455,2.185591210231067,-0.4905119829781042,2.183788154262191,0.0,0.0,2.4618599199450397
2006-04-21,-0.033031290802058924,-0.20441146808995578,0.9255063637932425,-0.6027303957891945,-0.5562189045839854,-0.6423149811529962,2.002490343617873,1.0710380088156453,0.5609894173075131,-1.5464044938940684,-0.10972564017796697,2.346048324159704,1.432557000562059,-0.34795260137779693,2.1173173983870455,0.0,0.0,2.3233526978943218
2006-04-28,-0.024577655493856973,-0.17727372830825325,0.891511937704279,0.11530868230616122,-0.5270646707468828,-1.8544581352960945,1.9096037244962656,1.166538612698516,1.310722937634375,-1.4811468274860617,0.20839610380162366,2.3801228424347483,1.5128317616962978,0.2238279371561866,2.9206054200443905,0.0,0.0,2.3425399991496394
2006-05-05,0.3931999465241998,0.09352593995916836,1.239476140113258,0.5351077887527421,-0.47688141181817983,-2.4929251566973067,2.0561657245327956,2.7917214031312763,2.151887980109239,-1.895636231377192,-0.6910501884083843,2.366482706138505,1.458980439357861,0.15389970288737226,2.8183391251892456,0.0,0.0,3.2331384980267246
2006-05-12,0.3684451694720156,0.06362499427534897,1.2024549186762843,0.5266900924627288,1.6166268750398036,-2.9903804868915866,2.029742630518768,2.6748925891144077,2.0513584071126187,-1.807196834049137,-0.662098203340966,2.4129064180310507,1.7748353711482039,0.20557012167600575,2.68606329650989,0.0,0.0,3.6098150608477972
2006-05-19,0.3434919643020724,0.03230696872540567,1.1687121581480384,0.5183428049506665,3.5009858839766816,-2.3557625591067732,1.7737497315045567,2.569969378046375,1.961085769874625,-1.7280128363020422,-0.6335224293133292,1.8540785505729358,1.1261586384307916,-0.3755439209548288,2.2234877073167185,0.0,0.0,1.854459472839538
2006-05-26,0.31827071011146674,-0.27604942766569673,1.138375643750057,0.38880107062876795,1.357455590238482,-2.0867062103516374,1.7366636505174082,2.475005959948083,1.8820412078292856,-1.6566868702502533,-0.6039541476981615,1.7941419459107197,0.7933080981184014,-0.2703022681065411,1.730292531421673,0.0,0.0,1.9703100487927576
2006-06-02,-0.4990123430278529,-0.8583778774225246,1.1946584747024682,0.4558979505646142,1.3459399687106222,-2.533242701924083,1.3973834139488728,0.6588224847345509,0.8728559514755992,-1.2073290949728508,0.24940783879408057,1.547092923944476,0.2857257467663756,-0.38660133709081995,1.017996556326661,0.0,0.0,1.6933847062570542
2006-06-09,-0.5501779001100158,-0.8997962182633132,1.1716187472090824,0.43806752552955003,3.4157997271132676,-1.613482010127634,1.6595241665249725,0.6373274338395872,0.8438182261098561,-1.169155636912362,0.2979919340093167,1.4284228986661596,0.4705591466885262,-1.1934368306924117,0.29573857438205947,0.0,0.0,0.35926387485368755
2006-06-16,-0.6073898682658603,-0.9444688510295312,1.154345994432467,0.4203600379633804,2.631942955590031,-1.4706741096251654,1.9347071515483512,0.6161892033594222,0.8155959936694803,-1.133807690118315,0.35254094297500915,1.8076335773876915,1.0620805029850005,-1.1613684255419083,0.7413058227124449,0.0,0.0,-0.36783888693143096
2006-06-23,-0.6723081629402983,-0.398553779743565,1.1444829996263939,0.39770327655193133,1.7663216296380349,-1.0046771601438056,2.2215343915760757,0.5953787968343894,0.7836245024286916,-1.1012977173617091,0.40031862447199035,2.0285208427480748,0.691289158376813,-1.2026646959663285,0.10415562097183804,0.0,0.0,-0.8013040296709011
2006-06-30,-1.6905285385962345,-1.0956596570013193,1.118320468445503,-0.20504898622443898,0.20790037452063614,-1.6863822001616207,1.7364458806158538,0.5679524241856315,-0.20335297861946547,-1.0615551829041006,1.3371219296260974,1.7102357649952011,-0.2029391276462062,-0.9254976224019136,0.001251154918948352,0.0,0.0,-0.7284993780611508
2006-07-07,-1.6737222723806824,-1.1047629527215943,1.33362368876043,-0.011558027019868213,0.671764211097627,-1.7082700423111785,1.692038539046444,0.16484703269291393,-0.4640742081059338,-0.06561366523434102,3.0704807616415057,1.611645911588648,-0.6706542729951481,-1.059044576374963,-0.23853150969132192,0.0,0.0,-0.7716004810254193
2006-07-14,-1.6572763842656697,-1.1139950845371336,1.31625071315441,-0.018185036788547625,2.6785638820764768,-1.1551205116931758,1.4313103568579466,0.1413156361467151,-0.5151187348513582,-0.037042913874128114,2.7943580744362877,1.3457075169580024,-0.8428559731743176,-0.8613593882948835,-0.27125393422858624,0.0,0.0,-1.0148690776420624
2006-07-21,-1.6411772385004806,-1.1233595907976142,1.3079580089831173,-0.02482955611617421,2.194955769413964,-1.1811684704431107,1.335628499489492,0.11725893631037121,-0.5722716811744195,-0.007221769761315434,2.574188943118425,1.236203598246855,-1.2294820335500347,-1.0057858214096753,-1.0383986861069967,0.0,0.0,-2.016404438028218
2006-07-28,-1.62541191355681,-1.4377348686852542,1.312041544318388,-0.4489261233265162,0.6265230875832112,-1.3439568144983345,0.9914618005395817,0.09259505879126262,-1.566978082110628,0.024073950237202116,3.0767391437069094,1.0440305809131565,-1.6836908640096542,-0.5293171442681471,-0.5789981174057092,0.0,0.0,-1.9659798627804053
2006-08-04,-1.0424917465931793,-1.0019405041311145,1.7475008503907528,-0.12727639776643784,0.6118555303081765,-1.6517782078736316,0.5507645735640729,-0.9128431931457024,-2.158974007116963,0.15419343562390084,2.8839114829363663,0.7418555582987101,-2.28235475286165,-0.6838760448464686,-0.7295793019688867,0.0,0.0,-1.9771131393889583
2006-08-11,-1.04737838504084,-0.9714147634672945,1.7400993549932355,-0.12070289806450185,0.5750599819348496,-1.219460715898896,0.637207901403039,-0.9455505849616206,-2.155197647268944,0.1903076910259217,2.6304083801173768,0.8890162730375017,-1.325965538379805,-0.5616995956412668,-0.041684521500934386,0.0,0.0,-1.3580086490846481
2006-08-18,-1.0523017095437963,-0.9419423701229375,1.7516936996990258,-0.11413023546535155,-0.7350469297028742,-1.3485194398436022,0.34369514256602957,-0.9801756364146569,-2.1514375358266524,0.22917403982677123,2.4261832588213363,0.46271532817114386,-1.8649393431075616,-0.9076942656045021,-0.42788288302256233,0.0,0.0,-1.722837331820237
2006-08-25,-1.0572622619351746,-0.33315724430795257,1.790818590187708,-0.1919013118887155,-0.387781272525515,-1.1915838854763074,0.2386054058692651,-1.0169468633927046,-0.9922996713183436,0.27139016756901657,1.7882908223025324,0.2777770278511242,-1.7317736622548867,-1.2393087014336523,-0.6022334491094204,0.0,0.0,-1.2265347843632497
2006-09-01,-0.666831286887402,-0.04491981417873988,0.47155449220690615,-0.8759255537953706,-0.5452212683891983,-1.345741642224612,0.24102427358783646,-0.5910629441329175,-0.7361009868044828,0.09697748380099912,1.5119672887350684,0.045644650011422865,-1.8350638754201793,-0.929248488788973,0.43614821650818814,0.0,0.0,-0.4817656802719403
2006-09-08,-0.6931418044415418,-0.032849560951518725,0.4448683479686453,-0.8442311447937693,0.03924499580525011,-0.9238149279011951,0.6333565310740111,-0.5997597611440788,-0.7234930106770381,0.14645183960335767,1.4498931079844417,0.17820433932645763,-2.124055646332744,-0.7053347852987858,0.5668816441886136,0.0,0.0,-0.17981344159768056
2006-09-15,-0.7207110624945172,-0.020700244873845225,0.4180292309050031,-0.8136360629221093,-0.6655022408452289,-0.884881518198161,0.7389374814543973,-0.6085705082332653,-0.7110737499160625,0.20277905807959168,1.3921752299913115,0.21718631508251887,-2.26754594676945,-1.200985261638648,0.26760555941681163,0.0,0.0,-0.9501866349878951
2006-09-22,-0.7496707207750215,0.641407532959447,0.39094945832995653,-0.7813724193367196,-0.24697502720416867,-1.1566224083903802,0.198617306108707,-0.6174987802050453,-0.6908898589048125,0.26871302365460364,1.3536743981193204,-0.5340110169102176,-2.49826699408259,-1.1710720202742972,0.042930977539270415,0.0,0.0,-1.0963679816046223
2006-09-29,-0.7187464945207217,0.6788563296464218,0.36353138876472724,-0.9591392690635311,-0.55244052041246,-0.8219744258144949,0.16081013906066083,-0.6265483247732263,-0.4386958814438469,0.34888438452868875,0.29421749556932586,-0.41704737067278164,-2.166273179071415,-1.128911121955679,0.17413352858352824,0.0,0.0,-1.2979685096574212
2006-10-06,-1.6075482125215281,0.1042798572262761,-1.3517077978959224,-1.9173407166857592,-0.7333895880513928,-0.6149023096225146,0.6348881296974147,1.7768975420032391,0.8973233695905761,0.3963314947646196,0.28305056829625613,-0.22274336308808712,-1.6475537902404305,-0.7659180539143935,0.23253783311592563,0.0,0.0,-1.7259287840588822
2006-10-13,-1.5410838848380548,0.1431988550186387,-1.2967891854287716,-1.9032785243123476,-1.094799082410669,-0.33104724260135554,1.110375370323472,1.7094415074381952,0.9035433678738352,0.4491422499106153,0.27191712530910256,0.17539416337134606,-1.175727863176147,-0.9644327015768047,0.222507112371131,0.0,0.0,-0.8963421719511064
2006-10-20,-1.480113173595001,0.1855246557367418,-1.2451768309217335,-1.9092873554807055,-1.1161770155923436,-0.6382673383543817,1.1813679716791776,1.6471348457620334,0.9098236497824739,0.508816962507159,0.2608130237903824,0.06982049904768681,-1.047166814145567,-1.1598700090890894,-0.30185832634888293,0.0,0.0,-1.1098200349788463
2006-10-27,-1.4239597768044105,-0.23396242737667494,-1.1964646997005484,-2.252174464461731,-0.9921833731868022,-0.8857710104805114,0.5140047343854568,1.5893005815712922,1.483043199691585,0.5775220740646299,0.1547444046478549,-0.37347604369171067,-1.0740764051406086,-1.128232715043074,-0.15616461872280207,0.0,0.0,-1.3874802298070659
2006-11-03,-1.8472983943076433,-0.5822435791728308,0.07830143121570174,-1.357181960126886,-0.7874811367299825,-0.7942092240005342,0.6469503299054992,0.2615933876464998,0.7026866400438956,-0.30764204698906217,-0.34115912518000646,-0.2198506591459738,-1.094168282683497,-1.3417859307404187,-0.3660616770579497,0.0,0.0,-0.9361396014670438
2006-11-10,-1.7775890209375471,-0.5553658288871636,0.06913630504860267,-1.3260572586818664,-0.958296852920261,-1.024057455155545,-0.19362447188626533,0.25482551833038924,0.7100306934130476,-0.27617324017410705,-0.35248464953276176,-0.7407924154578025,-1.0528861218640597,-1.754828673963808,-0.3598314739058586,0.0,0.0,-0.8706639927991663
2006-11-17,-1.7162399006268583,-0.5293336623807117,0.05994794416137533,-1.3005539810883922,-1.301353148282765,-0.8633726182288418,0.22589317948338178,0.24807629195919667,0.7174576475754066,-0.2433702565897828,-0.363981206163963,-0.6746622459101476,-0.8021172447602136,-1.786137197221297,-0.12862843150232053,0.0,0.0,-1.0556695025804288
2006-11-24,-1.6625870778077414,-0.9227343406764094,0.05073379951169197,-0.31405681193410284,-0.964807853599089,-1.5112719674755544,-0.13577307870925073,0.2413447702004235,0.4741636877121199,-0.20886397744430107,-0.18358090421907086,-0.9345687601417098,-0.7705000100398147,-2.0281300805366764,-0.5878269921579024,0.0,0.0,-1.0602619844696655
2006-12-01,-2.2320120573216062,-1.6235421362123517,0.5641032515191131,0.07933091775762297,-0.5170666324209671,-1.9568223276824812,-1.090494405805213,0.5701868144612343,0.6755253546205731,-0.4017133457915467,-0.3214727516853045,-1.4018413188953451,-1.2551469770039076,-0.9334089404264171,-0.0745044945705095,0.0,0.0,-0.6056013827589736
2006-12-08,-2.12210411215879,-1.692331996549024,0.5393067539299103,0.08389609610450592,-0.31927143906277533,-1.543393214425359,-0.4720970587234554,0.555388784991474,0.6691594937607134,-0.38579425773645454,-0.3631322374720979,-0.8822366747979193,-0.8766141710408579,-1.241737311255475,0.0589132927744519,0.0,0.0,-0.1011056723276134
2006-12-15,-2.02717866719171,-1.8331134907096256,0.5146956945810851,0.08847128466931042,-1.3003680823931332,-1.185095705007479,-0.038570145159552684,0.5407737258658113,0.6628446201838104,-0.3699585655623428,-0.4086901459640539,-0.741788832490108,-0.11397835512749249,-1.3068620596381122,-0.031081859322706334,0.0,0.0,-0.6538732380455464
2006-12-22,-1.9448469353856,-1.7413945020221915,0.4902219455868271,0.09305680525339624,-0.6756002488564091,-1.1977985134648974,0.2788434288479291,0.5263315045329725,0.656579683289193,-0.35419430105965755,-0.4590638463165392,-0.6539217316385628,-0.14229410743044008,-0.6930175186969975,0.33437634282945156,0.0,0.0,-0.8982499862286087
2006-12-29,-1.873450294572232,-0.47698380773698507,0.46583683854313507,1.290419564622672,-0.570619986491631,-1.2589599873070692,0.5987533934675046,0.5120524195522607,-0.6739637194783943,-0.33848960743494033,-0.48101082165814035,-0.35542953521193843,-0.07777495312878835,-1.0155138474267489,-0.14873065559570228,0.0,0.0,-0.4978530170624789
2007-01-05,-1.1633766708833706,0.4238166795990208,-0.4134038182151056,0.6404201701095708,-0.297113603055422,-0.822431727975378,0.39216520616797074,0.22385116501197427,-0.8311296676553411,0.08886296184059725,-0.27280055544674575,-0.6519728471023464,-0.6059993015655716,-0.9794527440322769,-0.013680102480767597,0.0,0.0,-1.162849795309551
2007-01-12,-1.1191771879470995,0.4091733727503586,-0.40979509990957,0.6142767359962072,-1.2616681484292946,-0.6161469395984114,1.0319498212304263,0.2183231630983606,-0.8175815977971195,0.09717953225879254,-0.29827646024414606,-0.1650576401373636,-0.16851894761823846,-0.9447203225572882,0.12694827259416128,0.0,0.0,-0.9679378178092722
2007-01-19,-1.0770543880567263,0.39462961991872486,-0.40619844931243837,0.5884567053128262,-1.0953439550080661,-0.66278617290337,0.8885595851169821,0.21280626510863002,-0.8042662958020149,0.10554465585123807,-0.32488309877103794,-0.1617759791449217,0.18939837651865826,-1.348412480756874,-0.21027754579800034,0.0,0.0,-0.955800177862368
2007-01-26,-1.0367834814394616,1.0199114018846516,-0.40261369488207144,-0.3448614659404563,-0.7270716942603737,-0.4449348806686217,0.9289055557463574,0.20729995946543886,-0.029763420830632336,0.11396057645967565,0.267587006444676,0.2858969994444357,0.36071266711827576,-0.8653388134835334,0.24862847582552283,0.0,0.0,-0.9049209762801086
2007-02-02,-2.0540622476379076,-0.5562326899416608,1.0985902388577908,0.7244076370454439,-1.1951387442477839,-0.5624267490106645,0.4894292209388302,0.34963266011743693,0.05594109179667807,0.7328776153955155,0.6087410020989362,0.017075401222421897,0.5958475156726323,-0.8466483954252579,0.5476520163069546,0.0,0.0,-0.9794566729521155
2007-02-09,-1.942898491701684,-0.562855008065766,1.0634862556737497,0.695503149228219,-0.6854086116293008,-0.5763650718373738,0.5321345412421802,0.32221512712297473,0.0405567782599555,0.7171591539726825,0.5807195197106484,-0.2018458319269696,0.4012907251158962,-1.0575691867347634,0.43810233173239915,0.0,0.0,-0.6232386897391505
2007-02-16,-1.8445839716202537,-0.5695402972687486,1.030635070781129,0.667078648098811,-1.1687325087180234,-0.9377887738804943,-0.04136072311277097,0.2942416550464763,0.025005217179774903,0.7017142768111253,0.5528582770414943,-0.7275296959039924,0.2738509820982133,-1.159178347603898,0.5748258560555248,0.0,0.0,-0.581441350551309
2007-02-23,-1.756751672663958,0.3338688089127849,1.0000718444758705,0.2538107620557522,-0.8912543293203693,-0.9304466422702985,-0.6069615622551354,0.26557374118352967,-0.1932800245587879,0.6865296549438329,0.6598987823719181,-0.7961805690724297,0.6052361433439741,-1.1697785338535007,-0.23016358677400006,0.0,0.0,-0.5304993735860262
2007-03-02,-0.4083407275284202,2.187850894811464,2.341840492038687,1.1994608286497985,2.6254246195696163,-1.0825189121630145,-1.9696623628626062,-0.9773802260147767,-0.8793657991544177,-0.7463138529605832,-0.2232010587434425,-1.5717751684494607,-0.290251687023899,-0.06645646526347028,0.8802188957472586,0.0,0.0,-0.9023739127157008
2007-03-09,-0.3775837484243938,2.0591412777880915,2.219788173187292,1.153807702089454,0.6287054981832351,-0.7957042198334304,-1.090671880590524,-1.0047943874711718,-0.8770647522741041,-0.7266882875295756,-0.2232010587434425,-1.1875889184349488,-0.17835292665987787,-0.38240416611059014,0.6790036040139108,0.0,0.0,-0.5255402505150545
2007-03-16,-0.3458901824602852,1.946416506226187,2.115310092985851,1.1104012220470056,1.7157908391082113,-1.3746703244181457,-1.8919818336774379,-1.0335019635077736,-0.8747714365455432,-0.7074562285919261,-0.2232010587434425,-1.3563395621859258,-0.3772760919129789,0.07774815830230726,0.5835769625805202,0.0,0.0,-0.10672397853658615
2007-03-23,-0.3129601450844041,1.846431521276228,2.0253509296315966,1.0689933957336284,0.07587828152506992,-1.354258778823904,-1.6187943032961827,-1.0636249225101562,-0.8724857971165655,-0.6885936072989799,-0.22320105874344254,-1.0038551691110837,-0.3880219170963472,0.621905296054966,1.2468704116167462,0.0,0.0,-0.16122510836001785
2007-03-30,-0.287787346577808,1.0389033669688157,1.947800029604453,1.606371075977524,0.7660255061557106,-1.6049973211783888,-1.3907003799726636,-1.0953020291313962,-0.7062838629829837,-0.6700778843195603,-0.4698727910090397,-0.832016193544128,-0.0746999354294038,1.167359749758923,1.6152478520059903,0.0,0.0,0.5651590774179345
2007-04-06,-1.0130775080817969,0.1966883480348465,2.813821708965238,2.232205015054199,0.16009329874455336,-1.8218938185880582,-0.8375931849076305,0.8690501031213741,0.32224596847808096,-0.6760133806304242,-0.4794521544808504,-0.27949069597458187,-0.07103127719075963,0.5223220878656003,1.0853427045399453,0.0,0.0,0.5870512363240059
2007-04-13,-0.9757608840399274,0.19529881575824817,2.5767051664683533,2.0893685989850637,-0.2753756734934882,-2.320123042616356,-0.4656396122541562,0.8537918131698589,0.3200939426635659,-0.6820016736049919,-0.48916280012177116,-0.2553756166050191,-0.06258092174606747,0.43709993808545144,1.3152757342049386,0.0,0.0,0.9069764572246561
2007-04-20,-0.9398527711914793,0.19391024661159473,2.383900786743397,1.9656164966405012,-0.33500146690942717,-2.6278871474046497,-0.7906526887128874,0.8388294066109597,0.3179455494214117,-0.6880438485615409,-0.4990095391969569,-0.622495712068515,-0.6696778785357848,0.9307020098369719,1.2958038892637544,0.0,0.0,0.756006144130739
2007-04-27,-0.9052206777479038,1.4673280458824014,2.2227235165836707,1.0137996566469207,-0.18103220257120223,-2.5083313636498823,-0.9336008206116851,0.824149758108979,0.2315779862791739,-0.6941410210421054,-0.8743410679089275,-0.4459374607881087,-0.34701698917293305,1.0400771729597784,1.3492111486851817,0.0,0.0,0.8576174134619039
2007-05-04,0.3947013299204298,2.56479646886406,2.763214644152232,1.5924206667268526,0.004353627491125638,-2.1829945471776844,-0.9816961562756312,2.395594003668521,1.1429230171455298,-0.12394154862653559,-0.5178938650419592,-0.7180136112627812,-0.39070677881811106,0.22660786872895972,1.0043504070497489,0.0,0.0,0.8847138745430391
2007-05-11,0.44962171599267714,2.3940334117014594,2.5310654268956667,1.5487768088388587,0.03172017601259552,-1.8121766852796286,-0.4414294620624115,2.3575186858563435,1.1929653405283323,-0.17426257801893608,-0.5447054268629811,-0.5866206951542222,0.14443085081214938,0.16380151926607786,1.1156385772510071,0.0,0.0,0.5364616700194622
2007-05-18,0.5121196155417405,2.2486811659952926,2.3416928005326274,1.5074638092935486,-0.013730343316623322,-1.6689378973817284,0.9357056086866127,2.3209352277668707,1.2474105371320903,-0.23165035545255214,-0.572842666244926,0.19261375899727573,0.8493390232369358,0.6775980990980276,1.495523186034488,0.0,0.0,-0.3160746148045188
2007-05-25,0.5847421462822042,0.8350584083149888,2.182943713812075,0.7250162914611523,0.2522214419096978,-1.5053870604489012,1.1767463009312817,2.285745267150347,2.0193472932290226,-0.29892579722717944,0.33757227548357954,0.4981816365991197,1.801258117248106,1.0746290937382927,0.7375255900454407,0.0,0.0,0.6292825743884143
2007-06-01,0.5326820081445871,0.7478094986105528,2.193750240851724,0.8744968445640549,0.01625121332718231,-1.4590219608406318,1.7717090107014768,0.5017450527721549,0.9205716202139566,-0.5908532080740838,0.18070796117392954,1.0133811538190527,1.8499685849744538,0.6360392423796881,0.7407221867607462,0.0,0.0,1.0218455230649122
2007-06-08,0.562813188754654,0.7188449608168154,2.056604771700392,0.8684975970310838,1.0149662975619385,-1.1588206221717186,2.5620806993306173,0.4900470836104929,0.9219344749166823,-0.6258153949980884,0.16076145479571846,1.9104063572596135,2.626949705075927,2.662874923845735,1.6055163208754626,0.0,0.0,-0.06262314081305324
2007-06-15,0.5946749118782448,0.6904248749404229,1.9372712860173686,0.8625491499028781,0.6493536856087706,-1.0102844306263223,2.6876293708691366,0.478458998485143,0.9233001327742636,-0.6631869522532442,0.14055902285436908,2.1135764884600805,2.457294648340439,2.462073549356553,1.068861935334962,0.0,0.0,0.21409384945178087
2007-06-22,0.6284958899316078,0.6740394237653133,1.8319605978723559,0.8566505798872256,1.5422147181487291,-1.3144977636969246,2.4129860498944824,0.46697569633203717,0.9246686056326324,-0.7033391716225964,0.12006272683489141,2.0581078153592673,2.1985830835919282,3.5355815048025643,1.5979015702247805,0.0,0.0,-0.16391243517782983
2007-06-29,0.6179648266532686,1.3107879575299946,1.7379217941984764,0.20697772135000372,1.6991545789372566,-1.5308513402954353,1.9873542893448646,0.45559224809069565,-0.21730536795293015,-0.7467286566328235,0.11196545309728131,1.4912953296599043,1.2854251097595204,2.5259877931873493,1.5254948024011379,0.0,0.0,-0.8115872443630026
2007-07-06,0.6921606060966634,1.3131377734689207,1.9811594354005115,0.5978702915469148,0.965303791647116,-1.746679656522579,2.757788880450293,-0.2747874150466245,-0.6697716011070624,-1.5612065732722415,-0.28821362329313593,2.371510969090248,1.8464483624178891,2.7423654900041785,1.9055996876721706,0.0,0.0,-0.8504314290151124
2007-07-13,0.6792306409967973,1.261653969265748,1.871413165734929,0.5890869391811483,1.2603971934895095,-2.184208723717888,2.2310751661314265,-0.2799645400705154,-0.6656989631394647,-1.4989151899789228,-0.2619115686428321,1.9003991560128246,1.7649119257056902,2.2405467322552073,1.192069675724811,0.0,0.0,-0.7425574185656905
2007-07-20,0.6664879750843633,1.2131597506576905,1.7737962514369223,0.5803877695883631,2.1879526800677005,-2.2188183443715306,1.3769546851809185,-0.2851681798388977,-0.6616479339704369,-1.4416332688416216,-0.23503904650078827,1.083237997747026,1.0496459896800299,2.1012125697647743,1.169556539273796,0.0,0.0,-0.04106722599159983
2007-07-27,0.6539249200382459,0.10833161789800749,1.686046380506968,-0.0035195343935873788,4.4960805369001005,-1.7233528917715368,0.6186601826909558,-0.29039892282439445,-1.6053160219840434,-1.3887946670395814,-0.6571872002531141,0.19987172844578,0.6522321366455613,2.6041128798423467,2.3953554554799728,0.0,0.0,-0.9836774854857996
2007-08-03,0.4957668401749484,-0.030566405536036456,0.9855111266835008,-0.8044023499725973,3.996851341749989,-2.0500820768770356,0.3539515352915807,-1.046053476854522,-2.0748296935927844,-1.62383066935246,-0.7993182501905486,-0.2993787451103098,0.21881131675382307,2.489884280994402,2.439087210120031,0.0,0.0,-0.4870221053204041
2007-08-10,0.5096311494101035,-0.05398452334778138,0.9557125731873035,-0.7822645158306891,4.068690893787695,-1.6774768663109556,1.0618284861679295,-1.0720775320721643,-2.090968362494348,-1.5742924342081577,-0.7915269365728205,0.30350316826603535,0.06182168071776966,2.964561306183158,2.728349231857305,0.0,0.0,-0.22260580747811468
2007-08-17,0.523795137595943,-0.07815575710149467,0.9269130400165384,-0.7606402885728489,3.7705925017323776,-1.2027935648995227,0.36396295375597654,-1.09923969799829,-2.1074184177417115,-1.5311617826798625,-0.7951781267818381,-0.4440758300640675,-0.6231164404261158,3.629363456722297,3.4416125078179114,0.0,0.0,-0.9864992701171303
2007-08-24,0.5382750398913496,-0.024531454840464678,0.8990326163570019,-0.885165302741313,1.557941869439087,-1.5576223406654313,0.03599192719623474,-1.127638003169567,-0.9899827728913257,-1.4945031527602346,-0.5690824910644224,-0.7171408127684508,-1.1371116503513106,2.239331079449422,2.2148105029502174,0.0,0.0,-1.0164441596293505
2007-08-31,-0.7600480058947071,-0.9095528887641926,0.8655419960696186,-0.8784275264568794,2.02477617352241,-1.4268062707316076,-0.35149978006468807,-1.1334867687542163,-0.9804695626045091,-1.4418049961864816,-0.5427209506166775,-1.206053713952254,-2.020919964248869,2.4389437818896007,1.602719772763665,0.0,0.0,-0.217887370881837
2007-09-07,-0.7305120996807153,-0.8841843602595647,1.0857828812155643,-0.555422931972956,2.4332796809078236,-1.7945376790749434,-1.2555156243151524,-0.6990018678435533,-0.7119286139302864,-0.7913306760905359,-0.028823511126959123,-2.0032906971341786,-2.5712261333996005,2.731882857857335,2.1228478143865654,0.0,0.0,-0.38633920950872563
2007-09-14,-0.7017427191580912,-0.8595380780436411,1.0447143621612272,-0.5584922806523052,2.032824614008718,-1.8843178363420596,-1.1568022921880179,-0.7185232268052342,-0.7119286139302863,-0.7613706779480516,0.03169151610187962,-1.4399356754836503,-2.118304122805769,2.2116229254534363,0.8815507523556554,0.0,0.0,0.011655534137542393
2007-09-21,-0.6737412822125721,-0.8261967363021251,1.005333829066172,-0.5615743561689273,0.8456583338259767,-2.2645139523771225,-0.4911408672494727,-0.7386996006763703,-0.7119286139302863,-0.7322752898892642,0.10744019086488592,-0.5204115640578334,-1.2099603815565232,2.8101896660558925,2.2721156148632637,0.0,0.0,1.0008553233981197
2007-09-28,-0.6465533389703301,-0.8517852125814267,0.9674575615666569,-0.9464118745272184,0.6278183137715961,-2.5200626890551425,-0.7361224029518512,-0.7595788478906541,-0.2555910107719267,-0.7040431271586874,1.0179118715848103,-0.785271484952005,-1.8953092911100147,2.734279486579947,2.1267551193072745,0.0,0.0,0.8751583776316236
2007-10-05,-0.5199833607985981,-0.7671575657437714,1.2118419937455907,-0.632502944241656,0.39692892711737643,-2.1220097840073517,-0.30364206390492815,0.6852651129165366,0.5650633630284996,-0.32567505819486614,1.2884818952332433,-0.4530468859862605,-1.408848952010602,2.309325600178284,1.8856336060760728,0.0,0.0,0.5411541624061779
2007-10-12,-0.49737065265641917,-0.7431236232039835,1.1757915146113305,-0.6792889523572357,0.5323851427985687,-2.0861627401849807,-0.16865142530261443,0.7055847984848469,0.5793667103406888,-0.29104959835030725,1.2530391229896296,-0.1703937119863274,-0.7399841118889238,1.7539408698420285,1.2037806146254664,0.0,0.0,0.2300970682025962
2007-10-19,-0.47491158476824163,-0.7196217589270671,1.1428830868967599,-0.730711986175686,1.4859469769698275,-2.337874307535614,-1.7310419205680856,0.7266190617217467,0.5939986884936087,-0.2542149578461923,1.2191727518217326,-1.6618655190494054,-1.150102222285155,2.2161906275758962,1.5741189769723318,0.0,0.0,0.7658972579263369
2007-10-26,-0.4525705072209247,-0.5926723267279881,1.113261463056181,0.11240160406765158,0.7995348799146441,-2.355564171363222,-1.8661025334526689,0.7484228654574037,1.1014124356627832,-0.21432777645428305,1.45456822086847,-1.594004032457381,-0.8460204513527604,2.186735019121499,1.623620279148212,0.0,0.0,0.9107804332912847
2007-11-02,-0.3410621600904268,-0.5381832397828158,2.0979024028271636,1.5663049666281839,1.4021746951248404,-2.487795702993147,-2.4123501843422024,-1.2779165891352526,-0.04434806727807968,1.846936470803338,2.6655060955171614,-1.9876560157347214,-1.4629342376887382,2.088202727386846,1.0914347381169955,0.0,0.0,1.1578075429238843
2007-11-09,-0.3346420548512048,-0.542762582660075,1.9932855349556426,1.521408016184012,2.276630294571093,-2.660594567980311,-2.7038565790361124,-1.2392126998252604,-0.025893935626263728,1.7721872519233737,2.47664951574493,-2.2393079104680162,-1.273552247095271,2.5031282836551902,1.0539551020752513,0.0,0.0,2.251555531624397
2007-11-16,-0.32824832294867806,-0.5473706649093566,1.9013753868523413,1.48263837155619,1.648929856296209,-2.3249750775799627,-2.569380177553067,-1.2023450961246438,-0.007125761191949062,1.703616853167043,2.3192807796450015,-2.42686048458808,-1.3295452994071444,2.3587900237414248,2.067056654771853,0.0,0.0,1.0982187704531694
2007-11-23,-0.3218801207714931,0.3191845833587081,1.8200663465157039,1.4229943096097928,1.5938285183503318,-2.4319197711824523,-3.0073350713270095,-1.1671450233832164,0.006364023279088512,1.6403542834257119,2.1694563255602906,-2.7785477494643582,-1.4376829708712628,2.563867143904136,2.3028862047017262,0.0,0.0,1.0138965600977246
2007-11-30,-0.9576480651282072,-0.07900639974130087,1.7395770387030725,0.9838932297982103,1.0688835399812409,-1.902298928914589,-2.7644231616905435,-1.1263710127869444,-0.26152271762791285,1.571479859981394,1.6094561429176648,-2.7176142770858984,-1.0603614716160543,2.3461735859123833,1.6312237400611334,0.0,0.0,0.3944439204953392
2007-12-07,-0.9658530945559123,-0.11942367857685378,1.5785169297567716,0.8061012578026023,0.6862223168511221,-1.7554765798295804,-1.769097847439774,0.33484130237178283,0.666173225756364,4.882317473802233,4.060262896999522,-2.0250618344327744,-0.8654985372034784,2.38216253256291,2.2562094098876133,0.0,0.0,0.3073954695108897
2007-12-14,-0.974164101694794,-0.1636595519924868,1.519047246652349,0.7745284330389065,1.0705705695169776,-1.2935456564453562,-1.5480506256426498,0.3334350508107033,0.6762880478485082,3.9767197412826194,3.498979061687389,-1.5208509089172024,-0.9858231778039603,2.041461623063745,0.8953660281713451,0.0,0.0,-0.8349749601452909
2007-12-21,-0.9825838398560793,-0.21278777636625673,1.4647855744119562,0.7436280035193041,0.20163086823137955,-1.1489603389794831,-1.688495237517624,0.3320304705572983,0.686563428208677,3.421871782915269,3.108627015305261,-1.6599810388699932,-0.9837268765666259,2.082321041983194,0.9744783167887905,0.0,0.0,-0.6084576007721221
2007-12-28,-0.9911151630834089,-0.3074863028178546,1.4152601982314914,0.2987858176920498,0.5788921937488307,-1.5983932765905968,-1.8062840038234111,0.33062755152892537,-0.2127326245145051,3.035673947447205,2.6897763388240783,-1.8057334654195414,-1.320301110284422,1.9654232694085132,1.2262543319428718,0.0,0.0,-0.24442072154194275
2008-01-04,-2.39787430185214,-1.3501277660695403,1.9299072892727445,1.1363807243500472,1.1092641811450092,-1.669620085122118,-2.388479650540607,0.25770757224844565,-0.26845800723165547,3.7449065896074543,3.381060513979366,-2.391798126137033,-2.024222585706377,2.2248960496370276,2.52041042776302,0.0,0.0,0.04282722753376609
2008-01-11,-2.2334447813402867,-1.314198026460315,1.8768432073495502,1.0945512497282142,1.0243680197439893,-1.5425869880519951,-2.224310542462112,0.2511866419071161,-0.2818582206358037,3.267018617118942,3.0115430980149105,-2.385607520382552,-1.3189943859275424,2.296336565003818,2.112619613883965,0.0,0.0,0.834183729526176
2008-01-18,-2.09321564867959,-1.2798980067993864,1.834936969893125,1.054596885952629,1.587208756582521,-1.3556627351563741,-2.45975280340533,0.2446830895995522,-0.2954924874791387,2.923192516637074,2.73185653420102,-2.6170480736144976,-1.6772719580469089,2.3090152397884056,2.2111801364631343,0.0,0.0,0.19072577910585373
2008-01-25,-1.9714968943859374,-1.2990550544468642,1.8048901062597995,-0.507170747296808,1.833499732636773,-1.4461487181119637,-2.483983172318593,0.2381960747305763,0.9384523715562093,2.6595923821357808,2.0287626206928295,-2.531889271711023,-1.4733759126228698,2.331789785162103,2.415902449477325,0.0,0.0,0.37421423100405937
2008-02-01,-0.8558823792720144,-0.43761862778294564,2.1420805856020495,0.10007287041966542,0.9084059872548422,-1.5671189530185698,-2.37405856370919,-1.2395247770580444,-0.0463618098135153,3.077007467640523,2.560631666674086,-2.322227266432792,-1.184916938762684,2.4807479276326387,2.2149901113613035,0.0,0.0,0.34791221658903054
2008-02-08,-0.884599162714737,-0.4576039080814041,2.053341680951159,0.08974365456630708,1.5561972288990071,-1.108686855080612,-2.0962519835330027,-1.196237195620848,-0.041412017975567976,2.782569530032151,2.369226691759886,-2.123911987666161,-0.8832921308475385,2.6434834505913485,2.798130943536255,0.0,0.0,1.4608952448608716
2008-02-15,-0.9147877188187795,-0.47825786838623524,1.9774877788741323,0.07938472898504229,0.9901051847892366,-1.2637021849876147,-1.6963561034463355,-1.1551196804094128,-0.036458936145182724,2.550753341402421,2.2089684867873234,-1.7387718276885278,-0.17012378324415534,2.6887823655132324,2.6514511642875336,0.0,0.0,1.2676041131966909
2008-02-22,-0.9466032812059391,-0.06499174397774841,1.9132007714226162,0.06224519386430412,0.7852614289211749,-1.4171268786227675,-1.7068120585924926,-1.1159499479358281,-0.03645893614518266,2.3615474276417188,2.0733070405347664,-1.5897951512609088,0.040889242478599104,2.422496925911695,2.3628128616325275,0.0,0.0,2.3761942989908778
2008-02-29,-3.0884169692750514,-1.8655506735450127,1.828053800335861,0.2064623798357165,1.1987581749098972,-1.9602850584612719,-2.350873088190995,-1.1132885654512348,-0.9812059556237455,2.2003432099338442,0.8135291412949482,-2.0537888565491924,-1.0385960017403961,2.3712447684896256,2.2096401758247657,0.0,0.0,2.8011090155623175
2008-03-07,-2.7876484132313863,-1.7759987526067729,2.8739106010166404,1.995989696156763,1.317111297658752,-2.0918016321442057,-2.3647163313206723,-0.8693096314469112,-0.8119239968664613,2.404519571591939,1.2024501846269895,-1.8771299157444148,-1.231630458574875,2.44565900716107,2.8313217618117688,0.0,0.0,3.1348107840777484
2008-03-14,-2.551787200844206,-1.6954722245483551,2.653872050108446,1.8882920407771824,1.8716302531445903,-2.3921797449984186,-2.2038379210895145,-0.8760097655253578,-0.8147371893061913,2.2371225883754158,1.1560385068565402,-2.004222794343483,-1.335699426987179,2.1924212459820884,2.2175104382862436,0.0,0.0,2.4797532971032252
2008-03-21,-2.3598215862909298,-1.6225440137168508,2.4743276950588564,1.7923651040579385,1.0356520497477788,-1.9311963207825311,-2.0478459937125595,-0.8827800350197584,-0.8175623023250856,2.0946859176724097,1.111919317326542,-2.0690678962490083,-1.3568112899683127,1.7382518198492278,1.339112792563031,0.0,0.0,0.5889178397605114
2008-03-28,-2.19918700905619,-0.6035662865634224,2.324395586650517,0.9839677833364819,0.8410619224921451,-2.1484786122946034,-1.7356696228116153,-0.8896219647998349,-0.7717600492194937,1.9712700084658719,0.40525440180003924,-1.7218959841255896,-0.4083672056847031,1.7294621952482172,0.9329215147164946,0.0,0.0,0.8159631872544323
2008-04-04,-1.6544804592653715,-0.13908821402835947,2.704211383614698,1.903869048973078,0.23497474979468946,-1.9360479699299167,-1.563096994459482,2.167461906552969,1.3510771557532182,2.6598854815735806,1.5375138511293978,-1.5865549237671719,-0.1607421353366713,1.4589577909436364,0.09906750266776196,0.0,0.0,0.24319558505046449
2008-04-11,-1.5841333838518235,-0.13908821402835936,2.4977988659823223,1.8465356825795343,0.3880184662684905,-1.8972338825640225,-1.475784405401503,2.061273711115077,1.3178430745644285,2.4505020094630527,1.471335283460223,-1.5321641004337327,0.23687993439538907,1.4882790582259275,0.04203688858480215,0.0,0.0,0.4975156625235842
2008-04-18,-1.5193274418387503,-0.13908821402835927,2.327055078771611,1.7929305240981739,-0.26583867019946683,-1.7465792933575826,-0.9580208712338779,1.966406924948955,1.2860210907975131,2.277287706606097,1.4100844233223886,-0.9808963939962538,1.0664037608880732,1.2061695296675574,-0.8311949145844477,0.0,0.0,0.3064922618808147
2008-04-25,-1.4592883577317386,-0.9640268387948173,2.18256242981303,1.2334781030691784,-0.40666236081004986,-1.4503129595075355,-0.6573470272069442,1.8808797042172696,2.1082134788346103,2.130532721854881,0.7963108045633494,-0.6976013988730104,1.3573405705651778,0.9960663844505476,-1.7615810863206622,0.0,0.0,-0.1858721931830354
2008-05-02,-1.1125929527901806,-0.6064269287013142,2.8656110196111397,2.7050182031299017,-0.721243803402878,-1.1936166217123227,-0.7587757884259897,2.2831683105144793,2.3165920976487175,2.0497274507511936,0.8463738559822581,-0.7069330406565978,1.2197736978318314,0.8833538259453028,-2.460328084741239,0.0,0.0,-0.925837836613226
2008-05-09,-1.0712295656138333,-0.5834932811938784,2.619571782858595,2.505526601361525,-0.5133426901431579,-1.2777276971130898,-0.9784254409251697,2.2473417840085887,2.219353637223641,1.9316373430510292,0.8133313026792871,-0.891873493403878,0.6187287339180951,1.0046063015888171,-2.445117098781363,0.0,0.0,-0.7315150226047686
2008-05-16,-1.0316968802892128,-0.5633905799980694,2.4205922301145333,2.33899706663042,-1.1642839460324292,-1.2916747835129323,-0.9062199453667328,2.2128799084709105,2.131457328391744,1.8273348176413975,0.781065273636179,-0.7161375191259481,0.7488870818865682,0.7492299970536945,-2.579505480316002,0.0,0.0,-1.1706265263007678
2008-05-23,-0.9938114847023678,1.6380466372734879,2.254954351219451,2.1822328962312634,-0.5528477047306267,-1.5152676838098964,-0.9599935538552156,2.179694826828523,2.106448057768622,1.7341336023383356,0.7522090158098446,-0.686125564807139,1.4020578654766895,0.7344001764593554,-2.579982803175069,0.0,0.0,-1.3207933954398339
2008-05-30,-0.9570405727923154,1.6077514547878422,2.1126890725192777,0.9188137750456427,-0.9822241604704927,-1.180165016042387,-0.5289143902122396,2.0562654274453522,1.8869716450945004,1.6503653194941974,0.30347173732755983,-0.2720112236241177,1.8256365911601091,0.7203997080500592,-2.7540231257650207,0.0,0.0,-1.8668463043128818
2008-06-06,-0.9215964512800696,1.5786092101272975,2.429336311225784,1.7471350123130038,0.2832665156417673,-1.2875737149743258,-0.7025066261613464,-0.8670688289909951,-0.1229621924017645,1.6173981887173958,0.368421867558636,-0.46727882472372945,1.8407548866619081,0.9217697914535008,-2.0840612000374965,0.0,0.0,-1.7128011293043648
2008-06-13,-0.8873510251190942,1.5505425615225932,2.262233558984104,1.6645543379438188,-0.3042343165239476,-0.7211470628886992,-0.10324477817629411,-0.8391523223701122,-0.10568725013736982,1.5440907128404997,0.3471146810804336,0.20946158287297542,2.771386343370388,0.34643061570092315,-2.2144564661251396,0.0,0.0,-0.8267297748707837
2008-06-20,-0.8541918168341777,1.5234812587068414,2.120143589976102,1.589327406963192,0.06252025787064218,-1.0433439109519433,-0.1686818170523296,-0.8120082885372222,-0.08822296971732592,1.4766807415160434,0.3257482558068556,0.028363240102326315,2.1510171340531468,0.4230514305282089,-2.0687969239813246,0.0,0.0,-0.8029456354166465
2008-06-27,-0.8220207005697907,1.0295439444293943,1.9971457747171462,0.9048451705454632,0.17367406245664777,-1.2237632074843379,-0.6196518637892344,-0.7855731860770636,-1.7529055028471876,1.4143122689694678,-0.9029809163557928,-0.29283355930945415,1.6489542991914299,0.5003385332454248,-1.5490985404903828,0.0,0.0,-0.6131788118927515
2008-07-04,-0.13696736681671132,1.858889224838242,2.3694964791784376,1.8738103251164164,0.4840701981213083,-1.0650092737573094,-0.7160542214181776,-1.3725059820119434,-2.0761173389399925,1.6061443792988581,-0.39629007127661214,-0.25659611862256343,1.6607714844031625,0.6700349153943945,-1.382584881390512,0.0,0.0,-0.46141073632889507
2008-07-11,-0.1039246473071578,1.8891056338496837,2.2105179164865087,1.7754116315187456,1.1726212947715995,-1.2373975232142251,-0.5592483471693516,-1.3263224336494628,-1.9715753458123246,1.5370438460265927,-0.41684585542216046,-0.28938531233401765,0.9706187014317443,0.4919646609567065,-1.1889940532040049,0.0,0.0,-0.4040757351969275
2008-07-18,-0.06893228038749764,1.9205137573260729,2.074523211411922,1.6870085873099574,0.20371730890166312,-1.1660351257874095,-0.145757337194369,-1.282695156678399,-1.8781637955300319,1.473509023159901,-0.4381059361966235,0.11292040228829377,0.9985466103832547,0.6149619441480143,-0.7408503251498988,0.0,0.0,-0.30764205285577984
2008-07-25,-0.03151293321129371,1.4636718451510549,1.9562156683240122,0.5391148189131297,-0.10926867264564222,-0.9060648448025237,0.2150474271588099,-1.241356713361641,-2.043168993141147,1.4147933201596636,-0.5598478264648558,0.2018007302819527,1.083705700370854,0.5461205371117847,-0.6575817133668993,0.0,0.0,-0.36461724036466925
2008-08-01,0.1575059751002446,1.5695085580067143,1.282461689191179,-0.7699095598539225,-0.19113719233510504,-0.6787276745981549,-0.13341933509345258,-2.6525346435734454,-2.876400783817674,1.8378435130977755,0.5266533803135091,-0.18008698786181934,0.9778021687850116,0.5772205494173428,-0.7974704854710161,0.0,0.0,-0.5709237710498689
2008-08-08,0.20124224796894818,1.5157362504815755,1.234375158026425,-0.7939077279287166,-0.6976425986282209,0.24105147943673358,0.13396173424794547,-2.4600976618175197,-2.687007628559314,1.7545613219188059,0.4968290243477118,-0.22478558639308097,0.7173319307026103,0.48495733543111413,-0.5325904481152153,0.0,0.0,-1.5980070818820324
2008-08-15,0.24964629725384657,1.4653941597483284,1.1890803649038206,-0.818922491370774,-0.9778057948578904,0.8098623666596062,0.019137088258858584,-2.2987891233737012,-2.526695626030097,1.6796394753759467,0.46664470055579876,-0.47234596472486395,0.477781871655797,0.477354748228196,-0.5131499624988192,0.0,0.0,-2.4777980932314287
2008-08-22,0.30410160848847706,1.4203674239895763,1.1463000109022583,-0.8497921808888759,-1.1819351234144388,0.724460959657893,0.1422663264749171,-2.160746127943136,-2.3525326902748147,1.6118727577811636,0.43614386205767036,-0.35541880381840074,0.05720385733393783,0.46895150260115065,-0.4989746591953063,0.0,0.0,-1.5872167874173206
2008-08-29,0.32303135024546614,1.360866787141734,1.1058056916323684,-1.6689234453134174,-0.6281166001075327,1.0341510300176202,0.15578016819518514,-2.0406365367604327,-0.9524717975530723,1.5503386546897786,0.298148311526233,-0.44415097894482947,0.22227722205621162,0.4842146243798611,-0.7512405800232509,0.0,0.0,-1.6830828019000355
2008-09-05,-0.37040302100298295,0.7374318666709178,0.8676187239615,-2.049669166106751,0.09020744880038864,1.7411468875895255,0.27731851352967585,-1.9287227603461552,-0.9305677082127146,1.5307535919071642,0.3760771814857403,-0.9233826982196,-0.9540776423133019,0.35904943982979187,-0.11392637809379072,0.0,0.0,-1.982331309374889
2008-09-12,-0.3449976779080295,0.7092549586353797,0.8347190785597672,-1.9928173951560717,0.8456760148588339,1.782944227047282,0.5554199666842429,-1.8293918289429139,-0.9092545539145733,1.4752328039641365,0.34376825071148315,-0.6493050457504257,-0.5252843982308673,0.524049452480031,-0.07018460708434085,0.0,0.0,-2.4786144805318115
2008-09-19,-0.31929188547918436,0.681604353902858,0.8027203346421488,-1.9395230671289254,2.5072304837359707,1.231993762269647,0.7996229438260167,-1.7402865245812011,-0.8884966113075898,1.4245233274567266,0.31005157265357336,-0.4952312716279475,-0.03733580400931252,0.7734189786759579,0.04858260185656236,0.0,0.0,-1.9065775161535217
2008-09-26,-0.29320113914692114,-0.07935962640691951,0.7715340889126207,-2.7409370534850233,2.9347623607951094,0.9175504604624138,1.6442801344061293,-1.6596239763851948,-0.5779820438486252,1.3782593112659498,-0.47293268827706525,-0.23155019501542037,0.10842749097599172,1.0538552397000913,0.07687353874672079,0.0,0.0,-1.7755636653678377
2008-10-03,-3.7672764665971807,-3.0361322045649017,-0.3441068291644308,-3.925162288581471,4.419097596093529,2.3403536938090914,1.9593436830041326,-0.7712324213793488,0.06638554728804322,0.9264024784098508,-1.7574269880483184,-0.9677007795945056,-0.3525328028838597,1.772847331326947,0.8950244231293079,0.0,0.0,-2.3487032667482213
2008-10-10,-3.3088819833203544,-2.7708588662049163,-0.37669593955633107,-3.426008661526908,5.713153234219803,3.1776016079135934,4.033524745748656,-0.7422302095357433,0.07714627904787673,0.8962948095324279,-1.7678371958270556,0.028829837010304494,-0.09080602334324683,2.3386048157701835,1.2136452318876216,0.0,0.0,-2.4598903500388123
2008-10-17,-2.9758520609984256,-2.5579341923763477,-0.411391080343665,-3.068104472854032,4.430542225366619,2.7098913701134135,3.333927546241201,-0.7138331478777922,0.08799633098147452,0.8678935811816265,-1.7783894499330497,0.4345908003322068,0.06607323957592479,2.4082988121233737,1.3646678697766006,0.0,0.0,-2.423992099529167
2008-10-24,-2.719209755155838,-2.474451762643952,-0.44853641468786326,-2.1093996285274863,4.209910707757571,3.5986388061272727,3.308160092997731,-0.6859724057242425,0.9116419889680708,0.8413413320986737,-3.0740740740740597,-0.44025582832837185,-0.0823094832184536,1.9437337667788186,0.95169326282645,0.0,0.0,-2.598340768638239
2008-10-31,-4.79552778031298,-4.438180207991058,-0.4715403790284782,-1.9842008189636764,2.445748681699485,2.9820815030095154,3.182694730089526,-0.6712154165632506,0.8923760470282031,0.8132352406087598,-2.8178305144117015,0.6871716251857167,0.5662128325886949,2.513272574112982,1.5115475197304729,0.0,0.0,-2.00775559913615
2008-11-07,-3.9492673189063052,-3.7192611230371653,-1.5664122031362488,-2.799839143436131,2.030604673636795,2.7698240720332867,2.3923500881873427,-2.4745130654505516,-0.5888537487133285,-0.4504140391514674,-4.391029594591531,-0.0848056537102202,0.3541092234282709,2.4845631541141624,1.5290609037168768,0.0,0.0,-1.4974997398929548
2008-11-14,-3.419221292694286,-3.249399447753403,-1.5507513064537288,-2.5603283106226695,2.5395747750153226,2.636617443494182,2.251217450829695,-2.2980068893285384,-0.5712510758334467,-0.5062173423305031,-3.7073874557291417,-0.5610686460555236,2.7026716640695257e-16,2.348010945208431,1.45694548300975,0.0,0.0,-1.6662504663651705
2008-11-21,-3.0459650796737754,-2.9089842146644784,-1.535413276279893,-2.365821386670385,2.696491456213884,2.794038505643126,2.5547357177028034,-2.148733157848205,-0.5538856976704686,-0.5696680576396604,-3.2535237027775823,-2.713799765563044,-1.1581576983300594,1.3174000975347353,0.6263843656413483,0.0,0.0,-1.5665607379500706
2008-11-28,-2.7586059203560134,-2.451865390670229,-1.5203862170440001,-2.033331224537361,1.5282704177570516,2.2405559861701816,1.4961431249839565,-2.020033351050824,-0.5394175231267113,-0.6432614409720387,-2.9783760881749237,-3.364914267657878,-1.3651932059822007,0.8283355438566532,0.34277022384830574,0.0,0.0,-1.008192167765308
2008-12-05,-3.096182171887575,-2.8248647524440647,-2.107534355617141,-2.374677874256886,1.7224419364419354,2.2124902506808364,0.8258726142528743,-3.0666469939696883,-1.7476696054262266,-3.1078823512804337,-4.465774593965974,-3.696794753447957,-2.0571042533188946,0.30449945265254963,-0.18666389134526953,0.0,0.0,-1.1480649356775274
2008-12-12,-2.7976089320711766,-2.5802918509016814,-2.036676808921611,-2.211045931711645,1.3268562412096656,1.4285457708047617,1.1441690147978862,-2.7722088395218436,-1.6617739956830486,-2.896331220087648,-3.733472257774409,-3.4352438958804687,-2.1726987958650197,0.4877617650473682,-0.24113845727288552,0.0,0.0,-1.2396398970710585
2008-12-19,-2.563174980201747,-2.382276042919572,-1.9711738570424508,-2.0714229615011726,0.7443208244824208,0.9258642404021924,0.3603500384416864,-2.540504196711339,-1.5837025434338845,-2.718910370457324,-3.2573690096376984,-3.9881663264427587,-3.00068058495125,-0.737528916504959,-1.298387922774347,0.0,0.0,-1.2656505559126547
2008-12-26,-2.3722367817020813,-1.3054643218882185,-1.910350055930884,-1.2026792130396886,0.6273084802102682,0.8186017963688006,0.43764699076315167,-2.351451629393141,-2.0361867650353087,-2.5671395647578206,-2.6303890273156365,-3.3937479614946624,-2.3410334435813223,-1.1179389705190295,-1.9846578263735877,0.0,0.0,-0.7084206694643274
2009-01-02,-2.8383321294692054,-1.9627082899056205,-1.813714169750601,-1.1355173381380885,0.3622778563688645,0.9786379060835497,0.856964383476662,-1.8040845668921024,-1.48671831822609,-3.4876375543001266,-3.2369336513805504,-2.4953382270582676,-2.164349413628085,-0.24991560236130986,-1.755778721452273,0.0,0.0,-0.6611897874788876
2009-01-09,-2.591644247221221,-1.856148042874437,-1.752449884380279,-1.0936493852935731,0.5557645022678049,1.1044751826127326,0.12650862869746213,-1.7131515580002525,-1.4242202400557573,-3.1125836746836706,-2.9031760053010367,-2.364439117620268,-2.2396294641721615,0.020834728881780482,-1.6186689659935776,0.0,0.0,-0.2592202749759663
2009-01-16,-2.3921651422179484,-1.7611224847758524,-1.69547543691901,-1.0536561530138266,0.7265182061445035,1.3572705164237688,0.010613468490110871,-1.6309150814000477,-1.3660755834346998,-2.828290932497498,-2.6459599430545717,-2.3212135275254844,-1.9004077977547145,-0.15057632517100009,-1.376729615214852,0.0,0.0,0.422043220283737
2009-01-23,-2.2260591069382065,-0.5291461478655192,-1.6422758724572797,-1.0188385170335796,0.7704612695401207,1.5565875575616632,0.1991841866766298,-1.55592726446784,-1.3106115366480644,-2.6025768900364947,-2.437423016643858,-1.6894044768953285,-1.7644163821477707,0.4051843777205823,-1.4377395497338112,0.0,0.0,0.32180862187172754
2009-01-30,-2.087043189127929,-0.5093206003486754,-1.5865174440067082,-0.2909788616032237,0.604016235197948,1.55610709713714,-0.163006480551679,-1.4870712416156768,-0.059406815357029574,-2.409892052785757,-1.7220514896850987,-1.2402536998802889,-1.086860095475961,0.7169691459729826,-1.278304064116253,0.0,0.0,0.614857538471716
2009-02-06,-1.6902198354339018,-0.12685451011618776,-1.690706747188762,-0.41643347816201276,0.49974526834704175,1.3782033243523808,-0.021311351722340104,-0.7780064215333407,0.7081767243975426,-2.807550463298249,-2.1366081461370294,-0.8877447695284856,-0.608463511749437,1.081386576131497,-1.0115307645319231,0.0,0.0,0.8826489035662991
2009-02-13,-1.6109816395894887,-0.1144734124764644,-1.628211012127481,-0.4004454039870853,0.45425219555890317,1.4404332001362126,-0.27517455114886236,-0.7511274623630905,0.7035011079285342,-2.572203842771654,-2.010033528101258,-1.1318694390061494,-0.022166742468576126,0.6526045740347309,-0.541012112116182,0.0,0.0,1.1315366942147675
2009-02-20,-1.5385731365840254,-0.09980101152596688,-1.5702161105610568,-0.3845519112451373,0.7985992491146933,1.4549005569175735,-0.3018012984690751,-0.7248537858607994,0.6988544898376081,-2.380495604617748,-1.8991019320744464,-1.274440191094396,0.23660624409513042,0.3503079568996985,-0.36968733837436596,0.0,0.0,0.8121057172608578
2009-02-27,-1.4707251865523483,0.39268469852227583,-1.516156012501069,0.06349253399707505,0.6027062086125925,1.638830056723545,0.36200082843307285,-0.699130129184944,1.702420950660783,-2.2199935462154294,-0.8529041257483068,-0.8319413197708057,1.0108474614642355,0.9397505671556285,0.37119047609291916,0.0,0.0,1.6608170339754016
2009-03-06,-1.318744342368664,0.5082769884900502,-1.5460784401981011,-0.008829474741212817,0.7505011680642724,1.6429099212938134,0.26093096245378583,-0.07741858625995308,2.2178089979695694,-2.297998508966043,-1.0533496915139482,-1.1234904973433135,0.7878452181513115,0.6496322081136705,0.07433048236307116,0.0,0.0,1.3639125930845712
2009-03-13,-1.2660724697286998,0.4995590057347785,-1.4824784139285254,0.008754822225635374,0.33045546264518133,1.4019938299286323,-0.04685977236015315,-0.06371862323697758,2.0828253174127895,-2.1471977583504493,-1.0137673281557862,-0.9927580296422418,1.5637835978466936,0.624521933100203,0.9245282289807345,0.0,0.0,1.4780205657463137
2009-03-20,-1.216441741988313,0.4909117755407295,-1.4234579593023409,0.02663547211957609,0.5155261161513394,0.7676464875301228,-0.910299197495325,-0.04991634290328798,1.9651853991354902,-2.01732810840698,-0.9757249857527728,-1.3536186652231152,1.094438035318657,0.17078401112057337,0.8858598717562932,0.0,0.0,2.245808938795996
2009-03-27,-1.1694881105748987,1.1620454712819577,-1.3684143663225232,0.018502154318074296,0.21542876446276868,0.9455686051698318,-1.0278300640440061,-0.03600155544774274,1.5183587842589605,-1.9036945888685561,-0.284031413046148,-1.1012092133921751,0.8012181088309643,0.5276125700128041,0.5257487943094118,0.0,0.0,1.6693342212502924
2009-04-03,-1.0520507196959943,1.234301770915571,-1.2433194399424756,0.11438935851279085,0.11813882275580487,0.7540216213543363,-0.7595377090206987,0.5630420670023043,1.9570144571770698,-2.058444207439634,-0.5839138010059677,-0.8618741915371616,1.0169732963220917,0.7188328087751269,0.473590100425725,7.14142842854285,7.14142842854285,1.6496904345439083
2009-04-10,-1.012503329649,1.2059532830419837,-1.1966291840686458,0.13375612251467375,-0.0848562900451299,0.995167446399041,-0.6081477086505545,0.5955864344381335,1.8757733712138636,-1.9386591088715466,-0.5567573228675955,-0.7590798648158442,1.1638601397556214,0.8472559549384223,0.6806476222154529,5.0,5.0,1.3289365627646683
2009-04-17,-0.9744905713698953,1.1786463834515792,-1.1523653006812429,0.15361383158049158,-0.2576679072831124,0.9911190571964658,-0.4601197868224392,0.6301872062475989,1.801647113992542,-1.832985322259758,-0.5297377086824374,-0.7005641137726145,0.7446610671214329,0.7903675284514918,0.27416067711323366,4.04145188432738,4.04145188432738,1.380875016669349
2009-04-24,-0.9378471260719983,1.1456492048910711,-1.1102611254458354,0.1709001233088974,-0.10553004424805246,0.7373283270392488,-0.7999175309595454,0.6671386281727921,1.7480120652764577,-1.73864755337269,-0.5041245946623657,-0.5936114183295276,0.49100546563882724,0.9038611591099541,0.14514492173321583,3.4641016151377544,3.4641016151377544,1.146908782980473
2009-05-01,-0.38727701871757625,1.4244813567065926,-0.9506391589546055,0.48787029823734224,-0.22151448141220756,0.6787351437569418,-0.2664479670740901,0.9145101673077114,1.317878149375015,-1.7460491200302892,-0.0998208886438122,-0.2805269395243388,0.4943758419584128,1.5682928620856205,0.3706718823393433,3.0975919995036643,3.0975919995036643,0.8803921987131832
2009-05-08,-0.3634249542553093,1.3768186428830653,-0.9147891792638397,0.51759266366087,-0.4431213804598827,0.2892699173932038,-0.34596336157724883,0.9647164144193578,1.3044503228301003,-1.6604333658332624,-0.07795343254559621,-0.13478861201110792,0.8439365233673056,1.4979287404155344,0.6308575434749849,2.7931551157134984,2.7931551157134984,1.298200142885122
2009-05-15,-0.3394214570517553,1.3318863382594108,-0.8800725885053705,0.5489974726984957,-0.4035656992867493,0.3501579801659812,-0.5865871533931579,1.0197816310437704,1.2912719612365229,-1.5826014505195416,-0.05560781893266494,-0.360856702561018,0.7707976981759487,1.3552879594307528,0.7435169065823569,2.554911290280003,2.554911290280003,1.370403297713054
2009-05-22,-0.31520828475461854,1.3041169298755602,-0.8463635712701119,0.5823087688483332,-0.4572460514706227,-0.2564147642700784,-0.4825387960612664,1.0806750977893353,1.2783344664935539,-1.5113031154452583,-0.032720350806698766,0.16540374112266737,0.8710804219971431,2.0019705690320304,0.8535882676699795,2.3612860699725156,2.3612860699725156,1.454326251688855
2009-05-29,-0.2907220273103914,1.1748661089722399,-0.813546698762465,0.7036687257887475,-0.721815895580024,-0.19916719638137015,-0.5924499930676116,1.1486627336087951,0.7828981838842303,-1.4455486729327651,0.24626154244097498,0.22048034876371447,1.1781095972230573,1.9446553265095774,1.0644422175187818,2.199429791586586,2.199429791586586,1.5673799980752399
2009-06-05,0.08025027728833639,1.5238865207232732,-0.5457274428885566,1.019888750226556,-0.6881341971238926,-0.18918512213055563,-0.16937727251817516,1.0636738198757512,0.7141690302896407,-1.4705591908462001,0.12421831118484869,0.8501203660028461,1.6031233329996248,1.767236769566511,0.9842325475332666,1.8895599218466692,1.8895599218466692,1.6068563414370378
2009-06-12,0.103677598268712,1.480204860586627,-0.5170262754721225,1.0469929697527869,-0.8013938057068396,-0.3274648615450881,-0.11158573869138402,1.0654757816905065,0.7000102447573441,-1.4080510027156132,0.14614936749652402,0.8293176785371101,1.8850062644056593,1.6740550762488922,1.233196471318373,1.7892132561106553,1.7892132561106553,1.1960366267675504
2009-06-19,0.12790325770220895,1.4388681814119264,-0.4882079334700787,1.0753457135998878,-0.8239995410737008,-0.3421493908481089,-0.11964705323242199,1.0672826484346891,0.6860760468502827,-1.3498637156340834,0.16877625219805875,0.8184345426499228,1.6364582394930012,1.6815500561856973,1.0059194708134611,1.6992092043732983,1.6992092043732983,1.0596590815678695
2009-06-26,0.15302559974064117,1.3166199347342462,-0.4591562755693091,1.0012541410800329,-0.9688615936217161,-0.4733667165809459,-0.2652739661653754,1.0690944462652634,0.21617356279394667,-1.2954270362093712,0.5510621697363938,0.3671656860046607,1.0537912083124328,1.3193639210319361,0.5716796731352012,1.6177170536305243,-0.6948108609954237,0.955773542666592
2009-07-03,0.8691542367516271,1.912331095532369,-0.5545997261239347,0.8977412711554048,-0.8400788671963103,-0.4638237536750121,-0.2441332728262909,1.0806565577736889,0.21204843486805944,-1.3282827098784769,0.4174929826476926,0.37056472290697423,0.9650580206672011,1.5388162391287863,0.6718876698913357,2.1794084900281847,0.029170252888256355,0.7413211964051631
2009-07-10,0.8967656263222211,1.8292628488247784,-0.5254617469250069,0.9469456479758989,-0.7709313412732907,-0.508403527095497,-0.41445247196317514,1.070591017356852,0.19439255474944295,-1.2762116328842705,0.43423442493800657,0.05307104701509031,0.6584033912727977,1.1849271008729068,0.4094217566319422,2.044251342364132,0.01796540344523792,0.43765548503272045
2009-07-17,0.9257257588472408,1.7536428941017261,-0.49625671700539803,1.0008298734925885,-1.0889392304328083,-0.8039752145240835,-0.4007541253482323,1.0606691416268643,0.17661541272921086,-1.2272332183050192,0.45141793522554446,0.7160452723177809,1.0654963582883505,1.7293080872558926,0.796061665917784,1.9264719329769948,0.006693031314430927,0.7544955883385766
2009-07-24,0.9561697286628028,1.1881785542444208,-0.46691208211064106,0.8562586061271205,-1.174250634212248,-1.0449848815162095,-0.40174970753612915,1.0508868878565703,0.00846755958806351,-1.1809945410882339,0.6200739413070796,0.8012513324159498,0.8422798867275717,1.6562295817623276,0.2366147188587215,1.8224046836698635,-0.03247588515641672,1.0583377821964204
2009-07-31,1.694784527038552,1.7304329340402944,-0.43610411812799676,0.858727003991546,-0.9914575703090236,-1.2424049837188786,-0.6279840621945263,1.0205817800630597,-0.019719497403554612,-1.139116057365184,0.6458841423355863,0.4860682686883575,0.4745396333970566,0.9547726083960969,-0.33948700424020234,1.8703140296939584,0.14285945644292333,0.6756524771689058
2009-08-07,1.6961308673896491,1.6601332258493782,-0.15288652488141294,1.1107285431697729,-1.0829630606930556,-1.110128733502856,-0.25844099759379324,1.0115010163583702,-0.03508307237998911,-1.1561059111926144,0.5685239229957426,1.1969746925033364,1.1745552283447467,1.369921611179725,0.11027487938435558,1.7725610780297532,0.12880145857256206,0.9913362699612998
2009-08-14,1.697479593213532,1.5953939248537405,-0.11142497451438005,1.1031392089567709,-1.1317641814154578,-1.1595910151388884,-0.3347951625363525,0.982344584178415,-0.06595033117796745,-1.1168672720613693,0.5979949053354136,0.5620875090030427,0.26672079160077383,1.097971755311403,-0.6748175884963887,1.6847027260261513,0.1146699188266455,0.7613415908289549
2009-08-21,1.6988307120522002,1.535450587722809,-0.06537834441318359,1.0956327179787058,-1.1006925892644306,-1.4395051527286646,-0.6923684298409044,0.9541794157116656,-0.09853271138681673,-1.0799018681292627,0.6291052772848786,0.5990446894017905,0.24521918857378386,0.9330552387016705,-0.8173471020218526,1.605017251896345,0.10045463655758279,0.4255583045727648
2009-08-28,1.7001842314812337,1.2007409734017929,-0.01278961290014862,0.7495880246316367,-1.1316258007323614,-1.3564862330731209,-0.5405349283009013,0.9269288968924806,-0.053240732455431074,-1.045115531456098,0.8265904443643054,0.42241758942542734,-0.4004948831194253,0.9531638118798852,-0.7082555996986076,1.5321722811673157,0.2674607680255126,0.386138593638317
2009-09-04,2.2693411068995935,1.6130610048891225,-0.07653742286330843,0.6481452866922984,-1.103276380035039,-1.4139794680869326,-0.6742915542373092,1.0366020720296925,0.03652034793705443,-0.9671785594515758,0.9435295296203501,0.41268445782920893,-0.38080174012589796,1.083936297793685,-0.5451715347885038,1.5315524877311013,0.34734178160493717,0.3402003971507549
2009-09-11,2.1956356839428164,1.5469271259689366,-0.01873773552645552,0.6389986663358921,-1.1769172337379423,-1.8298692392158864,-0.9065833899809691,1.0048723640886625,0.019577923582867213,-0.9375316343133576,0.9769737766466505,0.21190472413556835,-0.5052162304513494,0.8576411163791013,-0.7448607353479365,1.4647326447093338,0.3283488003145672,0.5588195083279038
2009-09-18,2.1274980587511045,1.4857511889951405,0.05342682266395822,0.6299488000702497,-1.1704967194634208,-1.8541195651417968,-0.6963883104127999,0.9742974798068973,0.0023911003403557303,-0.9099800831073072,1.0124115950495558,0.5278062046848635,0.07502293861242149,0.8810697989769866,-0.43117333841645883,1.4028431358209161,0.30934222418495216,0.5696930639697296
2009-09-25,2.0642319993363873,0.9442247215369771,0.15361681445691763,0.768325241766313,-1.0311487990455026,-1.7384813774206391,-0.8469108150512701,0.9447816675656387,-0.026428099551188702,-0.8847654084111269,1.215418398861955,0.248602764859229,-0.1192234227496128,0.5638260766838527,-0.8594773988158539,1.3452070121578883,-0.4647478632967896,0.4403239542123855
2009-10-02,2.0934343597278184,1.017001636015131,0.45435240558383744,0.84572303385884,-0.7927634906696973,-1.6276614027882756,-0.9453251079117418,0.9839769022263725,0.014726640806586372,-0.7012282616451664,1.4808892757017744,0.059511084748374826,-0.0005364515836591814,0.5445462630201985,-0.5757857857049505,1.5042001846816677,-0.14282320849946642,0.7911267757129739
2009-10-09,1.9897759119700276,0.9796356018630432,0.5479685817583159,0.8130149067004464,-1.147081880774387,-1.7053470117310263,-0.8778867948803507,0.964836494570033,0.009023351790955888,-0.675537020710361,1.4719465768509445,0.41642964764077717,-0.2641209455758728,0.7083228986973101,-0.9279541789542699,1.4404557351893377,-0.15591303708558743,0.7071302929568364
2009-10-16,1.8970573708604244,0.9436428376826043,0.6697632075724023,0.7811059962296529,-1.2423404603862687,-1.8376407751701223,-1.1028490661278019,0.9461701815707186,0.003311258428169927,-0.651377289543935,1.4631128274742173,0.5139990604341791,-0.26075320989037065,0.8143715089545052,-0.8091987798157599,1.3812988070811674,-0.16918530504043344,0.5185790703832811
2009-10-23,1.813369947257971,0.4215730030816042,0.8423589369909059,0.7511092571624041,-1.1948587494922707,-1.7797809117347807,-0.9501237180663326,0.9279529077692108,0.008434656325383882,-0.6292923316324608,1.4363535592854588,0.703531197427657,0.09622889225912418,0.8222350595042185,-0.18693095227403453,1.3261264414428602,-0.37873185373033547,0.6254448354709711
2009-10-30,1.7214443703505113,0.39286746229855685,1.127398962866472,0.4654419129185336,-0.4940725757440626,-1.4904730775809134,-1.2258189907995685,0.9101613541155634,-0.00180876520686653,-0.6103174461127014,1.5209920182807226,0.5266687392435323,-0.5427912261607095,0.9313101704292958,-0.47100433187315155,1.274441851230675,-0.38931249972187154,0.0005889847510447828
2009-11-06,1.8349503949504993,0.5636371257878044,1.9537576586064882,0.6686298053793371,-0.9931576649163404,-1.54461929716857,-1.339194607824514,1.0392423105132902,0.12276022175402367,-0.2964477727374649,1.7826766667939031,0.8424410852317181,0.11069732395592827,1.3929328684378381,0.1803974969306734,1.2857270225196888,-0.30235888198294225,0.15468977018699664
2009-11-13,1.7405182122536043,0.5340799319463644,1.9337658870456855,0.6405186474399048,-1.050362600097379,-1.5976824747915228,-1.5421248920913944,1.0000115356703783,0.10609890221054419,-0.2574734740177538,1.700881911283216,0.6124236600465063,-0.05668771802936562,1.1811778691858499,0.1816391394579267,1.237022901658656,-0.3148801895452322,0.19135434783309163
2009-11-20,1.6553716754255012,0.5043551338832261,1.914247709499796,0.6130427294750429,-1.187481495023054,-1.4625037772342637,-2.082156339529145,0.9622617452470885,0.08927219150805948,-0.21420127442666137,1.6263549382841884,0.4435664030744309,-0.029308706090335538,1.1398696014920422,0.15684135795041984,1.1911244791113385,-0.32760859808205517,0.35553804106891146
2009-11-27,1.5779269902794357,-0.01386350639387322,1.895183716384502,0.6918728692671352,-0.9111904155101955,-1.5648931316893973,-2.3279176709435037,0.9258312055421893,-0.03798431198040513,-0.1639792070651006,1.4836547136516949,0.08719406842366575,-0.24005713738691264,0.8832582135803844,-0.18694360802303592,1.1477416104488543,-0.44397298947031233,0.29233322406246165
2009-12-04,1.3245527434720306,-0.2845636568379699,2.0238342583549356,0.7690348192467652,-1.2626992884083021,-1.2860287076518884,-1.5249917236039254,0.9020178317234436,-0.07363620789287267,1.1780950792081735,2.2928136857174666,0.678666656339322,0.26762520892403746,1.145336136126646,0.29021290829992236,1.1875942431249404,-0.3222220045429837,0.21252530149886525
2009-12-11,1.2712847690965143,-0.3395531178860708,1.908234606454203,0.7714993636793348,-1.2057811018626683,-1.0737546368580693,-1.250978903990419,0.8814892734805305,-0.11192962963233391,1.277566339610719,2.1533376578994945,0.8085321786834285,0.12167121836911388,1.3144712021908833,0.4452392196022805,1.1457285740683498,-0.3360485145904338,-0.521158802076237
2009-12-18,1.2211174519454833,-0.4026558224181804,1.8058998755749298,0.7956905399260197,-1.1532855855639605,-0.7325865431416738,-1.6162909351766819,0.8652385336885582,-0.15348650303036732,1.3964653930821889,2.032764186701265,0.7910218485857617,0.3073934386005156,1.3242264270100947,0.7051133085158425,1.106188450391454,-0.3501414257262661,-0.021721776541622915
2009-12-25,1.173676386080923,-0.5936380274029825,1.714275267914196,0.582112392161615,-1.3491992767371517,-0.7090341266537602,-0.759300212613032,0.8550146159206048,-0.2708588485778523,1.5428266775481851,1.7294442522915194,1.463190394973248,0.8691307237378667,1.5980704350997335,0.9242813419101265,1.068814128115645,-0.7179477873869128,0.028135466422355027
2010-01-01,1.234024587324367,-0.5163437186629728,2.687860074456405,1.2836507883202652,-1.0581085289327306,-0.682040694954078,-0.8372537594612462,1.168947476368913,-0.051069819409728,3.002007076522258,2.4562334132520136,1.506834234891307,0.6305906241072434,1.2352902970795097,0.4188051159539319,0.5580889900142035,-1.4554023240645324,-0.8201418000112667
2010-01-08,1.1901379663926301,-0.605052537907474,2.4709589010545985,1.3025873989552432,-1.4007017427371906,-0.753253987926878,-1.1252811926717021,1.1627130739307148,-0.10596443504314987,2.831878530325373,2.321991304781627,1.4302523542762613,0.519955823307109,1.6980629241741008,0.7496860511748406,0.5284313633028577,-1.4286847877461941,-0.7119533263337274
2010-01-15,1.1488240409565484,-0.71689031474517,2.2923483047369366,1.3497211124583315,-1.3803233785131546,-0.7600505328083199,-1.3952609842508858,1.1685834560939066,-0.17063479492410535,2.6849421796849895,2.208268566720466,1.0610866988362493,0.06637516663016314,1.4793634163289304,0.5037388318191063,0.49856609677563546,-1.4028980749289792,-1.5148828472067943
2010-01-22,1.1098921913926942,-0.7755859592052577,2.1415364716443386,1.4512498792441944,-0.28050941637500487,-0.489213416764781,-1.4750931093244928,1.1935225237520468,-0.2504117650733663,2.5562495254419266,2.1112597456965316,0.7960629854075278,0.05030157462465281,1.3387397726393404,0.23611359555200676,0.46833854522624063,-1.3779834872763472,-1.6558087388785483
2010-01-29,1.073202246800907,-1.197115683691892,2.0116637445611105,0.8180624214332042,-0.5680714887101281,-0.15739350754026898,-1.455374795767981,1.2526719739398606,-0.5231406392376373,2.4422174164844015,1.7687851140806197,0.7953441210418917,-0.2987351977483931,1.390632452613099,-0.3263295768851728,0.4375626187165273,-1.4467482207546376,-2.758113916764563
2010-02-05,1.2630758012759726,-0.808497710488966,1.7014577472624337,0.5371508428682331,-0.35687498326358963,0.12703822761657613,-1.3085199739014863,0.9648426510577555,-0.7365506425366279,2.999332159609346,2.218513112815524,0.6405862301679165,-0.17104927823568897,1.368239904221429,-0.0753633881894143,-0.10602058860452229,-1.9945651760449026,-3.1989954181635762
2010-02-12,1.2198149513456669,-0.8623387920701936,1.6254602381509835,0.5132286947075873,-0.7489311612141658,0.12769324496171858,-0.6521995576890616,0.969782546122808,-0.7357622134342996,2.7361425209406423,2.128114348461455,0.9246038005834274,0.2512223224401472,1.422552804281367,0.01279510399452061,-0.1565580033394264,-1.9119262653924032,-2.8373829649382487
2010-02-19,1.1794083826827977,-0.9221118809420017,1.55614744387993,0.4921730842790536,-1.0897276296270362,0.2547928149834207,-0.3676716833697436,0.9942026759227249,-0.7349746665133913,2.524849621154198,2.0520471643071816,1.1852209926651374,0.8645870858895939,1.3244994125077918,0.2342175172636992,-0.21434257055069084,-1.83659261748178,-1.958376259520299
2010-02-26,1.1417077956848443,-0.5467915487119117,1.4925682796926651,0.2078100641283867,-1.1485937531621897,0.22971361350629743,-0.5190858400634961,1.057860523915941,-0.7061131507863315,2.3499374469361065,1.2216094311572783,0.591815512416154,-0.31554164036270377,1.1769394162325821,-0.34975849258694763,-0.2823708638236909,-1.8737409301785437,-2.132060853375965
2010-03-05,0.9278347895175076,-0.9406547708550179,1.9511338800135907,1.0379178550939618,-1.4796714199260765,0.32054981035371927,-0.4891329266111396,-1.0951943921310874,-1.6677149791071273,2.4312475319381575,1.4017364489610462,0.8345528138441779,-0.28356098061633755,1.0761011602362665,-0.7687259723928677,-0.7799232852698469,-2.10233299813054,-0.817187666699932
2010-03-12,0.8967758941038525,-0.9681646927847827,1.8674628661982018,1.0108829832254462,-1.4368480498802574,0.18616222687443965,-0.606565920092096,-1.210496832428913,-1.618078272540132,2.2620771512259013,1.3533103459807538,0.8764144415258349,-0.20203895946372452,0.9039459490598154,-0.943416433167156,-0.9227097446782648,-1.998347711107725,-1.0989470225317086
2010-03-19,0.8672625427822376,-0.9969899732954806,1.7935674789707565,0.9870925514456216,-1.5735404251612826,0.5277874898569711,-0.3654454379191144,-1.3542762592702282,-1.5754772283451928,2.1182792504802856,1.3086997982143158,0.8365919050909787,-0.9382458418005518,0.658323394533574,-1.5128219990845737,-1.1257895129572495,-1.905353649716158,-1.3720012916087352
2010-03-26,0.8393649975898796,-1.2227476465333216,1.728238254974626,-0.6517300014295736,-1.430502854772914,0.925058199779673,0.2134389837509652,-1.5421900538865918,-1.8732036400257202,1.9937963203760403,0.4635962161947118,1.4683639874902656,-0.5633878221086067,1.2384606576722181,-0.44595320073968836,-1.4593356599263292,-1.3010146068992077,-1.3849314306462894
2010-04-02,1.237743000253189,-0.40856002930718793,1.8986264926330514,-0.2203865861231433,-1.484144658069189,0.6367111921329124,0.5497376020411273,0.7285140022166025,-1.0074202494316558,1.974717821680633,0.5434172935545841,1.8553008609606232,-0.21710024179284976,1.3651349772598318,-0.9603392539700853,-3.7810432860370136,-2.487514592624205,-1.1824453605949536
2010-04-09,1.210593620907903,-0.4123506821903548,1.8200982990235641,-0.27582386020089567,-1.7106426354581186,0.8380062369112974,-0.09874879421069487,0.697867481485971,-1.000004241622629,1.8648881427565094,0.5144014332858368,1.5773068648356856,-0.0032138358497458288,1.2183501244718302,-0.8049040909941337,-3.319058281503911,-2.331071798647615,-0.7798873333928092
2010-04-16,1.1885750734775478,-0.4161583003489766,1.7505577795414955,-0.3399212788786007,-1.2264936637849062,0.8309547029540282,-0.5791214158019342,0.6676369467784907,-1.003436539811628,1.7671876047783457,0.48522082600346256,1.0756789818892287,-0.07829756610964769,1.1759527264732808,-0.7072282691442765,-2.982860890895073,-2.1982848507545274,-0.29201214538132714
2010-04-23,1.1727876720349155,-0.41998313038184554,1.6889893877895172,-0.4163013447013098,-1.576559305033081,1.1502257601745245,-0.5218173193819231,0.6377273920614339,-1.0248153968854625,1.6793499996559298,0.45574672424504575,1.2991505716392908,0.030571327326217878,0.7971870295866469,-1.0950206879435027,-2.7232720109845765,-2.083933883056563,0.41827300499511055
2010-04-30,1.0295007391251274,-1.100642556164032,1.6206852303190156,0.06606426301190862,-0.36756871699521126,1.485871739154715,-1.3689253470802452,0.6136622074553413,-0.7075036507589824,1.599668105311857,-0.18270798953074704,0.5287170223039419,-0.27282900379966,0.6521204074954572,-1.1757876580884092,-2.781742349857389,-1.778967734461715,1.1294220362667071
2010-05-07,1.005060079387045,-1.0692613962986357,1.644875681118696,0.268904656750819,3.55792359588005,2.6121859762111193,-1.2668345250258861,1.0427578267758042,-0.4402666867093418,1.6767646079472573,0.007044813746414974,-0.7215107528495965,-1.1737169672428829,0.019030904221521056,-1.6193921632251138,-2.5574377514954927,-1.7106394075107365,-0.07088894284466288
2010-05-14,0.9844801505679489,-1.0390711115701268,1.5829666014944292,0.24623542891724032,1.569797608824645,3.131318813912897,-1.4032605068840758,1.004237064495595,-0.41303204076234606,1.597470577878562,-0.02010716818853043,-0.8436890972408394,-1.3885826654632336,0.16629638757163262,-1.3635349191064319,-2.3733541158521714,-1.6497449242188444,-0.7011948639132851
2010-05-21,0.9687923633381837,-1.0099763293611523,1.5269545211318418,0.22327214034455878,3.1615310031431507,2.5864080019360167,-1.0213515857573583,0.9671974406948346,-0.3882073807182843,1.5249377549535406,-0.048387010082317314,-2.0472746693014274,-1.507258255193608,-1.175969553329253,-1.961709560475049,-2.2183741998352877,-1.5956162778567275,-1.4046106569696166
2010-05-28,0.9597766919576782,-0.6315150692669037,1.4763238383949562,-1.0875272051996543,1.556944065536574,2.765589119066973,-1.0304770009714992,0.9314849336236402,1.7694058801505501,1.4581300398289314,-0.3497692373810472,-1.4301132276817394,-1.3720434545612477,-0.46791209595627686,-1.4190767958173598,-2.0852621590234914,-1.287997651453933,-1.3668037173151955
2010-06-04,0.9859594891332151,-0.5596706843930442,1.1276663282189565,-1.7553173780413958,2.1178204579086652,3.0546134257348414,-1.2783658068144084,-0.46402684294434865,0.7993557536855989,1.443905411930408,-0.29989185525997647,-1.8967446862015949,-1.6756479915143347,-0.91000219713118,-1.489356568863365,-2.032974043048302,-1.3094229207769967,-1.6702556844062795
2010-06-11,0.9774081660558084,-0.54040864878445,1.0850303109981716,-1.684160992488503,0.8692832584539213,2.577371816152043,-1.1001360270744385,-0.48040034029449535,0.8557589445244976,1.383633557999667,-0.3286587336830016,-1.6188297035639598,-1.5498149308868097,-0.8417978589472249,-1.2013695574400893,-1.9260761957210504,-1.2756183478970973,-1.2335740492911196
2010-06-18,0.9790455730804488,-0.5213745913371826,1.0442865135890467,-1.6201134587825594,-0.015147329401212073,1.899324759918376,-1.2688393336953128,-0.4972026012221099,0.9187745609746697,1.3274130312181547,-0.35896745525063395,-1.5482363866388702,-1.9917153173267075,-0.7704274692279567,-1.7072243254169086,-1.830796457989626,-1.2463484481240137,-0.7699275661416544
2010-06-25,0.9974640843733551,-1.2537952645474577,1.005231640422803,-2.1075490529139764,0.8258286397798125,1.697838336661623,-1.4299492535929796,-0.514461981458344,-1.0172782576489976,1.2747238746047655,-0.5138696258871667,-2.018089843069157,-2.477280330693192,-0.9746870673447435,-1.8778746402662156,-1.7450315279781816,0.09438770579034847,-1.242603810714501
2010-07-02,0.4312744542162572,-1.6671266869338386,1.1074015231213077,-1.6911526325761894,1.1054166516497514,1.3847761098158449,-1.0886454851238374,-1.8837205221108968,-2.0188487120902283,1.1170861150504683,-0.7289977561869888,-2.3942519809975704,-2.4693292556102953,-1.5638643737047133,-2.0835315017715255,-2.3233155131562575,-0.6918236393906911,-2.143732413095265
2010-07-09,0.4004341884073137,-1.59939317411881,1.0713269457049859,-1.6118181646554963,0.17364982935678377,1.2062836587905963,-1.107513235574991,-1.824376276476535,-1.9046217795373033,1.075576789069369,-0.7513003629040319,-1.9961232883040527,-1.8643240238343235,-1.1322625953244179,-1.6774816097506187,-2.1672340683418163,-0.6636627466952203,-1.5919184141135372
2010-07-16,0.3689986517381551,-1.5377582310599491,1.0374559756502917,-1.5392856487075233,0.40211495130577546,0.7638881988390991,-1.1302819935575579,-1.7690273024012886,-1.8034002036791832,1.0359208659877404,-0.7744749598308475,-2.2936433558088334,-2.1831453069209807,-1.621507308164707,-1.7337377948599721,-2.033326942224964,-0.6359081757294794,-1.8277040341288826
2010-07-23,0.3371600561193011,-1.3050852538071003,1.0057829528762938,-1.490301135840932,-0.11487263966249882,0.7316622006519693,-1.156814907959267,-1.717215496075116,-1.7230410187497283,0.9979333136754955,-0.79155025435456,-1.9294956843204742,-1.5602130166557313,-1.1488765282393245,-1.2976878939253427,-1.9165142624932985,-0.3764108602315518,-1.4204692438981603
2010-07-30,0.3021382865516697,-1.264390039620272,0.9763795378315163,-1.6266257727089495,-0.10077798810780726,0.4516504629932032,-1.6642235284123652,-1.6685532390309747,-1.942015891091708,0.9614540430165938,-1.0632220621469943,-2.105907143583609,-1.0924032388213636,-1.3312007789059943,-0.9588305059507182,-1.8135075585905562,-0.3514448936512701,-0.8079242927273131
2010-08-06,0.2647312235593717,-1.2271831435733587,1.1407893694041227,-1.1893244705866375,-0.41618913316097683,0.12147973963935209,-2.1914604589333746,-2.1861002457996688,-2.2523835900169535,0.6640514365615658,-1.5234923045555364,-2.2657726871175603,-1.2537738653371557,-1.4584068692419092,-1.1740161937009472,-1.8388559120809902,-0.501342569843318,-0.6068115080896318
2010-08-13,0.22393488568720263,-1.193480652635086,1.1006515553942817,-1.1434292605400913,0.4104928407529118,0.8195601137536563,-2.356552145182317,-2.0767558121955063,-2.112274328383038,0.6341323360893047,-1.5162861924790811,-2.6639941194315866,-1.0493205324193389,-2.561433724231148,-1.1802936873097718,-1.7442962553968289,-0.4741855420565999,-0.11656261308308954
2010-08-20,0.1780668168284853,-1.163440878986588,1.0625975883803833,-1.0997564437426885,0.2698433467448219,0.820582810032565,-1.968999749234073,-1.9793267477939047,-1.9906410774491758,0.604420464283666,-1.5091504245810627,-2.6158974287444736,-1.4451215672177375,-2.449603998655026,-1.627937634214729,-1.6590588691808577,-0.4469207834408223,-0.550597692204919
2010-08-27,0.12393507826331335,-1.1760455906467144,1.0264894946887722,-0.4866647193186746,0.07851055535242413,0.7539005143084266,-1.913271510876087,-1.891685826836796,-1.1245014693154052,0.5748120159098549,-1.572828495139193,-2.308097360940801,-1.0295132994635263,-2.4325857459658398,-1.4082707460113744,-1.5815536843800828,-0.35008402672031,0.42143726723238994
2010-09-03,1.0992217931498514,-0.7194517305575064,0.9962287237687771,-0.5049189803598301,-0.48764632816344394,0.775846932293359,-1.5690590218579765,-1.5219643068626851,-0.8664069314769369,0.45382383028245243,-1.677362226461056,-2.000812232340549,-0.9623727799353685,-1.840524504602838,-1.0070909820606413,-1.3177393404492668,0.008755752878911303,0.36487340865906376
2010-09-10,1.0660781420024132,-0.7053245565696448,0.9684079576061094,-0.5237250703519611,-0.35392726060170404,0.6347826252500254,-1.9483518260371275,-1.4639330405523863,-0.8360539189617788,0.42331376756227274,-1.6404827974984797,-1.6634967207871465,-0.7267680930631867,-1.6383689661008836,-0.9058988663888705,-1.2649895221615506,0.04256870545810052,-0.027545698411676044
2010-09-17,1.0354789389958154,-0.6988729680985697,0.9433048553773027,-0.5431239188123825,-0.3430636420232949,0.24244535033989273,-1.9874625026554693,-1.4098079995079222,-0.806536998842556,0.39205164357176037,-1.605275587746956,-1.7399043326240649,-0.5502312282521736,-1.40771628831423,-0.6042553535308703,-1.2152860506228393,0.07861911290851256,0.1505819308272513
2010-09-24,1.0075856776284742,0.006326738030933643,0.921403383683325,-0.8277747162500025,-0.3843588336523107,-0.3518028065735848,-2.8422325593412356,-1.3591101019728795,0.010369640838616521,0.3597680186668944,-1.386839755303414,-1.9781113098382006,-0.5641576936586279,-1.8129975656991122,-0.6011850400386259,-1.1682639547893061,1.0556666257059315,1.402579541992307
2010-10-01,-0.203534629967108,-0.5915129162015907,1.4121360488605041,0.00945051263002663,-0.21858069098305863,-0.7385297374920807,-2.8729753265577274,-0.1653761222672035,0.9448301851451983,0.3271195365116378,-1.351792935968715,-2.06393475390787,-0.9275799839730329,-1.9592838369479968,-1.049793063704545,-1.2212808727734852,0.9001480133758079,1.4471543121852624
2010-10-08,-0.23498916830136432,-0.5703427780957168,1.3842218262385002,0.011341891569000883,-0.5407049257308713,-0.973151284518473,-3.740144200270613,-0.15991766237955343,0.9357714704978691,0.2929391811567488,-1.3183062433246027,-2.2274555530182294,-0.9574962755822085,-2.104432824802949,-0.9228764073090452,-1.1756144481968414,0.9255497939761538,2.1580130956244132
2010-10-15,-0.26834958376198254,-0.5532950764312172,1.3633540629066225,0.013233743780660013,-0.838641553684676,-1.0744051480601398,-3.1085221629972146,-0.15446503330476338,0.9268276573261741,0.2567094166396331,-1.2862516133600133,-1.7066754403497715,-0.6376093685637106,-1.38320752466938,-0.5664031197753278,-1.1323607831003346,0.9520726006094081,1.8984746105212804
2010-10-22,-0.30394061782677856,-0.5238176530001614,1.3510754262446973,0.01512608980829564,-0.8663670662444778,-0.9724418115986053,-2.8121612995340235,-0.14901774832917078,0.9179957037901775,0.2176832848121311,-1.2555151457412053,-1.6248123029965595,-0.41511164856524735,-1.2628682350351503,-0.352111414088919,-1.0912785043344877,0.970654382683755,1.41947724726471
2010-10-29,-0.3421670368993769,-0.4941453930145273,1.3500700555194456,-0.39659604106869073,-0.39663663133623833,-1.045036033313175,-2.57160816487913,-0.14357532236926673,1.28559687003991,0.1747146361085811,-0.8334876155312096,-1.468506054249586,-0.11938756063435758,-1.0299332513282726,-0.03498257670031647,-1.0521645353173315,1.1993681631589064,1.3401960254472212
2010-11-05,0.7375600092491698,0.2573641173419205,1.716591140324318,0.14618769263330977,-0.9141423424148426,-1.2743817191819875,-2.433247879338188,0.3719351106681452,1.6360996211337766,0.333472705278786,-0.6420175927976527,-1.5086272468677657,0.22169771431552981,-1.3376196570561345,0.4937744390231729,-0.9911037032653495,1.260843205122632,2.4327101057334275
2010-11-12,0.7107733306702992,0.33198200587193477,1.6781366710101573,0.14234136402842926,-0.4704001905270941,-0.8421409427886583,-1.5905750777672247,0.37845614607699496,1.5960403933407175,0.2966443724039261,-0.6288842356339877,-1.076338639601113,0.8246122359982104,-1.0978528703134396,0.7405128403187478,-0.9565972701821609,1.2764188537691687,2.1000426130442187
2010-11-19,0.6845154224665967,0.42555652720225023,1.6491794735986898,0.13849838089668592,-0.9207588725881818,-0.7435407504883562,-1.343910493916187,0.38502885539223775,1.5579529256782583,0.25644429899821153,-0.6159293917506508,-0.792525987445229,1.0050029104950347,-0.642021416657562,1.2824203296581698,-0.9235971450764194,1.2923663629034317,1.621655492428953
2010-11-26,0.6587318498904982,-0.5580462071079583,1.6310961364997085,0.14345589759415733,-0.14971409359145804,-0.19389211869211812,-1.3581394258925819,0.39165456911603375,1.3178389996111435,0.2108702122722074,-0.4823431642461753,-0.7950451182349707,0.8025405748306033,-0.6267130602518228,0.8692170743874326,-0.892049128985342,0.9267561899373449,1.1831163877537965
2010-12-03,0.5506500572253605,-0.6040709636336778,2.3764217299440626,1.1224286733040671,-0.9003449570455987,-0.5502036283283623,-0.9779079739128611,0.6776944229648157,1.476791820385175,0.16652193901548126,-0.4596494518026846,-0.4351853457561834,0.9726919784984692,0.08777467261730774,1.4376929547911246,-0.859142953349595,0.9646238993394434,2.0100298492882547
2010-12-10,0.5212675778769804,-0.5864448442260944,2.30458911283349,1.1071117415636722,-0.9510136278051617,-0.34840105282213546,-0.030645878737463984,0.6776944229648197,1.433614436211782,0.11549223935210234,-0.43704094368936325,0.19476601629551563,1.7796143584436315,0.6430637859259783,1.7863130635991837,-0.8316556253930919,0.9974011103925965,1.531515977477356
2010-12-17,0.4917304049355933,-0.5690676260075146,2.25210916074512,1.0921184538353976,-1.1852466268784914,-0.2654262301516467,-0.3589595363380863,0.6776944229648157,1.3927333744189139,0.6730950279028899,-0.13983855603228834,0.2262414969578977,2.0290177560309806,0.8020541825198664,2.2521529467246295,-0.8059866901948004,1.0320758913156707,1.3057231160844684
2010-12-24,0.46192392940645327,0.4916107992729425,2.219848871638084,0.26215297938717735,-1.101642445743432,-0.24103780987596118,-0.2423937098786513,0.6776944229648157,0.5725008340871931,0.7029022565038741,-0.12513007606266272,0.4217308467363358,2.3325208130914024,0.8927038213703972,2.441238600381225,-0.7824619813797482,1.251592481988151,1.0627362731890329
2010-12-31,0.33725777801835843,0.4241704349631924,2.090739709923666,0.3080993429788497,-0.8573879155551879,-0.7714040043589806,-0.46977349086606807,0.7049873670911054,0.5821475888224015,0.6790764257872499,-0.0936404267576964,0.20820726467017037,2.2777986944134887,0.6964646583710911,2.3524604399809013,-0.7313006613055868,1.2632425366865827,1.1134400311066706
2011-01-07,0.30580372610844664,0.4200229405676226,3.030480762759521,1.856622596425558,-0.9577739607627073,-0.09603762983658806,-0.5093457061407832,-0.021759778344473183,0.0929430727171193,0.6575076656928399,-0.06049910823371109,0.3241704434392361,1.9063452284563127,0.9157812694560086,1.9349528350977154,-0.7043188620754355,1.2376557503452272,0.40121675019493935
2011-01-14,0.27308234664125397,0.4158914157985681,2.76146548949002,1.8851442842592865,-1.2316266714134572,-0.7864878850870202,-0.4254246727041741,0.009396715998754445,0.11055185489573652,0.6392531510850104,-0.025340572790338297,0.3663572694122755,1.8479453171150844,1.004365535535319,1.8868385067101783,-0.6785747730052998,1.2129325815608192,0.9091065708607005
2011-01-21,0.23872540133958092,0.4117756017782324,2.54701865268443,1.9147261171949645,-0.6840207071867791,-1.13258123340696,0.2231767285527678,0.04226550731327308,0.1285274542037827,0.44523742461281374,-0.04476121477461942,0.5845248360689882,1.870535217588376,1.2007972841968666,1.8277140758152417,-0.6543540837619998,1.1890178273310275,0.3372318500811776
2011-01-28,0.20223748065413405,-0.47779151035219547,2.370609055708451,1.3233922030287626,-0.39720130457731995,-1.1427423525827687,-0.1177885184405803,0.07718586563050998,-0.21551895135508753,0.4223724633982819,-0.21744098574417006,0.4153331270449118,1.7313265787291008,1.2391362498158094,2.0443881420619245,-0.6321854510216929,1.1165352312043557,-0.17656560946470726
2011-02-04,1.799609213171238,0.4690313767478717,3.07364462680421,2.693271882403321,-1.0664958772067221,-1.1446929588071946,0.5608372118229498,-0.5416895518892527,-0.5972711521251036,0.39548412734152094,-0.17592077229876177,1.1519537775150628,1.913273585796411,1.578885737058846,2.063751697083591,-0.6721381519852447,1.0032711053610552,0.3327582971520947
2011-02-11,1.7109053339706908,0.4675681518321856,2.810821738558855,2.4910381351026665,-1.0722726538930196,-0.9734685062034041,0.7649774903907813,-0.5131917917475284,-0.5776316424658219,0.3682888596353807,-0.12941860514669534,1.0640434093065643,1.5604686533889718,1.1114862838041364,1.332399553460104,-0.6488957731733918,0.971579479544305,0.4484570168217718
2011-02-18,1.6305458772395591,0.46610729592595945,2.6012240066518766,2.3226401647033854,-0.9280235908306872,-1.2193473079093946,0.43117063683558204,-0.4845857471715182,-0.5582612605193883,1.0938096655460439,0.18823361314459025,0.9659291970763899,1.4687984542175316,1.1954641030942113,1.3703769031286963,-0.6281419482726895,0.9410012707472165,0.8417731907087344
2011-02-25,1.5571667947466334,0.5555453947816207,2.429080367267026,1.403645360493967,-0.4567508704812763,-1.30993494467988,-0.3008758365207414,-0.4557602319068795,-0.7329121424504961,1.0553019917849602,0.23317221202226868,0.579090541546823,0.8360530495318043,0.7671509583239251,0.5013574035836696,-0.6112732871738363,0.9033004107555649,0.36196025178098035
2011-03-04,1.785440859004946,0.7426451915877723,2.9918524465599567,2.638151417223039,-0.4906478639233583,-1.5491064410753577,-0.34155064095075854,-0.946057494677455,-1.0145525360374974,1.0198486012263623,0.29873803725511056,0.7606256200126693,0.4246568044025942,1.2066222600852738,0.4069252956292897,-0.9999107983221938,0.5230934634499242,0.816725127130115
2011-03-11,1.7189050964839379,0.7371964258877254,2.720267798395086,2.4658640060389403,-0.32779700061987666,-1.377475672131134,-0.45030415157324916,-0.9513187859568059,-1.017732200974013,1.6027353029932208,0.14917902961266,0.5675290376563913,0.24178737798805436,1.001822719269255,0.13581209395271834,-1.01487935366591,0.4996846132028397,0.4523460462489558
2011-03-18,1.6599390499746391,0.7317874649823516,2.5038459745145105,2.319096666600814,0.3901953505303063,-1.650039547290584,-0.79459440236003,-0.9566229382700306,-1.0209272962918712,1.5307868040051682,0.23001242100611174,0.3015099977975905,-0.13093254810855845,0.64031623406585,-0.19762698023666778,-1.0577152183118095,0.47641642778523885,0.30852463309178046
2011-03-25,1.6079593187961363,0.7749968243082527,2.325686378966051,2.1641157697468167,-0.7254100843037314,-1.427225284842814,-0.1707442393721388,-0.9619706584135951,-1.0507827347305236,1.46450956258556,0.26236008953928774,0.7813618151567084,0.40405438158321366,0.6592555232555904,-0.04037763053921896,-1.163016297194639,0.42925360558759923,0.20012021846133748
2011-04-01,1.3871950874203225,0.6919386430981428,2.8287923027230786,2.2937760409445067,-0.8121340360149217,-1.4868144606712062,-0.4272551819420188,-0.09946547248454705,-0.04229891892394642,1.4106158444989323,0.30502603533634515,0.834832382067704,0.3299461770821747,0.6431669758320044,-0.21678906829674743,0.45153771530185094,1.2695043651350837,0.6397765763901103
2011-04-08,1.371466578095234,0.7395466068455839,2.587192009521889,2.1425769202990743,-0.7412826574756969,-1.6405880411387872,-0.35782328539102676,-0.07722793675855823,-0.05023046553004352,1.3601249115574368,0.3519085980958894,1.2200126345346851,0.5516524079963996,1.0679165133343553,0.023639756109998383,0.5092511362816281,1.2374054423992464,1.1655068222189946
2011-04-15,1.3560746756458977,0.7918705487658669,2.3912491740364428,2.0123985622278906,-1.1583270213815011,-1.6336511831240244,-0.8355560688232797,-0.05448314455608498,-0.05819703827122259,1.404695638116915,0.580249503549671,0.8303983829129201,0.0928716438067266,0.9158459941994047,-0.23917647812083204,0.5752676779126875,1.2097109211242598,1.4646131990159457
2011-04-22,1.3410061841045613,0.8499249809874554,2.227753146309572,1.8985135336833308,-1.25052162671256,-1.7782812581044625,-0.7657759664949989,-0.03116247343204174,-0.06620045176333314,1.353547337731667,0.6432815773679594,0.8517555816282653,0.22922422648579419,0.9997649223022576,-0.20860773357148804,0.6524380850198873,1.1870129104089915,1.7670496552931407
2011-04-29,1.3012767322299785,-0.22939957397631475,2.0883006153149135,0.9760941133278908,-1.1993940436567105,-1.9584762778576783,-1.0528230777744652,-0.007188220051419812,0.33386116564983254,1.3054646781284955,0.646821059833176,0.6024061891012543,-0.5378850253177363,0.8753260109952606,-0.5610922904375354,0.706387712234942,1.243677405033738,1.4445483284697482
2011-05-06,1.0789421362927398,-0.36086351452171495,2.1033000149446823,1.2183031097356636,-0.5774695712912312,-1.3800159596569308,-1.1714759835844042,-0.3505353404206205,0.12833663031366851,1.2841344824586949,0.6692172420536316,0.24266813936081486,-0.6955287839889035,0.49741773318549887,-0.47578340260787966,0.40140362256505047,1.0385333460305952,-0.42948761021005094
2011-05-13,1.0533495686529484,-0.34692406918929786,1.9799144077778463,1.1776784801363944,-0.7940451682304286,-1.0942156401366916,-0.8097685380825275,-0.31915167154087687,0.12753849752800428,0.8191275668051284,-0.07283926506103193,0.2300899728933727,-0.6178672719867107,0.4594615192126636,-0.5641411200166417,0.46223977831269225,1.0180393849296214,-0.7645993207058093
2011-05-20,1.0285871970926714,-0.33304600848276056,1.871456817011322,1.1389939648669676,-0.7390905516381325,-1.1454174989707706,-0.5328934083583001,-0.28654632846329964,0.12674057923312604,0.8191275668051292,-0.04486136235246895,0.14460348805389686,-0.36405048873979734,0.40406655934312014,-0.2825793452435666,0.5328386657981489,1.0027123881209907,-1.1130359840395445
2011-05-27,1.0045993485886928,-0.5225211857604636,1.7749494662437146,0.19232153814176467,-1.0416494098167948,-1.245556569128815,-0.7537413256221501,-0.25235742357193275,0.44803383260338747,0.8191275668051292,-0.02964619161554077,-0.07797530929608387,-0.6410039475879434,0.3584909674147185,-0.6462270487778856,0.6170428687646101,1.442973553004814,-1.0171969419636557
2011-06-03,-3.364171362390081,-3.7285273755724795,1.6653908635953425,0.11495105895452,-0.5807681298716105,-1.5665700310908075,-0.8895730604652656,-0.9869595160067152,0.08796305024788867,0.828778860767087,-0.4078995457962759,-0.3028018415337332,-0.6276073274519512,0.26709438768074356,-0.5610768937528139,0.7313326348216339,1.4350063153275847,-0.9899397470357078
2011-06-10,-2.9937653080032147,-3.2943620075818028,1.5910436862558195,0.0920564360068694,-0.3076151844059501,-1.2551713681656418,-0.6869333375499769,-0.9510375809715731,0.10605329183320657,0.8385785626575035,-0.3839333326113949,-0.28887791557718556,-0.4115854950164452,0.3015372146469827,-0.26426079824060317,0.8419525776907686,1.4253180238835157,-1.0058411995305045
2011-06-17,-2.7136184493289086,-2.9755960777091515,1.5229951070985703,0.06862073982558965,0.5343160438213161,-1.1677213898526304,-0.8286135271971922,-0.9163671936530666,0.12453541546067642,0.8485314834822419,-0.3598513274428977,-0.4200416313995697,-0.847958417769753,0.21275771033019075,-0.3400683539397245,0.9859116074176372,1.4287995722631621,-1.3786266427638099
2011-06-24,-2.491418963535993,-2.6193347287133695,1.4603484243840275,-1.0669578146336678,0.38697658878690133,-0.9234371734677991,-1.264392906402672,-0.8828217806877628,-0.39164420260183896,0.8586426527529346,-0.3401345441757161,-0.58231089144072,-0.9810548072744405,0.08221818425226059,-0.4210387465803234,1.1880366445408468,0.053938412243399535,-1.6000669318560445
2011-07-01,-0.5829216511352739,-1.140489708819974,1.487933438370554,-0.8847383487819951,-1.1755373425795914,-1.337108440939865,-0.6605873129921094,-1.7465406777191173,-0.8739594293308959,0.8472279164027522,-0.32808548198320975,0.4091414534175593,-0.6151526671976194,0.8472687646649095,-0.16969763820835676,3.4071586803868894,1.0333559434751203,-2.0890193625800677
2011-07-08,-0.5864309431037525,-1.1382713372933113,1.427668257754415,-0.9054801811477997,-1.1147951642786829,-1.021131018325979,-0.9849653262407312,-1.6882025331549806,-0.8817481472589271,0.8359858509170929,-0.38364322865156897,-0.1492120588944313,-0.6934778679958757,0.4556938198444718,-0.3495387411263297,3.0246379811323814,1.00760784925125,-1.543074188254709
2011-07-15,-0.5899573287180487,-1.1360602145446015,1.3717585388454148,-0.9269537950392461,0.10968529854265853,-1.0038497027282212,-1.3038162402469113,-1.6338124445727826,-0.8896323670635138,1.0948010123519845,-0.16737156516670385,-0.4134149982275203,-0.8823371910560054,0.1886083840385744,-0.6278274655690568,2.737065553634161,0.9853935935262904,-1.604726179894939
2011-07-22,-0.5935010191499832,-1.1201550387596815,1.3196816504826934,-0.9492119185190114,-0.5575095062345632,-1.2978225989208756,-1.26025222435543,-1.5829083238226527,-0.897614512509669,1.0720549799964736,-0.15818944346751793,-0.2641687700168535,-0.6027715651523711,0.2590540854433471,-0.4807941389081636,2.5099265490910097,0.955194189485412,-1.6361496464347047
2011-07-29,-0.5970622289559334,-1.0085049303708515,1.2710122695467976,-1.27226044172032,2.113700588133129,-1.3555239603010596,-2.1827521321376975,-1.5351004660157155,-0.7016516811440554,1.04998452251345,-0.1609459555324499,-0.7554924774598617,-0.6923486020449809,-0.29286453964153725,-0.6182640956407054,2.3240714578408914,1.2028790020394602,-0.1812340926099068
2011-08-05,-2.787777228374179,-2.635800157657776,1.048586431645673,-1.679950568640483,3.754132028885189,-1.0568458793968052,-2.278268267419777,-1.6609606862176862,-0.8320951887265193,1.0104318482951824,0.1573370663964781,-1.4211523426719785,-1.158358437191736,-0.9572306642477985,-1.108584091254708,1.8026941205917342,0.9106416461182254,-0.6354723716309886
2011-08-12,-2.5721987579886574,-2.448919790015949,1.0106265725271768,-1.6594043744352243,4.20733575689569,-1.0254049535089762,-3.258359155245927,-1.636576888976802,-0.8768852644701663,1.3217188390001697,0.4109070970540333,-2.2829973730174578,-1.736831054352014,-2.009088432066586,-1.8676155272237693,1.7167362832513398,0.901068436191798,-0.6057842445286951
2011-08-19,-2.3940598636742534,-2.291639551237249,0.9742561306212417,-1.63939437856094,4.560103088046192,-1.2348257928429254,-2.8053138646045577,-1.6129458319702166,-0.9255769485197748,1.270306870018189,0.38190335486786237,-2.5795283314357613,-1.868932446156921,-2.577726804967384,-2.2834747872441237,1.638975901452642,0.901097888609982,-0.6642194551393418
2011-08-26,-2.243319682467585,-0.11974925269570665,0.9393439068302725,-1.544417103410166,2.824715551175388,-1.2826635572573994,-2.1896239416989625,-1.5900265576185835,-0.5079693465805507,1.221938808497981,0.3507003342592266,-2.1586671530465744,-1.4512090203240202,-2.062374803019655,-1.8050440301620552,1.5681295088150236,0.8874146387546065,-0.5792019789004688
2011-09-02,-2.0543590607634745,-0.07444067403614082,0.9720903538777367,-1.3741380781859043,2.3408254353725386,-0.8847504442741224,-2.487587811324045,-1.4159175544506006,-0.42333895903879243,1.1831926927669494,0.31624545067095466,-2.4193266754684597,-1.7246646665512033,-2.556565154975525,-2.227971939732499,0.013128963850940305,-0.6487018425031797,-0.23280350511320386
2011-09-09,-1.935027440466653,-0.07120673372128915,0.9386320114209635,-1.351508179120354,2.8284178004072102,0.22466476749654454,-2.3884875537883965,-1.3878394387348547,-0.43698576770247416,0.9673079417048656,0.11191963879431743,-2.444296942980524,-1.7343562702524038,-2.586185490482407,-2.214673864490419,0.008518070699377638,-0.7437087424813998,-0.31916217009059583
2011-09-16,-1.829713000056447,-0.06797326848747674,0.9066736104088855,-1.3295605555516226,1.569969030496729,-0.013820457619577042,-1.8007871670382154,-1.3607886632339479,-0.4509114153138423,0.9372783990999386,0.06226979298945823,-2.00061039386962,-1.3136246803046627,-2.0038140643169116,-1.6742815736248795,0.003902609523442043,-0.863269308384213,-0.19343481327681586
2011-09-23,-1.735664891339867,-1.2371940532282484,0.8761914086760497,-1.5019680820201178,2.841993789035865,0.8351481606800364,-1.790882871584403,-1.3346966639234206,0.09634930855090046,0.909269529061088,0.01695053528045964,-2.3650147957846084,-2.2226522433790112,-2.748559771740424,-2.7182901003383875,-0.0007177261352954732,-2.631284161232257,-1.657518029594364
2011-09-30,-1.7423463694322385,-1.271038207140901,0.8444543378608413,-1.4565915255992783,2.7889296656521725,0.9493208751303421,-1.5224587207425386,-1.2807825455858042,0.11372099102696714,0.8834879557070318,-0.034236709218569444,-2.096833094671492,-1.695811950887153,-2.4150637418226726,-2.2074162075351267,-0.28092067405901505,-2.6800924692842925,-2.5369929342822366
2011-10-07,-1.6662932486144508,-1.2241485614295824,0.42626036350566576,-2.058323614684681,1.8076983898004269,1.00983758946805,-1.5083030448442756,-1.0358899271649882,0.2813634894990939,0.8603018131997434,-0.42713792679958146,-1.6983012423219865,-1.218602597555172,-1.9635064320513882,-1.6842632811995932,-0.29180860921466945,-2.479559445434813,-2.4226392209491694
2011-10-14,-1.596631146133917,-1.1797575892830505,0.3956345687385427,-1.954411461761729,0.7770980568412884,0.00222521704070341,-1.1546687766806327,-0.997345406018302,0.2977363853600277,-0.0505521366418448,-1.47672554896636,-1.3550597435691414,-1.0170620851102317,-1.4034114088436376,-1.2705455232995466,-0.30284205554709687,-2.312414112652585,-1.9443376525669993
2011-10-21,-1.53242551507297,-1.1375929179890378,0.364150934664324,-1.8615274292809083,1.1214938639924585,-0.1413352187917662,-1.2605575565468004,-0.960260573558926,0.31449297429949935,-0.10596627920295168,-1.6601844429599941,-1.380239572763637,-0.7731857361128869,-1.5024042196409912,-1.0570318083260282,-0.3140277313242565,-2.1700033569356534,-2.122267538646556
2011-10-28,-1.4729217526870746,0.325461075467451,0.3315243646479095,-1.469561975504599,0.26964985612411285,-0.7023322612577166,-1.3321464075958898,-0.9244814617604138,0.4485463867796846,-0.17145309532222838,-1.6508177195170324,-1.1492254722699085,-0.1935237481655071,-1.1109339754515741,-0.38453756457955657,-0.3253727145021029,-1.7302203283955193,-1.1170191464183927
2011-11-04,-1.771937811975135,-0.05210362374915072,0.3508011872525416,-1.3513287318368359,0.9347413537734718,0.1692271392649794,-1.9022266508983305,-1.4068464162144774,0.06594625271794673,-0.2201217357093734,-2.0698871034094273,-1.6231776135220217,-0.09166290351030594,-1.6690601337380568,-0.28161617289267915,2.0338754511433,0.3187076511894167,-1.2444617461731329
2011-11-11,-1.6836543480527277,-0.03398722208296067,0.3175191975392451,-1.3084995034605176,0.8910496021792066,0.19513454425806306,-1.7582419589245943,-1.3562199915095146,0.1116182660861762,-2.313962636359518,-3.451664118003084,-1.5949630739973222,0.16226502970624435,-1.708909241407886,0.024249566428893046,1.9179545150292707,0.3192679086922144,-1.377046769501202
2011-11-18,-1.6035916373957166,-0.015581390528635336,0.28249926075950765,-1.2679024877214975,1.0890906424885898,0.7238833617081439,-1.4690833811873825,-1.3093470385654837,0.1628015168371123,-2.313962636359518,-3.0687258207807253,-1.5789163272769933,-0.07387824470465712,-1.8273242739955966,-0.4127075423428914,1.815394328470424,0.31982844596493315,-1.655301788364647
2011-11-25,-1.5304034070655255,-0.049126081340065374,0.245127484621723,-1.3373512402964969,1.3366926715721128,1.5196090393853436,-1.4088611806665998,-1.2659400585635623,0.08550382813976748,-2.313962636359518,-2.7713914187400923,-1.5788176433882197,0.14901345814184092,-1.8108496055986998,-0.07774333263476871,1.7236212880436403,1.5555302569298628,-1.979189198981317
2011-12-02,-1.3631084318438624,0.07647079376992898,-0.13176397002499537,-1.6208703330665177,0.48592625904817516,1.0551278342152177,-1.4611580908480304,-2.1338582677159517,-0.80286261648142,-2.313962636359518,-2.384990645563236,-1.3834372627406937,0.43622748770128933,-1.470123509047133,0.32947673717228537,1.258309660229253,1.136004921679672,-1.4393775246028362
2011-12-09,-1.307626804256777,0.08042882530880763,-0.18380550176030885,-1.5475925595359759,0.3306882814852063,1.0902325025478505,-1.2928160462484413,-2.0562293528473883,-0.7964332305410914,-4.490151787527056,-3.7086022578480815,-1.2948592970609003,0.24107452653599235,-1.2931642626871642,0.14253216077021433,1.2087645625995835,1.0937148169766837,-1.3709145165738386
2011-12-16,-1.2555292286371822,0.08439375167162623,-0.24358947888415372,-1.4801883092663526,0.06146698654432776,1.9134736963386367,-1.4618292476862305,-1.9916501156603401,-0.8024535817948177,-3.764664969740537,-3.2592718670030174,-1.5682242479186193,0.3207241313708215,-1.7536403029934473,0.31598513011152435,1.1618634789560478,1.0533205123571072,-0.8524097797558521
2011-12-23,-1.2063981107383015,0.18295574149854016,-0.314377886692195,-1.4225531457042169,-0.38152791450100776,1.813481726880574,-1.3807640933676053,-1.9394823305625473,-0.774755021951685,-3.2906275986724203,-2.931557153818496,-1.2395247926111175,0.5164800265946401,-1.3865424710654528,0.5256173860212375,1.1172983651042658,1.2238718504501038,-0.15568655130539172
2011-12-30,-1.1600136721748924,0.199682161152631,-0.4017932215535339,-0.8584587564974986,-0.0700769627029869,1.8511502011548895,-1.3897068186366994,-1.899860313348891,-1.0095529741816802,-2.9484728478942444,-2.6782301977114398,-1.4044160102098033,-0.015614787578035496,-1.5667384975969318,-0.03525090274099969,1.0748104750900342,1.1811567785885335,-0.5626833084541811
2012-01-06,-0.7914559170169462,0.6241254368529501,-0.19729691357353046,-0.6471931264984444,-0.4195203741620845,2.3735340380267376,-1.4187018868714383,-0.9344757200917563,0.17823780452244245,-2.6856479541458578,-2.073243354499492,-1.2106802244577213,-0.11165344556136864,-1.3059054184041157,-0.23620977852186906,1.9117573363976768,1.9113309371612828,-0.6749133303066348
2012-01-13,-0.7621288093025191,0.6350650311447297,-0.26379359836661315,-0.6219833776205048,-0.4017477707244917,2.351607928769385,-1.4246811114386109,-0.9025787965613298,0.19794289287647218,-3.0402703966479874,-2.4503519793064727,-1.2995492608769923,-0.19222698039435263,-1.4249101619184532,-0.28413634732415405,1.8115411471331246,1.8102008559848903,-0.11841104379506708
2012-01-20,-0.7334564141759994,0.6461921894331825,-0.3449609901652732,-0.5971256935576252,-0.7277296076534966,1.7123772231482381,-1.0522155623157678,-0.8721385695230315,0.21820113646322178,-2.7566531040892324,-2.2828039316856317,-1.0074391531016573,-0.05428357926326049,-1.0691037838811057,-0.22299461790288172,1.7217703385381247,1.7195893039301293,-0.5596606505327296
2012-01-27,-0.7053679265127676,1.0456982306772367,-0.44992474472468114,-0.6356702195962649,-0.6915841001613208,1.079857284932689,-1.4270092539737105,-0.8431774023153827,0.9423028703291169,-2.5319461915050154,-2.1340664452938025,-1.1520422879457548,0.32625344247997695,-1.2025870424598144,0.2292075072265626,1.6406100646792554,-0.007914290304193496,-0.0662624365914133
2012-02-03,-0.7745891036278795,0.9251058729709037,-0.1356654506331238,-0.4234583118810759,-0.8738502944743182,1.0827317723058436,-1.4533881143841516,-0.6563394072083677,1.0846415280668513,-2.347702768969169,-1.3236546745520519,-1.0527211520483313,0.5317509625322272,-1.0959256229050776,0.5159122732280879,1.8363813276863592,0.23751795613814164,-0.1214741962041114
2012-02-10,-0.7431401774748486,0.9297410605511612,-0.19846221693597166,-0.39700191378805527,-0.43153136192302577,1.1489054812878106,-1.4900225707759913,-0.6269703899915726,1.0442889503023187,-2.6360669765504077,-1.7275303342137773,-1.0335050366982925,0.6508487299249684,-1.1654519561280183,0.6677664050544742,1.7489510457262296,0.22316496156261967,0.36862510173014756
2012-02-17,-0.7122464879479514,0.9344093909567713,-0.2745872205337133,-0.37028278730155567,-0.8144991354217502,1.2199358608379973,-1.4300969300522732,-0.5978303067764884,1.005602217090004,-2.427969376927113,-1.6481809267140202,-0.9189103767836221,0.9575556590275213,-1.0577558856064284,0.9376820270714712,1.6701206557759412,0.2087924759407321,0.6577358825742075
2012-02-24,-0.6818122820452325,0.818420368929158,-0.3723069968152041,-0.008340826065511273,-0.865974311380923,0.7617715487762478,-1.5181330780073605,-0.5688275277924003,2.133894060859842,-2.2556455624065777,-1.5759350355607964,-0.9336823850381422,0.7163375576175531,-1.1292671267108794,0.4023202034743264,1.5985458749067485,0.5122221019384804,0.5692230907725757
2012-03-02,-0.7934619210138525,0.6680176624462898,1.091283709334998,0.5910073463739525,-0.8614441639713768,1.193381886080898,-1.34964758455127,-0.13756566789335203,2.418742320196689,-2.109500676107268,-0.46388585561317597,-0.8843251123335538,0.7119452767014295,-1.0007237239298776,0.39141817440932025,2.721652230077313,1.6782859437751902,0.686213709280442
2012-03-09,-0.7633222291112388,0.6872557456169142,1.0593510838544733,0.6290308672105548,-0.8724774574257547,1.4216302641256306,-1.3040111766753177,-0.11922278669188509,2.2904624258412163,-2.243648549925796,-0.7667451439313315,-0.7672551172063738,1.4012391680592575,-0.9649938925638694,1.2190558018478685,2.564720226208412,1.6069191981456383,1.2198948741622686
2012-03-16,-0.7340275513971652,0.707128526832114,1.0300972413117568,0.6699733621444073,-1.1611022560516424,1.2567667380385765,-0.899407823368441,-0.10065730898611365,2.1815488718468297,-2.1006488592046484,-0.7358853156733937,-0.26825402340526794,1.611801857943318,-0.3934228509979357,1.532722465451452,2.4355993084568612,1.5418329460566131,0.8942113048168495
2012-03-23,-0.7055656391266942,0.7293841771274722,1.0037636928907605,0.7143354699576152,-1.1034828827773788,1.0312150468696768,-0.9197038437292572,-0.08184062410632566,2.088566716345737,-1.9768083503512786,-0.7055806689003083,-0.34405145506898827,1.7843521227617616,-0.5092042244913046,1.656418470368288,2.328838369235809,1.4837681901306288,1.055793894312704
2012-03-30,-0.6772773733412336,0.31084557999616313,0.9816992871460091,0.5532300458699078,-1.012144723834123,0.8270383800133999,-0.8382223447136512,-0.044257386812570326,0.9967058025217145,-1.8679577718163316,-0.6757433534632069,-0.34921074915555683,1.4801807890768535,-0.43221086717206914,1.3743921752625767,2.1726912171728143,0.714980060732983,0.7449850479706494
2012-04-06,-0.39974080660216255,0.6044172898817235,0.655059333611544,0.48760671954694157,-0.8619628513213758,1.258606414001091,-0.9922224261652185,1.838053552527961,2.4811328616063126,-1.7710965315151297,-0.16147942228572607,-0.6267553383567634,1.3086702112176043,-0.7748095486533128,1.1213856489504657,1.7189835321082674,0.3319129940718377,0.40871692454793396
2012-04-13,-0.3671140828498628,0.6288162031033357,0.6455969387306899,0.55811638463339,-0.5308752526700307,1.1333719955058459,-1.1953554207595996,1.8622789940454516,2.30297737276095,-1.7823093090475688,-0.2831592830949395,-0.6995150912242531,0.7685434976076903,-0.744620194657283,0.6412086189144917,1.6358188431917033,0.3262019007723307,-0.039778811763205135
2012-04-20,-0.3329995137008143,0.6542851215518619,0.6362382194150422,0.6419406759798307,-0.7997055205814652,0.8072739652076679,-1.1325234741035595,1.8872694320412478,2.1524831030734926,-1.6948173997505644,-0.2551357725851241,-0.7368437351171612,1.0008938573495494,-0.8453891830480185,0.736312843779112,1.5600321915000535,0.32051197966368333,-0.3652436224023915
2012-04-27,-0.2968234038937002,0.794192833423756,0.6269799898796714,0.4139777903543939,-0.9445341165487333,0.5744208569015252,-1.256996107674412,1.9130683307218612,1.920733929800688,-1.6155137524567567,-0.22632014045151402,-0.7766376415009701,0.7978290912613407,-0.8163199647683903,0.6221145775516354,1.4904591034836543,0.06957451034652602,-0.27164436362423305
2012-05-04,0.11961892064369893,1.1059510242971937,-0.47549465506253913,-0.11113343861207649,-0.5970443532264456,0.8763124283251149,-1.215162250747889,2.0627594412761927,1.9422385142794674,-1.5430740490482042,0.3335632530345103,-0.862435185567311,0.6731817707138756,-0.9493091649145696,0.5789215447400434,1.5352660420784274,0.19481085365626385,-0.7270728792222185
2012-05-11,0.1921554459299549,1.0885124544137705,-0.4516487929637517,-0.06399723091622242,-0.5160388530675354,1.1840726327323328,-1.1259450867744805,2.0292476445914263,1.843674367007913,-1.5983644517691205,0.1353100287156252,-1.0006331589675044,0.3543150695188476,-1.1117094597617536,0.23958795826804485,1.4699207650492503,0.18897656803727358,-0.9705407821707547
2012-05-18,0.28570964230366075,1.0714871745637728,-0.4278339237963918,-0.009723625490881613,0.11216084065782064,1.5506229471464228,-1.416471048729547,1.9970057877589533,1.7552044664398818,-1.5263992458306206,0.15359523159203634,-1.2886589961722703,0.09877576834020556,-1.576262437323221,-0.1855813999463248,1.4094465313076916,0.18315122003516995,-1.6643050315412946
2012-05-25,0.41960674865748815,1.2247965909970884,-0.40400215114804,-0.9890007476142474,-0.32140189377692235,1.9188957873591128,-1.3562310691233288,1.9659517502243526,1.4132041718927097,-1.4601163136796178,0.1723129858463955,-1.1621439237611644,0.16667893490204028,-1.363462195732984,-0.11573098742807322,1.3531991505716978,-0.9836663330772064,-1.6137233753897224
2012-06-01,0.02187596136708415,0.968314686863428,-1.668134180817331,-1.7571348919082914,0.27612577405245065,2.0242209112079173,-1.9397742870415413,-0.551718816949027,-0.28422964806711704,-1.3986990631149383,0.5662785340200316,-1.8249912392618366,-0.6667209995450754,-1.9633057873993636,-0.8633419286797145,1.5529774721365137,-0.6445572601425328,-1.5559010260510178
2012-06-08,0.029742045635458216,0.9413633814367309,-1.5908788626328676,-1.6981182262385375,-0.4186724295311855,1.7796552353953223,-1.6318969090827973,-0.5270127644035153,-0.27951048545283913,-1.3414838171280106,0.5706936451848269,-1.327431621041417,-0.8713175188118001,-1.4831467512079124,-1.0890754146810444,1.4885365663557422,-0.620392304993708,-1.4103153107831152
2012-06-15,0.03763882867152708,0.9171234367502963,-1.5201470172137461,-1.6466425994897054,-0.4318095893866394,1.350706807589782,-1.7287580991110107,-0.5024679421394497,-0.27480404995767976,-1.4926949616859972,0.1911876341164419,-1.4291959873874664,-0.8361343363883053,-1.621190067324482,-1.0502273673859952,1.4290680892479535,-0.5965806824954817,-1.1700307981742697
2012-06-22,0.04556803480917045,0.8938071600361084,-1.4549622074215955,-1.5700854665372115,-0.8017931562093454,1.5361990519580067,-1.3059493006677303,-0.47803595467336585,-0.28513647871113823,-1.4300108323341716,0.20303897690409733,-1.1546130832243324,-0.5617993711593635,-1.3756918697045588,-0.8569141274831107,1.3739480400576072,-0.606204149000103,-1.6227495212400156
2012-06-29,0.10776255061266773,0.5547110266236241,-1.4008514724267396,-1.3156201931709535,-0.9377125748925597,1.2642901672269242,-1.4437804827582248,-0.46843161480304163,-1.5134700937601995,-1.371790704689139,0.21504564025821266,-1.2401392002278846,-0.20741206001080087,-1.510902339045787,-0.4767156285180087,1.3190748358362279,-0.2221254763216102,-1.0751432523794688
2012-07-06,-1.8819445065110212,-0.6085054999511019,-1.1777146898139557,-1.151718031742041,-0.9406467061667576,1.8375271048701858,-1.691316174006893,-0.632379780336775,-1.6152729055466424,-1.3174566707865123,0.3933276550708097,-1.5754390842224921,-0.33077131687626343,-1.6508811861474904,-0.5846381211205042,1.2997961668959743,-0.17211478989306433,-0.9809676160279803
2012-07-13,-1.9567374209729695,-0.6159009100236865,-1.1382014439996466,-1.1076359755893361,-0.9742544372604717,1.75920536064759,-1.8975863114360247,-0.6180883873441223,-1.600098616168233,-1.466972311360276,0.012149994440751254,-1.7670450694052662,-0.38169479178206894,-1.7645678082521792,-0.5022920996385206,1.249276045607893,-0.16411246637966528,-0.8080277485383401
2012-07-20,-2.108174006896606,-0.623377858163818,-1.1011142553573678,-1.0655702462629997,-1.0276694270065525,1.7609642246858985,-2.189075318767641,-0.6039974302901161,-1.5852244160864613,-1.4094892889170059,0.03007922009740919,-1.957258660061976,-0.37440092399589237,-1.8055508524150043,-0.4829732894418091,1.2015914693612295,-0.1561149658526171,-0.8512598465586964
2012-07-27,-2.437621748680877,-0.9876981050237081,-1.0663686928338263,-0.35493592526535256,-0.9444592172540289,1.4235029127205756,-1.8832001519976338,-0.5900972552918974,-1.6604389492240275,-1.3561630779412535,0.048338809667295424,-1.6544717377224079,-0.024189547751622017,-1.586461092554568,-0.08229040965616753,1.156414307025269,-0.2714677803509116,-0.4089554309294298
2012-08-03,-2.740625269618655,-1.3079548679920197,0.5977665340267352,0.6338488661079579,-1.0361973694236053,1.253477571026979,-2.0037206730104637,-0.6651198464555442,-1.6802037973222068,-1.3065368199500698,0.3059201271786235,-1.5660619335123138,0.1856484910286551,-1.451600954616518,0.23796042785423266,1.5558512541961427,0.3391882874201359,-0.07729976210742155
2012-08-10,-2.512788435474692,-1.4397343610140576,0.6067617609765446,0.618940098917981,-1.1097637639351385,1.2892280770419142,-1.6720495447127437,-0.6524027009301958,-1.6450759112864146,-1.490924455073965,-0.1391392289963405,-1.2868079195185211,0.6107953186525911,-1.315681638531358,0.857122173103755,1.4866339775563338,0.33812641484313377,0.4160357131836875
2012-08-17,-2.326442495827212,-1.605584662441147,0.6158796902656349,0.6042455772228593,-1.2594458339026269,1.290409326260393,-0.9587068807394952,-0.6398610479579812,-1.6114700839381957,-1.4398924960764055,-0.10805045837976435,-0.5256237135732895,0.889710618386163,-0.6343145744803197,1.0794983633211226,1.4226541679164155,0.337065522305724,0.5395892018578724
2012-08-24,-2.1699135971323726,-1.2339862152827055,0.6251243245960092,1.3545302161981403,-0.996446592174396,0.8312773795230349,-1.5652790855647811,-0.6274876663481253,-0.053233385056099564,-1.393459225806449,-0.0754039195870756,-1.0851918860223975,1.2394326851486015,-1.1573351793769875,1.3833490400931452,1.363173558973825,0.025165225800908773,1.2782823025857684
2012-08-31,-1.5179492008286122,-0.8845561562095873,0.6453445281213562,1.3100519665051542,-0.657329338730748,0.647859576445007,-1.7822435211233414,-0.6119386155517118,-0.061725376276347145,-1.351396358361638,-0.040857826553968954,-1.5233296358119428,0.4397536003097311,-1.3370374529630107,0.6985923586473929,1.4632129849604398,0.21564063673057024,1.40526898535925
2012-09-07,-1.4514719415846529,-0.8608668158561398,1.7297108471845628,1.8390292293780874,-1.060701842572282,0.1271206931811394,-1.693265557598685,-1.3359372797807987,-0.5499962131186857,-1.311730730470498,0.46262637197585194,-1.0352211990882734,0.8261787688236135,-0.9719252894773446,1.1035589122451581,1.4154403371180295,0.19690147177522208,1.7177071956300534
2012-09-14,-1.3898305084740974,-0.8378097069450009,1.6989220362465656,1.7512758333212939,-1.004035417541986,-0.6149917391003075,-1.8937105787991977,-1.2869597864551416,-0.5486510486293151,-1.4585900107694367,0.08972991895927451,-0.0739838164865939,1.1311939748438287,-0.06018521776039322,1.4587892551543482,1.372188899906869,0.17800374786848697,2.6716864144014276
2012-09-21,-1.3323590252414494,-0.8777417391362089,1.6693009750891814,1.6676874681299354,-1.0835575464892555,-0.37984260680083415,-1.6346238846656067,-1.2407605201354925,-0.5346619588848878,-1.421418405669268,0.1298792610426309,-0.5643492386010154,0.8904006710521474,-0.5699559596500232,1.2442510359916472,1.333342693293951,0.14066030377799996,1.8602497650251832
2012-09-28,-1.2791800966764897,0.5272530253462095,1.640770330843404,1.4995833278751864,-0.8261246945046865,-0.07713042798545869,-1.7745283889926813,-1.197031067813339,-0.41519925160268795,-1.3900324802783057,0.1737648151069346,-1.0705811177965245,0.8251859078647866,-0.9181938558471018,1.1035474064651978,1.3040361302954921,0.0504378023175521,1.8152435519503607
2012-10-05,-0.08690085037427941,1.2440689346751899,1.0408151573418722,1.1577958906969346,-1.0719243675027033,-0.39850857047122396,-1.8681222633708956,-0.6875741060826387,-0.0833101948257898,-1.3650325632727263,0.7575461044036376,-0.5971964905297805,1.3529487002887068,-0.6101799199709527,1.46200394186916,1.9518246647781443,1.0559386436092963,1.5714905766772507
2012-10-12,-0.0747113108411787,1.2215633968775361,1.0041502400400237,1.1140547133916112,-0.6992150733278396,-0.2541132868629154,-1.67768954539863,-0.6642339341164453,-0.07608150926950218,-1.3351629370374172,0.7800361236172758,-0.8354222152378414,1.2182401006627386,-0.8618695708511148,1.1758430454374038,1.9075326745244932,1.0584229065288484,1.3649298315783354
2012-10-19,-0.06245826666371745,1.2054996537647227,0.9688950172348272,1.0723621188924393,-0.4923854975046583,-0.33024218416113793,-1.3868686436420012,-0.6413101210016872,-0.06884493641000498,-1.3463710626020298,0.7245607676762784,-0.3467628504412441,1.2225954449965921,-0.49511535147083874,1.1850497638150415,1.8762183201259797,1.0778729302523669,0.9435362630834901
2012-10-26,-0.05013509415826427,1.4535442991397243,0.9349130851068521,0.20118510690961833,-0.31729952694678265,-0.15415167467924537,-1.278399534498317,-0.6187660095625188,-0.006269445299946198,-1.3291266297130868,0.7503377185445923,-0.36096302174217826,1.0616774837132739,-0.516041284954212,0.9677637720191253,1.8596814522467704,0.15243537302363633,0.7270796721389584
2012-11-02,-1.1127013078672832,0.6856646741932363,-0.09906389852501872,-0.3666324506883024,-0.3286094625035444,0.1303867156056793,-1.3723786134407265,-0.294527667222087,0.2068050072949524,-1.3211584065588384,1.3983381038341594,-0.4839286359686067,0.7195935134707705,-0.5393392841277947,0.8045116208792897,-1.474392013992702,-4.571372736645834,0.30695073600777506
2012-11-09,-1.0897430252270852,0.6607354086579195,-0.1038335366743344,-0.373471931048087,-0.06612101033352273,0.3839115433175631,-1.6702938941596426,-0.2912525249895305,0.20254583113916969,-0.9721747507687405,1.9390003540989404,-1.137485555751827,-0.4546252283120408,-1.1799054673364964,-0.3935131966014552,-1.468239629291366,-3.8164354913081597,0.46522884714685575
2012-11-16,-1.06747527737972,0.6362314137819876,-0.10861558775842088,-0.38036837966751924,-0.5461943534517903,0.5113748894696695,-1.5376576592154465,-0.28798453020498976,0.1982935588349791,-0.9526901811307296,1.8358696200195255,-1.2356367438110216,-0.06546873088324687,-1.134450506707575,0.12534499653218611,-1.4621392367563997,-3.3281151284366386,0.0004164891753794171
2012-11-23,-1.0458564596147597,0.24869428344020844,-0.11341042870149723,-0.3915081950263771,-0.9173030447985913,-0.24704665954804794,-1.163589902322519,-0.2847235664274856,0.19199276465854073,-0.9382748246801522,1.7436395260835913,-0.6183825420084031,0.8258652537825245,-0.7380950881447382,0.6459059490057606,-1.4560900392658174,-3.1114796457362295,0.2428240269312083
2012-11-30,-2.5840063946039367,-0.9973296821618519,-0.13920100815225042,-0.9788500391235252,-0.684221765935764,-0.3008396877801413,-1.3787289196735302,-0.30762217259702584,0.6524669180862174,-0.9309671153069194,1.662478869795808,-0.9754416099554782,0.13161610847092192,-0.9127549684903395,0.16149549637382568,-1.3838691709659963,-2.7379485497682556,-0.20945735669153512
2012-12-07,-2.3892146964772003,-0.9802778009289409,-0.3511966712097026,-1.09578058284721,-0.6554909729920703,-0.13488165462423685,-1.5914425475702147,-0.007936597921114761,0.8370631417339127,-0.901124933980913,2.0000094084485207,-0.842660594012446,-0.600901476623735,-0.7759307333336518,-0.5854295084443703,-1.3993031141134042,-2.5106260737179373,-0.6987478389436513
2012-12-14,-2.2264750229244132,-0.9636118601497982,-0.3788440656555307,-1.1116317270428813,-0.24042256446293064,-0.7203979708371794,-1.0921502677718864,-0.03392559805001652,0.8046860416204894,-0.5612484183641702,2.2950363380076535,-0.4289987278746457,0.15425625438580426,-0.2749797114468115,0.3128219052683504,-1.4150898203711384,-2.324641930608078,-0.5806656308911922
2012-12-21,-2.087519259460802,-0.9435711715397559,-0.40790131884234854,-1.1278841259151318,0.08504828937974097,-0.6983025703424566,-0.9423080050754761,-0.06091634789568902,0.7730711459545517,-0.5320615536136493,2.1819958561319717,-0.15640808720927254,0.824728093937024,-0.0887217909769827,0.8043491185158854,-1.4312442640617495,-2.1688759663147072,-0.8801775956000928
2012-12-28,-1.9667895786650071,-1.6638928228232157,-0.43855301731702867,-0.8084548851053804,1.897686630785014,-0.6459822769476887,-0.9865329230619797,-0.08905726852487907,0.4171497586163789,-0.5028098617575242,2.08515891316685,-0.34321718399791223,0.2578541807402282,-0.34524833750754924,0.29972125698445407,-1.447782329118556,-2.531780193408375,-0.8267148116589484
2013-01-04,-1.1956701830036454,-0.99558595253818,0.20892060725299116,-0.4580930088617858,-1.338513157265679,-0.04434833169150875,-0.2351735028716426,-0.09420403426837255,0.3994365942646191,-0.47340771100518075,1.9771115679445255,0.6754437979121763,1.2350992701792252,0.7690208412255398,1.401645690645665,-1.7950490590729071,-2.58256031852595,-0.6234994241243043
2013-01-11,-1.1495944738827595,-0.9607147691669283,0.18736627714573023,-0.45347323273291446,-1.4508274518305495,-0.6972630806436185,-0.5344189963723013,-0.09936504765272398,0.38180901157412567,-0.2538974704713754,2.154141506628186,0.4724202285975336,0.6575471181747423,0.6056161345097062,0.9240224890634339,-1.7434724025678177,-2.3954168698949942,-0.3855010220929503
2013-01-18,-1.1057753697575403,-0.9270840495140866,0.16549876209138348,-0.4488743480004558,-1.692143883319987,-0.3407633166745555,-0.6326349380912184,-0.10454078303496088,0.3642502715544011,-0.2185449790490814,2.0793442362079446,0.39431615645172297,0.591778337999401,0.5239729136822351,0.8465208744271469,-1.6950050555959482,-2.2386230396401285,-0.003179287327311726
2013-01-25,-1.0639601099435612,-0.21458288745030035,0.14326709972392507,0.12724376132632206,-1.4712351705688909,-0.5750319881048654,-0.16796144870230353,-0.10973172157859704,0.13538622898188965,-0.18074473036408426,2.0181891418135116,0.9521623665174285,1.1061637224146432,1.0360737817520924,1.239489393459266,-1.6493242925901803,-0.16214877077517253,0.22288752968961428
2013-02-01,0.451891471966789,1.1075298008478012,1.3393022254546727,0.7285085302362149,-1.4111227300710003,-1.032896234533176,-0.09609791027200856,-0.283499184940915,0.02256448872921081,-0.13966524319133583,1.4211525765511392,1.2438863065486725,1.7924478414553504,1.423524933507797,1.987184491652418,-0.7704593826332503,0.41050309718378414,0.1661265192542646
2013-02-08,0.46187309913941643,1.1046058505043506,1.2857097521476135,0.7098374575837123,-1.3179137041954585,-0.232092972130469,-0.16082269915071898,-0.28169820488337405,0.021490125729077127,0.12202110748484464,1.582150041993714,0.9836634849323866,1.6382352241844924,1.2412465239425259,1.7702562006191649,-0.7682131465040226,0.410155416274873,0.23705350924109347
2013-02-15,0.4719965614724467,1.1016944851329615,1.2352881133464435,0.6915215833233198,-1.445508616019243,-0.0060171581327236765,0.05166157719372718,-0.27989951586780293,0.020415772656721124,0.16205807217406665,1.5485544665939577,1.085253358252117,1.232288361154934,1.1289946643859843,1.3596331836280757,-0.7659740499018182,0.40980786126638,-0.3436454937623856
2013-02-22,0.48226733121202586,2.1627237517893385,1.187655213494896,0.685166550277663,-0.8455074911262805,0.6348759751022293,-0.11302726827321831,-0.278103097939031,0.03457360930225534,0.20577608031074524,1.5231941509457023,0.8838346742823879,1.325254001850322,1.0104634073680836,1.37963100529854,-0.7637420416415499,0.35979950105957514,-0.6844594009966353
2013-03-01,1.1084452524092543,2.4926076709726983,0.9947156141352234,0.7064540825568262,-0.43569693109473373,1.218625592393461,-0.5615693557178556,-0.5247619558679532,-0.33493675062981376,0.2541486160738406,1.4566307064935455,0.34017598130732973,0.8345803083911633,0.5220756490998645,0.9167641283839832,-1.397454413992736,-0.07205803556787818,-0.6688437504964094
2013-03-08,1.0880390728561644,2.323585039507696,0.9999722727173633,0.7285321546252438,-1.3068232375565239,1.4487064358477564,0.2967960223585914,-0.5086735956057273,-0.3109689757328974,0.28870317225821207,0.9888791739534198,1.3601437264089968,1.2367654451426533,1.512245716135603,1.233267849193815,-1.3414126295675173,-0.04713681200161904,-0.5416175229486241
2013-03-15,1.0681879487544608,2.1797560535084055,1.0052716264547068,0.7514648830535432,-1.6696608773617674,1.0785352092291185,0.09726249080027735,-0.4927589612562703,-0.28673697396312536,0.3257016729656606,0.9529806162284309,1.2028631332660313,0.8903444438479453,1.415867090526322,0.9949594614199699,-1.288896588061248,-0.021426991086574088,-0.16098466099429332
2013-03-22,1.0488618088433657,2.0551748773394687,1.0106143666409666,0.7753238397844013,-0.9307220392534817,1.2288197341110687,-0.12379002449905706,-0.4770056527749339,-0.26217384031262064,0.3656044191256708,0.9184391375679571,0.8505830563005301,0.7689398687165894,0.9522760332797644,0.8461108115430344,-1.2394734490189794,0.005189161427890827,-0.30040629756346693
2013-03-29,1.0300327701334975,1.4989858274747356,1.0160012002697763,0.43636960872109803,-1.1751961914877342,1.5069757563271735,-0.311916508435866,-0.4614017143676859,-0.2489414207919615,0.4090003273286989,0.885147545395852,0.5827166708976327,-0.13757053558589866,0.7202394181240221,-0.09535321333518962,-1.1927782880359892,0.2808853607558826,-0.43204118303403416
2013-04-05,-0.1894473396995403,0.6358099288412107,0.6850962769876038,0.27197289112562445,-0.7708717526344646,1.1030633275984296,-0.9045161346164313,0.2837288841993668,0.2572420880295709,0.4566582026473424,0.6325566980838276,-0.3076503432862172,-0.5101407590366098,-0.13579384110728976,-0.49941783671172185,-1.0593748589183862,0.3657396610416355,-0.7071666914825889
2013-04-12,-0.16845215408689201,0.6212576796597041,0.6890176197718625,0.2886075261310705,-1.2972410403717975,0.9283128034484142,-0.4884987037776112,0.33979584659428747,0.2953157864869154,0.18578587465653312,0.3812464258315149,-0.08641956219220033,-0.32335796881359874,0.22113958442767434,-0.22744313751257422,-1.0252970273499027,0.37581004957037084,-1.197733429150367
2013-04-19,-0.1471520584747924,0.606912815151903,0.692961580778829,0.30563757407257813,-0.3805483521495285,1.1756104262551137,0.17786975583105255,0.40440696170237983,0.3365291371239636,0.22636442530687673,0.3560783830618653,-0.18811262927175326,-0.7663128818572436,-0.018224779582964305,-0.7083686894923686,-0.9925310456260105,0.38601478934778305,-1.7257827339596858
2013-04-26,-0.1255002736223348,-0.37860313781590305,0.6969284617822439,-0.34338240987502644,-0.781185691313601,0.9751841590723263,-0.4418435710393186,0.48092276492101366,0.5072955649227195,0.27071045615783307,0.33065401915245235,-0.3604440223644679,-1.0544894529822852,-0.05841485722206396,-0.9861782909838624,-0.960961508716319,-0.22480956441183955,-1.4754728853153523
2013-05-03,-1.2904649222238964,-1.120638642715372,1.0628705058515304,-0.11612321438328244,-0.9770325230350403,0.6608905224326668,0.7756988785301634,0.23190990555941682,0.35512657718061924,0.3197819850225335,0.08583451591991184,0.19992801671957341,-0.5808709425008529,0.5086982818584423,-0.5587267043520318,-0.6332172999924451,0.03860115838406335,-1.369668016497942
2013-05-10,-1.2504056629719575,-1.079300122036873,1.0255426141891137,-0.11253063641493526,-1.0177232268673027,1.3868975222918043,1.5341354386749442,0.3388713351547338,0.4083281147020838,-0.48777929138886544,-0.47008949884146267,1.0063682981111692,-0.2319865848315759,1.048221102822964,-0.18678415710966847,-0.6128140800006868,0.053310076816113904,-1.1983031478797534
2013-05-17,-1.213757500673381,-1.039771498952942,0.9897011668710528,-0.10894000248129707,-1.0629808554212654,2.0981094691623974,2.635536150541292,0.502217341533335,0.46867595076888413,-0.4575273566286241,-0.47796064736393873,1.2940771987065258,0.06982587657492745,1.3359377002823953,0.05865417908748401,-0.5927254043109274,0.06821642782442981,-1.0832905060479143
2013-05-24,-1.1805493336190456,-1.3865921693131467,0.9552021158592857,-0.014447216970893096,-0.5204889432069201,1.631523249135469,2.893278495132235,0.8400582460553331,0.7536869407990071,-0.42668739413651613,-0.4859175988172326,1.6187476923270558,0.6488488818347417,1.6603750426354567,0.6038075515055525,-0.5729263588030005,0.5671398816679505,-1.0157758818484104
2013-05-31,-1.1411614713449019,-1.3295937890757206,0.9252669512406358,-0.04835020864145903,0.4151378734512041,1.3901420293727609,3.7924908991913773,0.8261662210033444,0.7330520163078182,-0.39502262557285844,-0.48054737038034134,2.4458805942797235,0.44013670268246846,2.2672466497520904,0.30418822663925793,-0.7474704163212,0.39608031200913124,-1.0935051749413995
2013-06-07,-1.1042350480418874,-1.2761710091566185,1.030229476437134,-0.006146779600705523,-0.015343880718502633,0.23118172831963205,3.674950907737156,1.2711701486691689,0.8654753717164453,-0.36222521360254634,-0.47520614116460547,2.3267884560747683,0.6369623917562003,2.067639444262883,0.3501401523705431,-0.7198430627378233,0.39350095391372525,-1.1157298651659475
2013-06-14,-1.069693646460376,-1.2258755824796743,1.0041312867941972,-0.04381032287059306,0.956890013947117,-0.4664409859102252,3.4615345458052635,1.235237187617896,0.8401361832124444,-0.765100313804731,-0.7143847203315051,2.0224361444228447,0.8147249157900063,1.9597082343438668,0.7016731860601944,-0.6927672917069501,0.3909277852966713,-1.1640518334261205
2013-06-21,-1.037529267137576,-1.178329744783,0.981449602718829,-0.08459526342426121,1.7466823690739441,0.6793426606660993,4.567601651808046,1.2009136349423382,0.8154778107673634,-0.7339372324155341,-0.7167272923383814,3.603150434003088,2.510646107024098,3.2761711786166043,2.1316698134143013,-0.6661834882121797,0.3883607426042452,-1.5841087390112727
2013-06-28,-1.0078177753740654,-0.3943528368649462,0.9629571493624162,0.09547748614504481,0.8088194829262914,1.2315862423108643,3.6621276627245716,1.1680606147305395,0.1606239384882697,-0.7033117188945586,-0.7190778744917241,3.1702444523471627,2.8656900997506347,3.027157684229694,2.6582044879076694,-0.6400351864152986,0.31512622188761485,-1.3289804432799508
2013-07-05,1.3113984251970106,0.776997467773299,1.0214721551544474,0.10516733551940519,-0.0826218930651974,2.022454617822376,3.505806688488541,-0.42536086951474106,-0.4529130933196639,-0.6731320101569054,-0.48332437463703437,3.5462308763218044,3.2109319829268403,3.3921328629760135,2.940470396505217,-1.3622469129434265,-0.3176937200489648,-1.07619058672993
2013-07-12,1.264326119396457,0.7484312870774031,1.007528776515333,0.06771383016208965,-0.5475790400807206,1.0758913238868915,2.8579892579495545,-0.4204061508778942,-0.5106511993075107,-0.3461838370292846,-0.343846453949883,2.7902878267903684,2.6655835758621587,2.732879276487501,2.57933060056286,-1.306655833073763,-0.3017489463044267,-0.26613257857429723
2013-07-19,1.2198314208290213,0.7204842550541904,1.0012145200800187,0.027177140527115635,-1.1117759860196854,0.8226315109918143,2.0243416789963624,-0.4154735258393139,-0.5766946934479571,-0.3290347119475075,-0.3635078105745772,2.232118574096348,2.2760588223386438,2.317480390134942,2.2782488343689202,-1.254454520149428,-0.285820147220955,-0.4534881974971192
2013-07-26,1.177636035600804,1.3791715662363424,1.0063727006951495,-0.30108559010704106,-0.9898179463664608,0.18546818613571733,2.2214470188088895,-0.41056256247049294,-0.37198914573303493,-0.31190893588415786,-0.3837895278927908,2.347963957494071,2.153895314032493,2.4853291472616648,2.1985524149696856,-1.205223697087264,-0.5195430943786348,-0.5284151631457236
2013-08-02,2.9593728612546797,2.34734006848561,0.7760640865462561,-0.3962370363593084,-1.2796541990175072,0.3917770674760044,2.0588789079857324,0.03499896098367413,-0.25189075939566064,-0.29479050889537595,0.17182297446798955,2.344790123335887,1.8267944640955955,2.507834751575279,2.0088675770590694,-1.0991366826163715,-0.43973314535042324,-0.386143322870553
2013-08-09,2.6871962951291595,2.2028690937979643,0.7469498381586217,-0.3887654046691224,-0.6151826576140038,-0.12676300863286855,1.7508331547728353,0.026294553603378262,-0.35860592397026825,0.3136744722648385,0.47346499798152686,2.017264125889079,1.4008794572071868,2.076999403620741,1.4440933891396748,-1.0601628907684173,-0.41635183576041424,-0.013170661631431609
2013-08-16,2.4703409181734113,2.07860713342849,0.7184524422374018,-0.38133456238173385,-0.18868847171499745,-0.019054867299067017,2.3640410205006277,0.017561435284472925,-0.5191401621622058,0.2964691981139478,0.44383910493141787,2.6331567428901193,1.962407757605067,2.642837531969222,1.9626880115278893,-1.0230518275381928,-0.39294962700389463,0.5701188560307997
2013-08-23,2.29176246400237,1.9641124650562993,0.6905023534357367,-0.35725257456401927,-0.3551902244138857,0.04014061909936648,2.2200592859223316,0.008797351340250429,-0.5191401621622056,0.2792549765584113,0.41370418706588313,2.380849192391502,1.3750698582817273,2.273887465881862,1.296141974930597,-0.9876734933466279,-0.2020633512519209,0.8529437995172158
2013-08-30,2.1408461660270572,1.8589973273257174,0.663033769346662,-0.43496233130592815,1.0298892525680794,0.5508243990504079,2.0615755290689055,0.0,-0.8167855077421561,0.26201496092875937,0.38286800599729087,2.1297883544902585,1.1735040630144575,2.0515643111057607,1.1769058897809337,-0.956007361255554,-0.18155262947463233,0.8541090405947052
2013-09-06,2.752247983508109,2.263371274419286,0.37337977821434215,-0.5623535728206416,0.48665774189676936,0.5683363016739438,2.2650935065614686,1.589029503873672,0.21922709836074067,0.24473187103963223,0.62987538313828,2.38318272000988,1.6691658453411131,2.1794966631958386,1.4327373029918726,-0.7158736007570642,0.015202831530225596,1.0072886639581724
2013-09-13,2.5221130312466347,2.1223923682597166,0.38547578258118925,-0.533498180582112,-0.2797187162572425,0.04659449294628912,2.005792803713888,1.5873776046418842,0.18387975353453953,1.3141152884537055,1.2477404439064081,2.1283560769818295,0.40324146326720245,1.9661646654097475,0.3135529047696638,-0.687819363423567,0.034538317243367665,1.2732578435397792
2013-09-20,2.3341531315324384,2.000317711885344,0.3977765443230684,-0.5046880526851315,-0.7424210589038633,-0.7068194030569324,1.4307700037875888,1.6044310762761131,0.14607705605116322,1.2736600705054564,1.2163824721439411,1.6642174911488328,-0.051717408068079763,1.7556823930805583,0.09897878800616776,-0.6606324730853051,0.05429021810877714,1.473872936336075
2013-09-27,2.176439262032004,1.0510688428875938,0.4102921224641501,-0.5363821206327684,0.32077131984437196,-0.8395095521114622,1.269964583774125,1.6499545254704198,1.31808378354616,1.2368131477875488,1.1893364990750122,1.3368141890137166,-0.9909214821109171,1.387442522533707,-0.8594926020299261,-0.6344313422714439,0.7593235596541026,1.5095152925375726
2013-10-04,1.9157125450466272,0.9191243528074701,-1.0028112791037467,-1.3768150175732914,0.8740938449757315,-0.9741257850012314,1.220345763399304,1.8707134431825516,1.43083306561576,1.2036174259298074,0.9529183922758594,1.328743011996608,-0.5635906951754905,1.4083754888739712,-0.43591539971953486,-1.3561878481268965,0.27776745528253094,1.1003155498382104
2013-10-11,1.8183376739156398,0.8962157013670039,-0.9740024303388156,-1.342722626167047,0.4191187534079982,-0.8132024720143397,1.2403103054112208,1.8074017605801949,1.3718961891029169,1.1742724000293558,0.9197473402543684,1.3671088585329192,-0.11999761521899915,1.4030457296800416,-0.161270734064824,-1.4281247252012368,0.31369885944499953,0.9437296551626451
2013-10-18,1.7308407236677295,0.8739278013859366,-0.9461589933871467,-1.3139112357949994,-0.7588430503500605,-1.3549529813413133,1.0576596249473627,1.7531341554315039,1.316874714774506,1.6677901167047742,1.1957988432402515,1.0840467232157052,-0.6389820136796223,1.1395596162202593,-0.7337064789930654,-1.5843508426448696,0.35232873713782636,1.1033519388494983
2013-10-25,1.6515218596962506,0.030545323177847868,-0.9192069225061906,-1.1348863773415807,-0.705385536725008,-1.6593834691197629,0.8825360590175068,1.7076315386902945,0.9369315138969796,1.6470879448758022,1.1625302150929782,0.8822053906408238,-0.9678565319684724,0.9399161279476019,-1.1171694533228371,-2.003820710837583,0.3144747013870951,0.9759311165881405
2013-11-01,1.8141493361358083,0.23478166852932067,-2.1530197335336734,-1.9105368632464166,-0.5887107929351243,-0.5155892461530188,1.1190905860095401,2.423718806984164,1.3923223561021045,1.6393294484297738,0.6981942663131883,1.1241775373406737,-0.441057440966744,1.1909218135291288,-0.47049644776900834,1.439964856089953,1.6507607923953957,0.5600932083974497
2013-11-08,1.7216647411692951,0.2272547896426657,-2.098537811626256,-1.8272612931960648,-0.737733510817567,-0.16284681944789406,1.2283766914400078,2.2601844470974037,1.3370101984559872,1.5701633407952296,0.6767533725056081,1.356760260349631,-0.8930545505606561,1.484177149099649,-0.8283317081324038,1.3943098279284323,1.5814345716924882,-0.18349628524585995
2013-11-15,1.638119812064667,0.21974430957869312,-2.0472536245801978,-1.7514690824172434,-1.0391151150266664,-0.43026617708222537,1.0817362620390778,2.1208955672488905,1.2851464871438425,1.1394802306901906,0.4437283217664435,1.171696249425284,-1.009561720149217,1.3018462025797037,-0.7984976420577792,1.3511902837012089,1.5180704428707312,-0.3927293313767415
2013-11-22,1.5620084090484918,0.2090466492718512,-1.998851957062042,-1.6820231577768376,-0.9710632855969331,-0.5366871522436333,1.091737936818133,2.0002000299983145,1.236312141459627,1.098911567896857,0.42872864766603674,1.2202914124265063,-0.7616927043988415,1.358194243130234,-0.5570307975190842,1.3103475308135741,1.4635102647591502,-0.29675648037180286
2013-11-29,1.4979753072869826,-0.3003973691872816,-1.9530595873155012,-1.5005901920939095,-0.2649019756637318,-0.5698649580909657,1.119432545804896,1.8941483317685466,0.1312884690546462,1.0603892229176204,0.41384213394522584,1.1781866571626047,-1.2121502071529797,1.3893805520505615,-0.7675269473698044,1.2762276906006946,1.2207216535927345,-0.3857528347697713
2013-12-06,1.5869085638632043,-0.1754011475452879,-1.2568291071050604,-1.0547627731138458,-0.20342028616477484,-0.87282010184516,1.3675937848653064,1.7958123323886264,0.1676547288570324,1.0237613975296675,-0.33435654396284886,1.4387732653992007,-0.7406417908167655,1.625080117985614,-0.31524360345950925,1.3106901532346285,1.2112232855967238,0.052676884072008656
2013-12-13,1.5230685040197354,-0.19312169369418578,-1.2824817209455652,-1.0834863359223474,0.7680999423284162,-0.935844799499129,1.2317443311366414,1.7075002353588444,0.20682759518176577,1.179054421413666,-0.20451440782101474,1.3843927843218404,-0.3116365989009543,1.4568279031095934,-0.3273370172519782,1.2751937511499385,1.1734599307063338,-0.10928721650989234
2013-12-20,1.464490935983255,-0.21126131943533694,-1.309173220851565,-1.11360701339313,-0.1613073221843314,-0.6804865370509079,1.2034116424959198,1.6274669424090702,0.24943527191001594,1.1357681931106285,-0.18307156729793914,1.3548032219072401,0.035867345812518624,1.3494140719923056,-0.017732100252612674,1.2412840303890829,1.1386069436562354,-0.203994562314923
2013-12-27,1.4105709259836634,-0.1301751728941155,-1.3369836252498317,-0.26603440755354074,-0.9152740716630194,-0.8461420353377582,1.279363472958082,1.5543628670658245,0.0874131217504124,1.0945415404002463,-0.1613164367317415,1.6028712215807697,0.3414539030471897,1.5606097983232965,0.21085030563655582,1.2088268038897492,1.7148726448366045,0.037262928844365696
2014-01-03,1.1686991837612528,-0.33795910121058786,0.3533138654862736,0.8350227927207962,-0.09524154166071871,-0.5422936515524615,1.1452142313059925,0.6267270425589055,-0.6121450162074764,1.0551575944731506,-0.1391988669258371,1.5097863054229785,0.18867791917655183,1.4426328301432034,0.06730496198501787,0.7504535180444373,1.5264727063033299,0.10180081049823973
2014-01-10,1.125316233155372,-0.35945090535238616,0.33162537624741645,0.8050675188350996,-1.0896124819095825,-0.6716536917012551,0.8269950330503542,0.6075711357085098,-0.5846984627430055,1.0259783520852521,-0.4492884340404375,1.1543662127115435,0.08935264815150389,1.1027017440013285,-0.04537408295651165,0.7263409606092273,1.5922705699422661,-0.1721736663417911
2014-01-17,1.0840551640098801,-0.3817078715314803,0.3098374083814247,0.775873639657225,-0.9021419101616228,-0.21849484960630872,0.7771061242569836,0.5887059762106104,-0.5574558028326506,0.9978252964474573,-0.4196584228197209,1.0198801319023023,0.16643012972776716,0.9313642376304565,-0.016521467071549466,0.7027415044057005,1.7284054261882233,-0.11253474888932197
2014-01-24,1.0447077292188969,-0.6229282345145599,0.28791001876980654,1.5298590261482647,2.4412397394111793,-0.8811205089438603,0.7992814037387411,0.5701106169012504,-1.0753939368120553,0.9706203700816504,-0.3894396670839904,0.7721602170114749,-0.4519203510205517,0.7367576354631766,-0.6111112548503332,0.6796141291812005,-0.41307245988822,-0.025441430893986268
2014-01-31,-1.0093307035883436,-2.4491632151802114,0.2988332322077574,1.5260049056553457,2.3997794491113975,-0.2677287950997743,0.6220471647385256,0.545848517729489,-1.0428764264651447,0.9442930776751169,-0.36799003609700115,0.5531800657899407,-1.009824027872999,0.5731037555701258,-1.2039088089425867,-0.4820759556481762,-1.2149746704036806,-0.18975505809600138
2014-02-07,-0.9956352747107179,-2.2785535416673084,2.0624543308968226,2.539812482948546,0.640296235551877,-0.7688343529649739,0.5925617386613069,-0.586607322637181,-1.8490390270789725,0.9321612188994362,-0.09816509320635183,0.6216391046109333,-0.6892954974361115,0.7623317687080723,-0.7173263284057342,-0.4548662701315188,-1.168070676533654,0.056073119836755884
2014-02-14,-0.982196799297715,-2.133663342616283,1.9685173239377551,2.4144870469312103,-0.3299444708633829,-1.2272148305353245,0.6764390923495577,-0.5927628371897058,-1.75632951112819,0.5635499384220923,-0.32084988996144065,0.6895293684021254,-0.6690867487445843,0.7854872215627927,-0.7626785568809079,-0.4274873069159929,-1.1235260104751346,0.5754314556708318
2014-02-21,-0.9690053965973008,-2.004342454442494,1.8837506011696843,2.3035490095569107,0.28588780106559886,-1.101272850896648,0.6848466676103857,-0.5989732844677681,-1.6726617379956241,0.563549938422092,-0.29409084434430793,0.611221596073582,-0.7043942367679552,0.6715558740032178,-0.9399097241082005,-0.3998427721488626,-1.0816018689624096,0.6594266895830929
2014-02-28,-0.23221664920433313,-1.4582589512737187,1.7975145234304268,1.8269709083522392,-0.0802904516455895,-1.4200613086724088,0.4173536279598749,-0.6282446894999593,-1.6323788724372916,0.5635499384220923,-0.26678340533084965,0.407682118158637,-1.2458067921511853,0.4445635595285542,-1.5020362798252178,0.1623993617125013,-0.746328645766659,0.5350004535664433
2014-03-07,-0.23300717454075884,-1.3966145223328614,2.6621525975596367,2.378206218530056,-0.0351674638339488,-1.407409901353621,0.550994891094591,-1.3363900552784183,-2.031721439373913,0.563549938422092,-0.3785610264410688,0.7333877736395316,-0.8146358789519588,0.674916473636888,-1.0215084757477866,0.16024004174173684,-0.7332015613813466,0.3356847423256087
2014-03-14,-0.23379813624888043,-1.339174081459079,2.457938196581628,2.260800993353291,1.968736359686774,-1.5584051856627117,0.3320548035493741,-1.3497117671171366,-1.950582224322373,-0.1599540662077787,-0.870556650377989,0.3218532374181435,-1.2285846403918752,0.2705737163744788,-1.33876911324747,0.15808241442987067,-0.7202791714707792,0.4259224814700035
2014-03-21,-0.2345895360631759,-1.285387451832827,2.2882817262540964,2.1565473731181513,0.3773447798172026,-0.9879452850879505,0.5831395224011334,-1.3632983976567514,-1.8764621407345687,-0.1461873004338099,-0.8385821069367135,0.5530818943458449,-1.2673738803123666,0.27068561954569065,-1.56520174759741,0.1559264487107744,-0.7075532088981196,-0.1107977959440904
2014-03-28,-0.23538137572235993,-1.0895153662415578,2.1440774647453282,1.2838943472663535,0.0293723238788081,-0.8974691679499964,0.5322242075405097,-1.3771597758272167,-1.2615448525451036,-0.1323633650417614,-0.8074766956456684,0.46979601426646994,-1.2688208266095098,0.1773178861031834,-1.5187807296377722,0.15377211362675558,-0.40458024942817405,-0.025117307762729676
2014-04-04,-0.057993981008577604,-0.907873581141566,2.7384849576882533,1.7930737702436497,-0.22470541133998062,-0.6767495386896332,0.5300637972628475,-1.0994349646072084,-1.0747789259832468,-0.11847302022974736,-0.7812242283458996,0.46741339341031757,-0.8868345829151189,0.2337945192574935,-1.069458813837481,-1.136351797392478,-1.2093567340668188,0.1906376636003173
2014-04-11,-0.07518553901983371,-0.8791378649416175,2.511220031954469,1.7125434927484067,1.4457896134337296,-1.393945059331977,0.2127695958411956,-1.061393843219785,-1.037123921818781,-0.6613430291774337,-1.1335689763636683,0.10631748965083576,-1.069941390294326,0.02353871805520507,-1.0575051167090919,-1.0968670540291516,-1.1642481100816198,0.2580331898503407
2014-04-18,-0.09269913486528075,-0.8512601880952765,2.3252751189970438,1.639090496099316,-0.5952299127639586,-1.051991388791852,0.22637977590633146,-1.0249472099295553,-1.0009956490336547,-0.6444464941328581,-1.0981755780920712,0.38127783082207867,-0.5673424453686102,0.11744867357152765,-0.7552392975958152,-1.0591265179129727,-1.1213818267389437,0.06480535673584745
2014-04-25,-0.11056318035258672,0.6757648193456632,2.1690410863979337,1.5628702039809863,-0.20854177657543255,-1.0582169751753658,0.04900064247957828,-0.9899414763872249,-0.963954742690714,-0.6278214375381554,-1.0642602994221797,0.16968277440776575,-0.5123158334358948,-0.13952260024846386,-0.7791438402223637,-1.022959255790237,-0.34927311160643865,0.5191051432448701
2014-05-02,0.3423064801072192,0.9932970626825275,1.8992946396070136,0.6333714159346152,-0.8544901723898484,-1.2075810585528857,-0.2730457492037755,-0.748884361739565,-0.0989578776485035,-0.6114524962955903,-1.039628701586171,-0.19934938003053548,-0.8610535955974744,-0.5265768557696457,-1.25569295106696,-0.3564033927107678,0.06206454405825731,0.0885647127192784
2014-05-09,0.31190879764306184,0.9564242510260968,1.8009640626829215,0.6122607608529594,-0.8553173396989129,-0.8758148511646419,-0.257481211400457,-0.7367979795445252,-0.09080096783510377,-0.0823854316316305,-0.43901967534542424,-0.1926122377940623,-0.9158230818342568,-0.43422369706582264,-1.1741202057448081,-0.3328970200497182,0.057554100898061546,-0.36861046332515035
2014-05-16,0.28047665113350495,0.920840743919629,1.7126627996026198,0.5914730852531938,-1.1252754016929722,-0.7470012335582177,-0.8365592667720585,-0.7248889336188378,-0.0826336544032675,-0.10536402352622752,-0.45899006548676535,-0.765304826373369,-1.122195411257602,-0.9648724803079972,-1.2999906457667605,-0.30919931626562325,0.053042385153381284,-0.46081768871220574
2014-05-23,0.24772729671206217,0.3395619492350633,1.6326465203809153,0.5728158147547316,-1.659089646329746,-0.4141380167130872,-1.1439653970052472,-0.7131506231133877,-0.06649858022430638,-0.12910032311007083,-0.4796282677507188,-0.8028395806323403,-0.8487920893285077,-0.9299133079850396,-0.9583925780752971,-0.28525233055118004,-0.2789918403583212,-0.19456658123179968
2014-05-30,0.21329473693901463,0.31555597649390604,1.5595660817691523,0.033869115382201276,-1.5639693928430332,-0.4006085601566247,-1.6498795537880675,-0.7015767481111316,0.37589002198523935,-0.153685297701686,-0.5009904351318312,-1.262855172763393,-1.3596660930853182,-1.4101968733287482,-1.3778214200614518,-0.26751200867494423,-0.2661601512420612,-0.20072684994437628
2014-06-06,0.4170457205188504,0.43938359200220783,1.6184684485519798,0.14892756974115212,-1.8217028885076507,-0.3404558797571453,-0.9192763427554593,0.19368683230061534,0.960579119607379,-0.1792235965370145,-0.0050927033854202925,-0.6557320295306962,-0.6065002971403805,-1.0269621575765493,-0.7201275852302095,0.1040561120645337,-0.033995467773712595,-0.11515234544996844
2014-06-13,0.3848494336958524,0.41338741800539097,1.5470248134082174,0.14111441025479743,-1.0261544227849084,-0.173736158732799,-0.975191024686514,0.19368683230059944,0.9661667361194418,0.9821230645561574,0.7593098770342265,-0.8308201869464329,-0.8545583919768012,-1.5072927613047231,-0.8472588649089391,0.11669941198849593,-0.025244825430278763,0.37270291536033334
2014-06-20,0.35132678328672035,0.38720924191057643,1.4812228845129352,0.13330219065445043,-1.7134743288234544,-0.34865486456653777,-1.35687502660531,0.19368683230061534,0.9718027672694501,0.9564310734206938,0.7300862528492458,-0.6259664011325715,-0.6884880490520032,-1.659856005863788,-0.8141943205290072,0.12949596127383434,-0.016464740834816468,0.9068268583639456
2014-06-27,0.31596188955664395,0.21411733668833474,1.420258485107393,-0.3930197633745163,-1.4354553921317796,-0.6525615061604116,-1.832856580132309,0.19368683230061534,0.8037797052405832,0.9338816459507828,0.7016876518756616,-1.3423555658698287,-0.9319523448155002,-1.9303969510416445,-0.9944345813725796,0.14245538268813587,0.8028284040546705,0.793422490236998
2014-07-04,0.22994035430980678,0.17927428317007654,1.2474167982662776,-0.5051705813286266,-1.8484464660626811,-0.46579388348412515,-1.094242841014078,0.6117796711424061,1.0528467418323575,0.9152241732590046,1.0969086361907285,-0.4607753388398146,-0.27736649288003956,-1.5525605627293697,-0.6886849008322754,2.1642810617407076,1.9984983183704104,0.6332763335566675
2014-07-11,0.20183901075468366,0.17562377969698634,1.2022238908389744,-0.4945537471690203,-0.8788486078385447,-0.4663916961415501,-1.8229389174229098,0.582394809217849,1.0133895611059018,1.5721660057190976,1.4756895137444992,-1.3764560585461292,-0.9118939346659235,-2.0509432334184434,-1.0549362231543495,2.0365783738260492,1.8874879205181085,0.8216728885059087
2014-07-18,0.17282245455202672,0.17197771798848877,1.1593580717073468,-0.48403310663642396,-0.8813012037099074,0.0499734307849877,-1.7410484905889474,0.5530619472233006,0.9754775431276344,1.54022773905509,1.4204743488430913,-1.609855129343079,-0.825857982943229,-2.3523236980693754,-1.064309956456577,1.9248843293946631,1.7889008840628138,0.15965789906831196
2014-07-25,0.142702262547449,-0.1896694469050119,1.1185720361294702,-0.35944872263029604,-0.5465516653775876,0.856651883816885,-2.0310157557615796,0.5236703278658289,0.7981307535843223,1.5167213974240026,1.3695194954137202,-1.715704832651887,-0.6048525160532057,-2.4365522560143376,-0.9397092561944519,1.8259613322817616,1.3521987951278827,0.6259644588532116
2014-08-01,1.2477636684629356,0.39348745707423594,0.6997751313592241,-0.7537091221570897,1.6715324699007919,1.3351156689729304,-1.6505802050982972,2.080378912310109,1.7278856183674411,1.5032435790138774,0.8971226080325396,-1.3729549231715734,-0.5074120469454294,-1.6959049470775032,-0.6975893638698527,0.6280226536391862,0.5911796319379985,0.33686960645883823
2014-08-08,1.203862102521388,0.41560209577574575,0.6765951382786344,-0.7418158839912816,0.983373331591375,1.4561728751824765,-1.957459690752309,1.9669725811388339,1.6437482435696027,1.451910077990168,0.873693098426199,-1.9027591661267653,-0.4032820593345798,-1.970153147478324,-0.5920784468298514,0.6004470265942444,0.5626722937360784,0.2739135456786848
2014-08-15,1.1621897140771362,0.4385518535896889,0.6538458457404086,-0.7300957144871909,-0.35501915627618924,1.4888096848796035,-2.0157092926448517,1.8669184014908307,1.5671406145701248,1.8980348219872265,1.1265266789774246,-2.4346590175989675,-0.859748212682767,-2.2392222528143324,-1.0035165529794072,0.5731156289473488,0.5342291337449098,-0.1633443223773665
2014-08-22,1.122515866482526,0.462417716295277,0.6314911323323198,-0.718542285077896,-1.179390919041043,2.732620275156004,-1.367628778248808,1.777732767030205,1.4968652094982973,1.8245591993689367,1.091569454559055,-1.906058544225732,-0.32519333192683414,-2.3454763792975983,-0.9472220598829308,0.5459597713844605,0.5075550726731252,0.2622926453231503
2014-08-29,1.0846403535901303,0.323132290285997,0.6094969425952848,-0.8245860611668631,-0.8328086306036364,3.15588792761888,-1.478092354039882,1.69755829237098,0.9274249803485587,1.7601065723450058,1.0580546396043669,-2.0996314825028457,-1.0892750395133661,-2.1863826422415844,-1.323007761771711,0.518909231914736,0.26955702086210964,0.24963745364887419
2014-09-05,2.101692643279078,1.004365688757192,0.3573595932071274,-1.0423222447984593,-0.8001529966637037,3.9778119148795033,-0.9915943527644306,0.39159868668314624,0.1255160669084974,1.7038877332486888,0.2230642866998172,-1.3437615754284205,-0.5656749034728435,-1.725016634170733,-0.7851079235980463,-0.14336348566273224,-0.16209340363564265,-0.14740746956962736
2014-09-12,1.995311161012215,1.0504467404208004,0.3394530178033949,-1.0223969076989736,-0.1552774066824308,3.8439081101107018,0.14063674833563816,0.38697967403287964,0.12293636616539388,0.8786934974535334,-0.169596527828125,-0.26676786148016385,0.24518718747594845,-1.155264806110129,-0.06718602072163839,-0.15604702931053754,-0.17844517649317773,-1.4657251552287942
2014-09-19,1.9003866118017074,1.1004193191163265,0.32156807994371306,-1.0029934211285436,-0.76748924837681,3.7126881376151717,0.5758307946103298,0.38237857884035514,0.1203582187433482,0.8525030763602871,-0.14221916835116138,-0.4479172214723724,0.6526942445150817,-1.30789777438123,-0.02958824379890532,-0.16889896262609386,-0.1951316566655937,-1.7305282799220565
2014-09-26,1.814881476318307,1.13851392704982,0.303686349503832,-0.8738621672141724,0.6646575140249132,3.7342968726729326,0.6230620747187092,0.3777950581755102,-0.12651281725787542,0.827039097515484,-0.11391250664799986,-0.7662699141272414,-0.3558711744815108,-1.4976253605191918,-0.5645954589202804,-0.18192942449822416,-1.4462684431404431,-1.9874216395952395
2014-10-03,0.5643881848008719,0.2808892134390505,-0.8940332403400143,-1.9514920390648627,0.5432605079089845,3.779485606692294,0.3022344205815531,0.3777950581755255,-0.10447033953113441,0.8022469995539144,-0.5303320439365914,-1.3170400989030115,-0.1512105171909671,-1.7544728079392926,-0.477037672878292,-0.8911685563654808,-1.7843550104840513,-2.3598334359919346
2014-10-10,0.5570782296409148,0.29976028624623224,-0.9076664517201203,-1.8803125588787646,3.568729564336416,2.9235811801316802,-0.740364562730611,0.3777950581755255,-0.08196957420781043,0.7780767404153968,-0.5025031232439631,-2.0924290924208826,-0.817329200127053,-1.7559284047379726,-0.1983715771482895,-0.9505170037198137,-1.7165540582876142,-1.4016006506579646
2014-10-17,0.5498260281175633,0.319172595360932,-0.9216030171215864,-1.8146983279045867,3.3841878892380888,2.314442806840618,-1.0276052987951472,0.3777950581755255,-0.05894671311636019,-0.7413398398730063,-1.3705965166213634,-2.4543141227999636,-1.2206545031481397,-1.7991389664269768,-0.12045421777997219,-1.0169716553144235,-1.6539478039845952,-1.9348781210969452
2014-10-24,0.5426301236635335,-0.3479774143889383,-0.9358567275874838,-1.4263477481476894,0.9198527710086631,2.4268197937059606,-0.4800003995842805,0.3777950581755255,-0.995236018249234,-0.7151017731971032,-1.3315427649795732,-1.9453611437739073,-1.0032500581480883,-1.5050445449391263,-0.4331438330093668,-1.0923151075819502,-0.9216326140919646,-1.6223940953025844
2014-10-31,1.7045687646245362,0.5548970829328708,-0.9767658571731757,-1.414795556448575,0.05959157455997849,2.7555614177490124,-0.2238996602968924,0.39373648935103295,-0.9589587461322879,-0.6893959176909903,-1.282011909631933,-1.5340440817320316,-0.09705635773380648,-1.5640847561807159,-0.2184557871002879,-0.70101753074979,-0.7131440819562272,-2.309224260626236
2014-11-07,1.6406464695375853,0.5530345738405572,-2.0074628011828204,-2.186728212298842,-0.31633461362075965,2.823043527120761,-0.510189545516654,-0.23699895678307842,-1.33002758853462,-0.6641709710497177,-1.5316765717564995,-1.6200764453674226,0.3436019966363347,-1.658916120131003,-0.014930085607738054,-0.671379864012011,-0.682990015140791,-2.1964325933724784
2014-11-14,1.5814111741917287,0.5511763080497254,-1.9957991058967883,-2.098195624990848,-0.24809855891274446,2.5385492537735668,-0.18785025290112425,-0.21398808478986636,-1.2832167934357406,-1.6106264765797889,-2.0320526987560035,-1.5456381314624523,-0.042971900950770595,-1.7007345644729137,0.12354525825792312,-0.6421183632965084,-0.6532257040493803,-1.8250984641807486
2014-11-21,1.5262640540822352,0.549322258080284,-1.9842959397634243,-2.017699273453117,-0.4236892540306353,2.618538826401111,-0.05044274513393274,-0.1906066138644669,-1.239633319598171,-1.5402277390551091,-1.9231882899636812,-1.5264034301045821,0.21369601050254705,-1.6231230378206358,0.1424839330011859,-0.6131493282514616,-0.6237615310031929,-1.797255255598185
2014-11-28,1.4747080153403263,-0.16259046284918713,-1.9729494694729555,-1.770129165716853,-0.24254587080266254,2.4300005386368233,-0.4024149350268077,-0.16678863277597866,-0.3637150391964491,-1.475326788975568,-1.826710769119938,-2.0709143139126303,-1.293379918237635,-1.8219253658590353,-0.7468898897701436,-0.5843879337994892,-0.20055815689341377,-2.385918656458742
2014-12-05,1.304442067459632,-0.2679313611958764,-3.2241009203754283,-2.7205016085730502,-0.8180784880572197,2.558018411778632,0.7159806701483695,-1.2579615239055295,-1.0400697936181065,-1.4151480326191848,-1.337433107272441,-1.3629167301909275,-1.4203848919387054,-1.9402922389751514,-1.662184465412407,-0.5762203973119954,-0.18705346510183743,-1.529302148202621
2014-12-12,1.2726821258790424,-0.2605654785134571,-2.9558975306631887,-2.515473037485604,2.715605690835753,2.0760480015195,0.10072140722253278,-1.2108990721664112,-1.001658179511717,-2.3846979472473167,-1.9313836285986536,-2.2802793792591736,-2.3630154932227194,-2.2887748895043165,-2.07750734664027,-0.5470688562176771,-0.16264599947437355,-1.1405309092639166
2014-12-19,1.2422165637583023,-0.25322098422712663,-2.7394350497766724,-2.344992106747736,0.9317479468470253,2.313374437618511,0.34539792953606685,-1.1664731241283202,-0.9647165107883822,-2.219291628272234,-1.8266426292582076,-1.8515497550017326,-1.6047726753276175,-2.3017542958704453,-1.960355979350269,-0.5178582967059475,-0.13766920309919545,-1.5310913048553167
2014-12-26,1.2129459885612919,0.6369803104317608,-2.5596370811067404,-1.5161226529842584,0.16254142369158645,2.2767147837736736,1.0574511307462302,-1.1244222820469059,-0.9300745671904841,-2.078331337845036,-1.7330642391712563,-1.4371535001235385,-0.5548624810772816,-2.132059818285521,-1.383184113823858,-0.4884697439160301,0.3275155331708784,-1.3319106007679864
2015-01-02,-0.33686791178151443,-0.6912446555922227,-3.5125584622210764,-2.529653453290203,1.3599225901969758,2.397576068169517,-0.15233385339662936,-1.5134056247769427,-1.170179658128802,-1.9560322138947002,-1.6486217094480689,-2.0397032338600773,-0.4620470899823875,-2.25280151346616,-1.674994293417105,-0.9840893390599497,0.10023066253668898,-1.7299797509937018
2015-01-09,-0.32508986364657166,-0.6739307293706208,-3.110805567022249,-2.3404274503984532,1.220039193263434,2.4375971461137396,-0.5128393505934783,-1.447555744488067,-1.1318185210178737,-2.8139938711721,-1.575124050218448,-2.576563368542007,-0.8103245128081339,-2.364745506813435,-1.9802921985923698,-0.9470349424281208,0.14301594731586956,-1.6324732999993483
2015-01-16,-0.31336205950545815,-0.6569147194643563,-2.8111527098390003,-2.1817857166744696,2.299553180958597,2.395237177683788,-1.4722616588037656,-1.3864672477428392,-1.0951770175163746,-2.5728022873287326,-1.5075799357306776,-3.006875302960204,-2.550265361256844,-2.3822843458168523,-2.7514901770858256,-0.9112408488909853,0.19027949403549932,-1.3185383275893496
2015-01-23,-0.30167965593148277,-1.4825756516579534,-2.5758155632013913,-2.047706485284276,0.8078689912836272,2.748010331437644,-1.5650221666234405,-1.3294892876972086,-1.06831148902658,-2.3771272124007097,-1.4451264374080617,-2.814368464053952,-2.9534383199761787,-2.3830129156079773,-2.728939611690082,-0.8765696321027819,-0.04046661777047259,-0.6318424474638715
2015-01-30,-0.3460860306872269,-1.518184412592488,-2.3840972848647506,-1.4722051014877517,2.251124046378716,2.480679518812886,-2.7012167606927595,-1.276084976026262,-0.657646139512481,-2.213787857633557,-1.387064006107921,-3.0091581775977723,-3.2587863337023006,-2.4565239002996146,-2.75664701306398,-0.861589573264506,-0.057731151418212424,-0.6066531798150326
2015-02-06,-1.1189419539165395,-2.0981545659785836,-2.365661173510117,-1.5802995279160184,0.9614500747174505,2.2825828136316684,-1.1278276789321886,-1.8243349723727968,-1.051622822015389,-2.074400391370565,-0.8928618318101484,-1.844549095563056,-1.3230234763304862,-2.049369027946126,-1.8026171037583612,-1.0061729569562265,-0.16799717754794355,-0.4835821720014258
2015-02-13,-1.1770776963403902,-2.0906880413722018,-2.2033043078347063,-1.514516115231403,0.06540005570666725,2.0431743998361385,-0.37490923686223687,-1.7448068616621712,-1.04644538264379,-3.1151961798429846,-1.9251655110977397,-1.5096856332661284,-0.735780738802184,-1.7789570408560031,-1.31930183534282,-0.9849754467091348,-0.1848745201011648,-0.23503903329033093
2015-02-20,-1.241353534210452,-2.083285916482824,-2.064642773478821,-1.4539693114177519,-0.06553145174969292,1.9364479815701685,-0.04811523280552576,-1.6722006505182518,-1.0413069921141886,-2.8068987961781717,-1.8217860998590594,-1.0496002142545906,0.9572443579956452,-1.4116393662971822,-0.04174935680702883,-0.964353253123343,-0.20211800222361448,0.3306109393322502
2015-02-27,-1.2489521985693193,-1.9320872133009044,-1.9441278061964404,-0.6619156881553263,-0.38916505023190257,2.01125296151842,-1.56442780456152,-1.6054843977278004,-0.3937344293925363,-2.5661317284563245,-1.7293286347833627,-1.4800232915508083,-0.857924323764171,-1.6217232014843979,-0.335070793722046,-0.9315129756964797,-0.19819487640541666,0.35860602123865104
2015-03-06,-1.5390787835517847,-2.0826496614061245,-1.7801157451712883,-0.5536587950503661,0.23917179975487873,2.2985841314681603,0.2495366717729698,-1.3882736660754726,-0.28597389749395685,-2.3707518155135827,-1.165771165203437,-0.5434204098443166,2.1691297695237792,-1.1475291840843695,1.5707260594602348,-0.4658143330554549,0.056810662174062,-0.07110910736077199
2015-03-13,-1.5298054432523749,-2.0227861625612023,-1.691151002226179,-0.5242922140214241,0.5296687922559205,2.5724541406251786,0.48481271398037706,-1.361386830165996,-0.31225673986172153,-2.6457347360468075,-1.6078070381152436,-0.931434183316972,0.928898788450887,-1.2870323529713887,1.3721692846135694,-0.44828587285188204,0.04307001320846599,0.10385350330592982
2015-03-20,-1.5206476347264777,-1.9668218245648417,-1.6105276974577167,-0.4947496753593976,-0.4843913298690624,2.022360300850042,-1.520574718842016,-1.3354477191585163,-0.3397670795756839,-2.437052161063191,-1.54185466141172,-1.6353366325865581,-0.9256439960611083,-1.5976860381602447,0.3437714969778932,-0.4308906274100701,0.02921484682037428,0.797385331405965
2015-03-27,-1.5116027700399628,-0.7751064304406214,-1.5368738526423207,0.5821691270540974,0.21703152846850898,1.8175648731068126,-1.325612977507676,-1.3103950658166128,-0.07610719091995113,-2.2643001956358715,-1.4808331068537683,-1.4981684714812593,0.05505897245027394,-1.4158575890741947,1.0282993710745723,-0.41361278873801743,0.3339229771699744,1.254921975641225
2015-04-03,-2.107220168540261,-1.234263780363667,-1.5522463705257732,0.4890492164295618,0.07467634104640576,1.749967714838218,-2.4959279815245696,-0.9369873385579619,0.18862106847340604,-2.1178369229306147,-0.8835177079156306,-1.800073580080406,0.31999254554049034,-1.3957319732603424,1.41238683258242,-0.5996867960167737,0.20422571459572472,1.1479894529642758
2015-04-10,-2.02405947712941,-1.2222214727915262,-1.4847785445171209,0.526707276943822,-0.6178297088712369,1.9528333028358296,-1.5168417723540184,-0.9252622175325703,0.17052799020356602,-1.8459947025371106,-0.6838760448465686,-1.327001607755505,1.9329350961621898,-1.2548154625117864,1.8793281009906029,-0.6176875479494279,0.17610760243864884,1.0609932428400701
2015-04-17,-1.9481515127001408,-1.2103824820583586,-1.422406031649328,0.5672912192960572,-0.16871902207650719,1.5844208003988405,-2.5170280102051383,-0.9137247393963315,0.15227396870952808,-1.7543619777586994,-0.6741963192551674,-1.6048658982454378,1.4568908209600182,-1.3052381836225513,1.939784303148133,-0.6362350203668068,0.14702231188519457,1.7107967821504748
2015-04-24,-1.878445791313588,-1.163412139407576,-1.3644321528975996,0.6113299361705561,-0.7070627792746884,1.4301294511401652,-1.9699693464375931,-0.9023685411997284,0.13383408259591825,-1.6715935873508614,-0.6646281656774521,-1.3279800922760592,2.4971114952803966,-1.1683238296474883,2.491586876420306,-0.6553672472553641,0.13393987649454678,1.8204344730937307
2015-05-01,-1.7934277968924588,-0.6087456400556818,-0.9727061136037817,1.425208947578344,-0.5640966556562231,1.1361046108134532,-0.9589606237468301,-0.8864513821583399,0.5559503518477427,-1.5962159450576172,-0.6551681333969768,-0.5766020208446535,1.9133681041397987,-0.7170234334805424,2.515722197240326,-1.8548817954776882,-0.5517811508718209,1.2758348713286676
2015-05-08,-1.7161946803251624,-0.5800556886941082,-0.9359641701151508,1.425208947578344,-0.508552377219708,1.0180261173021707,-0.246640816323531,-0.8708600948028927,0.5432552791481287,-1.52461369980467,0.2788694582962072,-0.3951016458505762,1.6628316265618361,-0.523642162674542,2.2832864649807827,-1.7710862029613774,-0.539829415464972,1.142481136927878
2015-05-15,-1.6455350572712764,-0.5514761212273802,-0.9004365089037814,1.425208947578344,-0.6730856957449484,0.7295241060619453,-0.03352028707252994,-0.8555798029473648,0.5307027192314303,-1.4586259109148678,0.2769551248303157,-0.44843468669057884,0.8993611062105559,-0.42851652941278234,1.7447291920200476,-1.6948828720290614,-0.5280066426357856,1.743175030563164
2015-05-22,-1.5804857832680952,-0.5283878078194976,-0.8659883264483447,1.425208947578344,-0.7676512876647551,1.1386578659918078,0.17291619323309393,-0.8405965100030514,0.5182860379148483,-1.3974467004745799,0.2750433185628928,-0.14904691111780005,1.9120933276144119,-0.4675646779376192,2.001825636980511,-1.625098406553154,-0.5260074761338125,1.1152025036707647
2015-05-29,-1.5202699643380264,-0.30431416282037577,-0.832496487998275,1.3186687553415932,-0.19505231974389542,1.2340123150528164,0.025505147940579655,-0.8258970314085743,0.37493032530010245,-1.340419951798916,0.2731340157051782,-0.48395742120741403,0.1110043191953057,-0.6468404259280712,0.931443932596652,-1.5607981928669805,-0.8030534934184755,1.204090858447864
2015-06-05,-0.9951538063647747,0.15842253202726356,-0.6002618314284673,1.6221447424925968,-0.09076979948594352,1.0981530900401697,1.5763948891581645,-0.6326752490906447,0.529797783520851,-1.2870048967344083,0.7350409187811562,0.7077834563900672,2.1546953348336624,-0.009847314406454553,2.0035705591631325,-0.8023538808729448,-0.28247392737879284,1.1748848686538362
2015-06-12,-0.967259234269494,0.1752524677688674,-0.5711283741122519,1.5933008755960916,-0.25565872609511114,0.8507060109649661,1.5277062593219444,-0.6115906805114653,0.5415108678579271,-1.2360501835830624,0.7471853086925196,0.6541588952966881,2.7897799831082715,-0.08692567143019565,2.2792337206523356,-0.7784780387689754,-0.2796372175735457,1.0264495357134915
2015-06-19,-0.9402761519419122,0.19244125307769727,-0.5420306455585576,1.5655086182899105,-0.21630680871660626,0.677928551351317,0.5153666951176253,-0.5908280166134215,0.5534341091222273,-1.1879247718708024,0.759568235982047,0.14710792343872542,1.9558448712764533,-0.20591556982453502,1.8076088341981396,-0.7551692613837807,-0.27680578678692375,0.5870385036714718
2015-06-26,-0.9141365480419672,0.6898698033168109,-0.5128612303772256,1.6509339383351376,-0.21675573464330278,0.873407163867217,1.5751385751497404,-0.5703599965252025,0.27423131369648074,-1.1422960715021198,0.7721998932185493,1.1399463095770028,3.0752265084103207,0.45008987229317704,2.382138190918112,-0.7323863178095602,-0.14935025712364985,0.9250760632546168
2015-07-03,-0.6410502593082283,0.9321243958964257,-0.622730895346433,1.4129957111167524,0.7704249344480255,0.9483743292420184,1.027886093563486,-0.5459226879544895,0.29483618791285415,-1.0988792392457567,0.6086578902725286,0.7956731626940535,2.1145007074451923,0.45378043263146856,2.075890543573277,-1.9792060962136713,-1.0658032020151917,0.6364409917202946
2015-07-10,-0.6259401327045153,0.9272556518390683,-0.5930588242663932,1.378930838518505,0.7543321537490478,0.9039084992354371,1.3569234342711263,-0.5216937023228229,0.316109390168985,-1.1881707211281143,0.45442424988289937,0.9029221346412879,2.3599173486347307,0.5300151827064432,2.0960152747903025,-1.9736972440447123,-1.07221216429724,-0.30148799638016505
2015-07-17,-0.6110516952175142,0.9224211410345091,-0.5634463373710012,1.3463459474557822,-1.0802928491474217,1.189882141782047,1.062393532494141,-0.4976280962820357,0.33811393416530733,-1.1448721095604248,0.49707453477067176,0.5667311596732949,1.7379985359253243,0.09451358779586484,1.477490526423911,-1.9928404932517103,-1.0983385287118572,-0.6255592763479214
2015-07-24,-0.5963736780204539,0.9054360038196593,-0.5337764330306644,0.8049806704915525,-0.4168098723562093,1.046672983909302,1.0222602785839288,-0.47368082673324674,0.35665037670259536,-1.1038298443183026,0.5436964200719628,0.27226170204220806,0.7624238934613674,-0.26657110185642063,0.607640409571663,-2.0480156652992467,-0.017500789675201012,-1.3203320448514548
2015-07-31,-0.8539312756220316,0.6369776812728932,-0.5040706504378684,0.7956285544905768,-0.9901180474813362,1.0395426723723473,0.6817164888280751,-0.44295528452104144,0.4119050980125611,-1.0648448881850152,0.58144576383583,-0.02067687437252601,0.3514299923153718,-0.4113821300689225,0.2516263520940823,2.539664380412023,3.4602701127340705,-1.513269369097977
2015-08-07,-0.8222412436049409,0.6472747194720951,-0.8258517978756292,0.3699409754688622,-0.4941195355497861,1.0461843395244528,1.018874899986969,-0.7827755041920236,0.13882951107533348,-1.027755238463069,0.6221002456773171,-0.09189008926687962,0.3426586831995841,-0.7436440191637167,-0.13396918180002462,2.4576687961968324,3.163633600140957,-1.9554043022116132
2015-08-14,-0.7913732389442896,0.6577372777930839,-0.7973182641008001,0.3723265002529122,-0.7014608887411606,0.8287424699911511,1.3417519205761406,-0.7627927643790706,0.19803941477627762,-1.3996543555561805,-0.013599464735602945,0.015534120927246013,0.14792942487778113,-0.621151495361267,0.008909100889906967,2.3820786708924686,2.9266343264123424,-1.4043465411557041
2015-08-21,-0.7612388860014093,0.6683715028403212,-0.7701472495618813,0.37471808939554324,4.07461269867767,0.44883041166779397,0.9303547188411568,-0.7468943965963117,0.26842985121717033,-1.3567692868831425,0.031009830481765987,-0.6684471329030963,-0.07151538876829652,-0.8696914998314556,-0.001488980810372433,2.3120749168424566,2.7313142530857775,-1.3550508336649913
2015-08-28,-0.7317559453934798,0.2192111097496924,-0.7445035528999113,0.08101974118960095,3.0689007897798284,0.6892729400008702,1.2528426858485884,-0.737239640760793,0.1172303410198804,-1.318149205850619,0.08098800612150515,0.014775899439680908,-0.621382899538583,-0.5556684295655556,-0.43784346683312775,2.2469783662914544,2.089224213888494,-1.0553932408454387
2015-09-04,-1.2662795530501367,-0.3251634391613241,-1.2805636847288857,-0.5043055116330367,3.150277076603013,0.6875293155285251,1.4362073714653345,-1.4005125737518391,-0.4864848428247542,-1.283837371235838,0.11763710916201724,-0.24693246446685369,-0.7555438334488673,-0.7666383213123973,-0.5138194148312374,2.571245164654352,2.2826629215709184,-1.18836173723045
2015-09-11,-1.2247062864200848,-0.2952184389593053,-1.260175630245862,-0.4879448651669801,1.8552940524571702,0.4221617299875438,1.3426480328650117,-1.3630462513252282,-0.459529835036996,-1.6024074093654617,-0.5328958278219712,0.14073855613285305,-0.025167122007112047,-0.3886862483479045,-0.08376178517206995,2.4001053832527686,2.1436968374596574,-0.9526368206416692
2015-09-18,-1.1861535920027872,-0.26428069109692504,-1.2472731959460823,-0.47174588631106723,1.5516558756312104,0.3117999392297658,1.1576188629176678,-1.3305779616322058,-0.43244114165447156,-1.5553390525839954,-0.503634948064458,-0.18044315399785685,-1.0761487911123915,-0.6230405463498819,-0.8758376167541886,2.2544532014655316,2.022906876136154,-0.6665743346786741
2015-09-25,-1.1505440313625577,-0.5054252430679546,-1.2442764282690522,-0.2661685463432618,1.7828596293258145,0.627362160962106,1.8736931547859037,-1.3035305079614323,-0.4096840546505822,-1.5146441599359979,-0.4741357973706627,0.07523924578854647,-0.5980882221981357,-0.4278008042321466,-0.7103646635694998,2.1283068774258354,2.6063440551384756,-0.6403529379403696
2015-10-02,-1.430539121865991,-0.8316752167812059,-1.5933103363452725,-0.5997257351746101,1.1029209602958052,0.486250156901085,0.7078508704714966,-1.0260858047096055,-0.17027598561942767,-1.480504360016834,-0.15866123701946666,-0.8983886210878217,-1.2708081173127763,-0.7435317954346657,-0.9572567891233215,2.5709807193864322,2.8228759025214165,-0.29666996214418334
2015-10-09,-1.37143182985265,-0.7992884333274376,-1.5662004951243875,-0.5905712949228169,0.2142589370980584,0.18406640227525634,1.0790094516187219,-1.0118660568945752,-0.15025611363559818,-1.4534778261764492,-0.1325719982829327,-0.13808631438783586,-0.5269567458162888,-0.35658161644907627,-0.3046567039694655,2.375364868961575,2.623019310537992,0.8461923800911495
2015-10-16,-1.3162449143516195,-0.7676436317420251,-1.5489973495721963,-0.5815076349996429,-0.24348669279941973,0.06547300250588653,0.9292534037660324,-1.0051778517519814,-0.12996393279314977,-1.4127245594491753,-0.12128601406611901,-0.5769426237517936,-0.5649660943514658,-0.5727909278916087,-0.11276910972629592,2.212056489867945,2.4588632705701428,1.1385231047231572
2015-10-23,-1.2644836674054967,-0.4286685974104221,-1.544138420984041,-0.5682667560528398,-0.37888430025712994,0.7797826743439137,1.012852708281123,-1.0097528043747999,-0.13906210346698689,-1.3771454099212188,-0.10996998320507594,-0.2698223421664569,-0.14982677779473771,-0.5449313608089217,0.034433546581002804,2.0726789344514165,0.4383567468317765,0.9412590615916442
2015-10-30,-1.2326215599116517,-0.4010881866783374,-1.5559972442331451,-0.14163258728722067,-0.2358418266029958,0.7200705175986499,1.2558036555990337,-1.0330993233390604,0.2962688758088954,-1.347029972426067,-0.09861910437095814,0.15777855740991814,0.16409513097770728,-0.6526633290670611,0.2555584920956282,1.9543812652192358,0.41568392463164977,1.038051695667976
2015-11-06,-1.2423538881629679,-0.41402740495514107,-2.0402363154841825,-0.5220596877149649,-0.4231117314584916,1.4117164616510869,1.8256504694649607,-1.0253716370535029,0.27001990209295884,-1.3230011541414968,0.7901932271110883,1.207253785305687,0.7162635825941478,-0.41130840396784585,0.287544871153169,1.8353582476181187,0.3802320563846827,0.2809571150606108
2015-11-13,-1.21943218740335,-0.38552315113783353,-2.005747469581367,-0.5215442908155316,0.945951282966332,1.3419829502400906,1.7868860118053629,-1.0283744244279227,0.24322350347924473,-1.2912213294741202,0.7639767931483501,0.8648419044676624,1.0024028595536267,-0.528598458503379,0.43163910203355205,1.7436016280354327,0.35772131404834423,-0.026040798766173233
2015-11-20,-1.2028129534569851,-0.35649708494758847,-1.988303119075567,-0.5210292169757377,-0.18873375094634195,1.5249776198752325,1.2233057497110857,-1.0488400269831695,0.21576210637710597,-1.2645175987221262,0.7383735006077884,0.7569099213145429,0.4359908225505252,-1.19265148859127,-0.13436485519719682,1.6607169051077886,0.33511861982417407,-0.22390794767715347
2015-11-27,-1.1942939030989947,0.35145226436608673,-1.99186414678738,0.06272057583268142,-0.2840115996799727,1.6736173252225524,0.9845457767767842,-1.102016388727181,0.9061663959038152,-1.2436536895906134,0.7133313621320457,0.5153965471103968,0.4826720881621702,-1.3874224444719252,-0.0665974682005711,1.5852247464610671,0.055994700533900814,-0.4464479313497092
2015-12-04,-1.8509780705082226,-0.2883918157488059,-2.5597084714494724,-0.4240519962294692,-0.3778071220772665,1.022779814769273,1.265362781873556,-2.0723998318244923,0.40608657111139257,-1.2299487028544447,1.3990297455689487,0.8750655419697702,0.42425464762635273,-1.1845423366277013,-0.2750666807043577,1.6537483815895155,0.1793125550514869,-0.3829101630268573
2015-12-11,-1.854675887314293,-0.27081913823703163,-2.41254347609902,-0.44562989945475906,1.9370267243056978,0.7013932585744785,1.1782080231781635,-1.9758707044124693,0.37933805130324755,-1.203279157784801,1.3410126857550013,-0.014778959643541359,0.11239240715084114,-1.6654748472540686,-0.37865139067837766,1.5780581894394836,0.1647391887102242,-1.0510874354540232
2015-12-18,-1.8840936129277992,-0.2532041079882493,-2.2889826460815708,-0.4680030287590787,1.0130125437420396,1.1948905100361797,1.4265290083777897,-1.8912296990639519,0.3522531739516868,-1.1817738891046428,1.2866913157689472,0.3374278946916115,0.1598073709585158,-1.801705848093046,-0.6383831228217784,1.5086150509278888,0.15010385477286778,-0.8712123949571668
2015-12-25,-1.9532794564497327,0.1830883768756977,-2.184346405705168,-0.12597336984511384,-0.18266979658724283,0.8532711768816406,1.3918705710517187,-1.8167328187261587,0.07762235923605539,-1.1665800753388742,1.2355967229706586,0.691897602246437,1.0001915301093365,-1.7104913938234414,-0.41689905687143264,1.4444926358644492,-0.27941362990477947,-0.6047963655521305
2016-01-01,-2.1837685173017927,-0.08542032696000744,-2.2855425034286263,-0.36361541253621693,0.40863067181676627,1.1747751058317843,1.3383468917987777,-1.2458770487544388,0.2971660628180498,-1.1596594418492567,1.18733461415083,0.7882121249254002,0.5764601608802734,-1.69907865602535,-0.7163912720112412,1.6227927326658178,-0.025935280085437298,-1.3660460764937175
2016-01-08,-2.0849761032004457,-0.07929407701533385,-2.1350902484763385,-0.40526971225986613,2.342404394427887,1.1106017369121417,0.9263405275118929,-1.1969992001105862,0.26283773349016964,-1.1329690834905144,1.141570177780571,-0.05123666575210259,0.3367971497788137,-1.7625870882835861,-0.6617622207687119,1.5479539043185289,-0.0348772486561513,-1.485585449823987
2016-01-15,-1.9999042480686893,-0.07316473619456043,-2.0054798182938214,-0.4507756214551126,2.223432943173963,1.322804171820982,0.9820541160237798,-1.1506857068783807,0.226401885352603,-1.1107144161236964,1.0980164784965727,-0.6858326807260858,-0.24776650734180344,-1.7638298415742972,-0.7490135559851234,1.479175886723502,-0.043864494662506304,-1.7003997127763073
2016-01-22,-1.9267255913099388,-0.08877816279174976,-1.8920348288023883,-0.5010091734957475,1.1649899564795052,1.5998397708185035,1.171991166372742,-1.1066396604498117,0.1871377028712277,-1.0938592518556236,1.056425437964834,-0.4915588260745682,-0.41009803702577596,-1.6531729564490807,-0.6751827023413945,1.4155615068320582,-0.05688481431754291,-1.152875453070257
2016-01-29,-1.8642601527987754,-0.059034933890480146,-1.7914256803489281,-0.07310127887951236,0.7103053622000225,1.5517496988542863,0.24074153157460393,-1.0646047574553015,0.15617376188879303,-1.0840428328136285,1.0165807349650067,-1.4506822359159766,-1.7124053670737707,-1.7058824166298618,-0.925692523892715,1.3563848825086018,-0.056634784722538335,-0.29102570023224184
2016-02-05,-1.6722144704468611,0.0018380893389639043,-1.9946527281056878,-0.4526300757531327,1.345404880917229,0.06990698187135799,0.21617244226353138,-2.396118753006255,-0.8733753829558075,-1.0841500570885467,0.9803468449861907,-1.9466570535661059,-1.7784353075658201,-2.0153291100114274,-1.1568383793045172,1.7486742812868334,0.46555789563188266,0.4571763252328358
2016-02-12,-1.6001976981415675,-0.032193332355212004,-1.8826112119139136,-0.49735863235013805,1.6842894358135272,-0.5635227603309895,0.0019317370001814664,-2.2452615964256286,-0.9867775633033052,-1.0463685359575927,0.951373800156054,-2.553787982841768,-2.102888936014793,-2.4111401462572184,-1.1869284581359991,1.6638187956777624,0.44256311409543597,0.8560561526641047
2016-02-19,-1.5344265254599314,-0.06850075877592236,-1.7831322291878968,-0.5465438767741326,0.6558799533638567,-0.2325371331242785,0.040686902653902984,-2.1151982886255434,-1.1319166827557734,-0.04465488237038689,1.7502289280060122,-2.2606343282303123,-1.778646985948253,-2.3941844189916646,-1.176448733575291,1.5866783544439234,0.419612857275613,1.2563417139825925
2016-02-26,-1.4740679441678344,0.6652342482683559,-1.6938410015075054,0.06896696180488321,0.4841591952950234,0.6683895416639413,-0.7478743628865508,-2.0013453562560146,-0.3675128965564763,-0.01309737754543147,1.7048588889767957,-2.1444048284065707,-1.9449617870062144,-2.4269936949246653,-1.4473164911614795,1.5160256143814135,0.2550828296645365,1.3878469342742048
2016-03-04,-0.7334054537523454,1.3167803272145406,-1.4489016601157791,0.2812238295916013,-0.13272650355498383,0.18261220165697165,-0.6396694578961889,-3.21083087798234,-1.9311851798346342,0.020220022658568943,1.6364258147671549,-1.3938580928217115,-0.905482173455472,-2.07095792613181,-0.8938455288684148,1.0105732440972033,-0.3309506705255033,2.2371898896076736
2016-03-11,-0.7030225221229006,1.2952437961977008,-1.3875125764881797,0.2600797854473976,-0.20941895930273768,-0.494688685291379,-0.2803489599421565,-2.87981798220118,-1.8727693220165187,0.7265379520115491,2.147875788431523,-0.8074232859195558,-0.7411558150488404,-1.9048594153499407,-0.6861609369357169,0.9727904762725927,-0.3394823522358162,2.3041596124332133
2016-03-18,-0.673093376587226,1.281261171681746,-1.3302636334540232,0.23875074520049006,-0.7299413913973328,-1.1877663861129426,-1.1794421600183869,-2.624392244306125,-1.8181964808822337,0.7319385016768435,2.0918708844025917,-1.354405875103128,-1.321909957915275,-1.6797618320845247,-0.5455753970267004,0.9363678778826265,-0.3481029160260133,2.302182210385932
2016-03-25,-0.6435299643141144,1.5572434934362451,-1.2766117062109292,0.507345333551045,-0.5784492356750008,-0.4588383345094395,-0.845561429814704,-2.418904170204229,-2.0703857284554483,0.7373832455266399,2.0513887706321663,-1.1774173247290036,-1.2562014883714734,-1.694663937654832,-0.581906679897913,0.9011600298230978,-0.619964276084767,1.8744194222288382
2016-04-01,0.6521019990614932,2.64487493280106,-1.0067685025889384,0.8212599475548181,-0.9087557363684802,-1.3452623689806722,-1.8236047708664749,1.1455455736779614,2.15837543200495,0.7428729914869256,1.9626554502102804,-1.81772935020587,-1.1556257463653894,-1.5774667366702866,-0.4280791912584039,1.219921989696851,-0.16204589761731866,2.0746440540480036
2016-04-08,0.6476551177675224,2.456661209590655,-0.9702136795962161,0.8071518576645836,-0.45600786391129,-1.518841179623639,-1.988235757125254,1.1334401336089728,2.0399709511392166,0.7610245177608924,1.8722749823964162,-2.097005378477118,-1.0102690703045845,-1.552829302067559,-0.4096623641917521,1.1728187602252698,-0.1699089412288886,2.500669017035988
2016-04-15,0.6432334703033641,2.299581992837997,-0.9349814793282057,0.7932923307721109,-0.8171388980123703,-1.1905989563281336,-1.7787298507233862,1.121540656733817,1.9353832379104272,1.7963315300776295,2.5689993977979637,-1.8417163975087296,-0.9765915878668627,-1.4898540484400689,-0.4361762289887418,1.1281114407512296,-0.1778251831619975,2.4929050502808976
2016-04-22,0.638836687163545,2.165888028537079,-0.9009386547946925,0.7796709511529906,-0.9076093180859985,-0.9088867147210399,-1.5928229711571298,1.1098403636411782,1.841968220188593,1.7590625779484883,2.403491689303831,-1.156927579942881,-0.03906768951831586,-1.306655777913854,-0.2221437820147045,1.0855314994658842,-0.18579665013184948,2.5677371655624963
2016-04-29,0.6344644055987978,1.947882251181707,-0.8665054103723884,1.1648369701752876,-0.4044015082841804,-2.0310372960749543,-2.344310631926002,1.0983327810280146,2.595458124823232,1.7234604377736333,2.264117743793373,-1.410372399669089,0.04617266131733973,-1.2135307136910494,0.1421412730002508,1.0497768153623976,-0.7680818702795188,2.5832897536208512
2016-05-06,0.08203613066901776,1.4137314216856085,-0.40330684489320023,1.7450313031370708,-0.6225361535568451,-1.5332021701632454,-1.9343544622994422,0.8084175291830379,2.1958347995716445,1.6893960791856675,2.117172643772825,-1.5411654683281466,0.3401094285749063,-1.2073849681807942,0.5618400690173708,0.8927858472570046,-0.9373041395642341,1.9381191411544147
2016-05-13,0.08978378679219359,1.35467678398034,-0.376285931790393,1.7116101590299215,-0.5707080161752555,-1.1681451163257925,-2.1367241151876004,0.8084175291830379,2.101193537529594,2.929683403148834,2.3180351141805904,-1.8339572628083478,-0.015213860633757572,-1.5622148966579232,0.2328136037894438,0.8626543083911141,-0.946046369838187,1.602389415393845
2016-05-20,0.09757073596619227,1.2994488264692157,-0.34889321697249115,1.6795537092557822,-0.5552322324528324,-0.7473205946914798,-1.2100801184755692,0.8084175291830584,2.0156471994859433,2.7075675010119404,2.162844056260616,-1.119045361810098,0.4994688645229052,-1.455593037828961,0.5145015756140168,0.8339918814966287,-0.9549094372360563,1.3934673392563952
2016-05-27,0.10539873851804965,0.6865587452950926,-0.32101572013025975,1.4350679185381632,-1.0001089867233761,-0.6073525890207865,-1.3097956866340366,0.8084175291830584,2.801263583124634,2.5240716180175364,2.029615553614835,-1.0820297836421595,0.05916656941212553,-1.4328098241219935,0.2627031137634187,0.8068959575809375,-0.3806284076607591,0.8977799619761968
2016-06-03,0.40972144833664154,0.8887995466455789,0.22740061220533123,2.0221358722152107,-0.919034114684661,-1.4188407027444416,-1.6753009986171206,0.8183671368263202,2.5929203539838364,2.368879690551488,1.5205597360275274,-1.669577901890487,-0.7773786872163186,-1.4609089758762124,0.14289642840848168,-0.09448878116693331,-1.3861139355145182,0.8082142134267172
2016-06-10,0.43233909056521136,0.8660096858237212,0.2683878553657392,1.9719073506949094,-0.1664595676776816,-1.0858866831633063,-1.940130768755326,0.8284747564817616,2.4197023973123137,2.865660642682056,2.045067696432756,-1.9028860751799161,-0.639018371443435,-1.4860746715730686,-0.0807176614926576,-0.13278803349110554,-1.367317300171956,0.637707258161074
2016-06-17,0.4558409137930481,0.8438176499827929,0.3132066197358653,1.9244986876860002,0.32914112828476627,-1.3106899349235102,-1.4678722753488558,0.8387456988706373,2.2724498296153075,2.6368256059806794,1.9321588346838163,-1.8865370097375977,-0.7952211493555249,-1.3905732210022934,0.12885034764724435,-0.17434481407367355,-1.3489968471673117,0.880417501518257
2016-06-24,0.48031434941725,-0.15675984295169595,0.36281004804841865,1.62661421642614,1.6331589925763774,-0.6058810238992108,-1.6433127871069917,0.8491855247662479,-0.20730462274540015,2.449189064544418,1.832026210280571,-2.0306142021481413,-0.5023447437713753,-1.3201712013252087,0.20637637281378912,-0.21998012917951135,-1.7663543548502287,1.0559217538340386
2016-07-01,1.6314489599382624,0.692996525615017,0.43572950448299497,1.6274829278367813,-0.7072428477130895,-0.4863601691054588,-2.1072680107235175,0.5698036373263189,-0.40217983110893546,2.29136444601558,1.7395415281425344,-2.3721143768921737,-0.6415072006687708,-1.5436288654563306,-0.05861373081276995,-0.11055755655890898,-1.5961105454131963,1.3898478870392605
2016-07-08,1.6448092767938698,0.7011199385671236,0.48806878582405644,1.6029988581218073,-1.0171801670491634,-0.12078565660467462,-2.350703150810161,0.5872589308172432,-0.38983540600498556,2.149664601818666,1.1309860243158827,-2.5798464975639335,-1.212053583110776,-1.978731769878032,-0.9144510911639057,-0.19425847485988185,-1.5964322417402805,0.9115182105369198
2016-07-15,1.6584140068339526,0.7093453765321658,0.5469899687470681,1.5792789588577114,-1.1359852906897356,0.05234717489105452,-1.5051116870580283,0.6052230398858585,-0.3775702247872755,2.1915242124085035,1.2655787687202935,-1.5512779860154233,-0.7261966009050934,-1.3645613194287014,0.03125047684807227,-0.31149829091319026,-1.5967540778381277,0.48093876864991325
2016-07-22,1.6722712402630657,0.717675726758565,0.6144677477105503,1.528437192621917,-1.2571172582811658,0.5570061000002329,-1.6457259898212868,0.6237305821328945,-0.3653786765633664,2.06169128080894,1.2167421668069598,-1.6042752184096327,-0.5483537702714776,-1.4532006008529343,-0.34187806776049984,-0.5116219594696746,-1.56026478376618,0.010244482977787302
2016-07-29,1.6516619553803011,1.1473836140074811,0.6934296873922743,0.9909150269558221,-1.2860016349813839,-0.5283570625709303,-1.922905055282964,0.6428194743457285,-0.15097920791445463,1.9480849547861323,1.1705323791637168,-1.9456059298002104,-0.8672776333967174,-1.706663546464072,-0.9446605834028116,-0.5504235965840346,-1.349877095215662,0.40873222908156603
2016-08-05,1.289864902562915,0.8709511889828222,0.380401257470809,0.7028820467996753,-1.365832051397295,-0.137801059477752,-1.361683518848337,0.33742287551427996,-0.353255271894187,1.8473913792283443,0.34585723193304113,-1.362494407600511,0.2120240866063754,-1.288386396184314,0.9698101834418505,-4.217670483789492,-3.1744290686286485,0.6102755347594976
2016-08-12,1.2930389690904545,0.8625698972806932,0.4359648048812615,0.6864726108348279,-1.3193718783979296,-0.3966515383379762,-1.3829983548834777,0.34448162788312786,-0.34894269771615394,2.383627308907406,1.1114740739963012,-1.6057362476586674,-0.8770350690073575,-1.5483573248278781,0.12988089567936442,-3.655447301194293,-2.873116708969018,0.5853810419032913
2016-08-19,1.2962278159744014,0.8542853617376448,0.499394243682163,0.6703435749959342,-1.3318646591192855,-1.0803250609225388,-1.21288168483331,0.3515991062271801,-0.3446443361918407,2.2183535229294833,1.0698191602606486,-1.2769774756895613,-0.5007333110987764,-1.3988189358177883,0.45942748372342596,-3.2603459401533237,-2.637074875417172,0.9552109550939556
2016-08-26,1.2994315718398708,0.6192671782856208,0.5734228006292766,0.10209148046100795,-0.8114590567861821,-0.470330183969244,-0.9749348526341692,0.3587769863462096,-0.3446443361918407,2.0774925277050817,1.029981214273989,-1.0792938621059958,0.403317278008599,-1.5240762184983663,0.2320278213302112,-2.9623109390424816,-1.7749615221056263,0.5872347922559872
2016-09-02,-0.6374807196300599,-0.7857858123679355,0.7270055554203432,0.1533398026753209,-1.1546362294125734,-0.2902211448529337,-1.0149461107116409,1.8349132063378883,0.6568598335753263,1.9552697101668002,0.4609847779623273,-1.1126952772974112,0.6351109616239853,-1.3788970053373826,0.6380107941922989,-2.060372132119665,-1.2327900101127693,0.5959698014216926
2016-09-09,-0.6161887193208688,-0.7831159495119737,0.7606095214349592,0.13115489617558163,0.12522386204788016,-0.598969337562196,-0.8229565796379422,1.7412091043600324,0.6287700861672868,2.3762998452303985,1.2448751020002151,-0.8088526355112786,1.0723749070549367,-0.9795860027657479,1.3542337144842502,-1.959249797182628,-1.186571332815645,0.629606196462801
2016-09-16,-0.5952263795159486,-0.7804561858863256,0.7963504013918251,0.10853630404585912,-0.34147332759451343,-0.17641002584260615,-0.7143379682610153,1.6566808444681593,0.6009872518345218,2.217023088251124,1.2087360838451087,-0.6630379192508358,1.4133798353528362,-0.7142100986161951,1.7117352317733547,-1.8686241685773743,-1.142831993923465,0.16432916553653076
2016-09-23,-0.5745656510378726,-1.5773463974361652,0.8345183798601389,0.06449902859064859,-1.0282040638151846,-0.5268371371821807,-1.22717989301014,1.5797728995948206,0.7787140543011751,2.0808296133957724,1.1760543259906495,-0.9401366731312937,1.493948083472849,-1.067811488824629,1.4413126435520858,-1.7866872150568978,-1.238962216738848,0.15294173763248317
2016-09-30,0.6824239008750926,-0.6935574847740424,0.843840052389705,0.03782587221589859,-0.7587293966096903,-0.5332615641276516,-1.3676966790431633,1.5123034764412036,0.748239544306503,1.962398700987474,1.1419480893363232,-0.982601887638591,1.7528810764834002,-1.1296712198810113,2.2916496034438856,-1.5341885493349399,-1.0855434959392531,0.38543405973853684
2016-10-07,0.664485386155992,-0.7172438191127083,0.766454237104102,-0.041632733849466176,-0.6935544795177504,0.052352297195909024,-0.9361188380265127,1.4499230038098385,0.7183733309151688,1.8579889429571326,0.9154065217224182,-0.44826873887604496,1.2217244259666424,-0.75240869919222,1.5828834029158318,-1.470802418913572,-1.0740657185063252,0.06695320652610437
2016-10-14,0.6468549088074994,-0.7419271180535446,0.7784796682120323,-0.07055126345215787,-0.0696507534422574,0.8789816196550696,-0.7862529075515319,1.3919335034359488,0.6890340081247932,2.2110486918263956,1.7770670339710857,-0.15435433643506216,1.6166950241378515,-0.4085887811739629,2.326152138360992,-1.4119547811896789,-1.0716876567633418,0.44101089067792654
2016-10-21,0.6295142282001703,-0.7537143878160456,0.7907392473045928,-0.10088843227152065,-0.7251509045747586,1.2354782035144765,-0.9848768800489308,1.337761985331527,0.6601433079121855,2.077872214002221,1.7304100104749427,-0.36915122862796634,1.758470593922051,-0.7076944034370461,2.2643198706530723,-1.3570484436637638,-1.031160464538871,0.7439210416448269
2016-10-28,0.6124461273105339,-0.49868093029883886,0.8032427560611982,0.18081327331789218,-0.052848446690798696,1.0114442057286475,-0.7166915465899334,1.2869328096263957,0.8431503295505162,1.961914792551749,1.6929490476434654,0.13718462404999396,1.6455097445215778,-0.10270841138501419,2.306650243959995,-1.3055888139005556,1.0753972001710865,0.871093531509387
2016-11-04,0.8247913027154724,-0.33646300212522523,0.6132090506708602,0.03850757884479646,1.389782875389486,0.31972368031529413,-0.7667430882209203,2.973991365201425,2.3620750113335722,1.8596108216777616,0.6982192152341388,-0.10985983518821095,1.6509578088049162,-0.1182136833708209,2.6227821547927186,-1.3362584213785402,0.9939209718350556,0.8849946304891588
2016-11-11,0.7997067287271271,-0.35822569985595465,0.6064261514311935,0.006219305481437469,-0.5367986873734266,1.3147147377161628,-0.07519452337719003,2.6977344306445925,2.2013807038142743,2.2497367608794936,1.8362486490121668,1.462414497552508,2.715597925024774,1.497506232689285,3.7651744751203458,-1.2856637146808985,0.9937886882345517,0.8593290761139213
2016-11-18,0.7752508249402746,-0.3807764124975055,0.5996970905416057,-0.027970128315253962,-0.8297410873822012,2.589096730498893,0.6791743322599793,2.4781443110285477,2.0639991400013415,2.114204815139047,1.7732483427815726,2.2493996528548874,2.989274531035131,1.7987926555617213,3.650969129676435,-1.2379896059351467,0.9936564308614162,0.7825438426391926
2016-11-25,0.7513762207850386,1.1034813399572625,0.5930206499284757,-0.13642150420578825,-0.929147865652123,2.634216687250881,0.8338446744975716,2.297621663920985,1.094486093126765,1.996576987774828,1.7187497377396541,2.270989873159851,2.8458465290651653,1.6268700917429149,2.9807792457939772,-1.1929024800216472,0.4048693818395384,1.0519330238776923
2016-12-02,1.4462029208887033,1.6419376130731063,1.392778737348539,0.41472359877855075,-0.5131465502391731,2.140707570029093,0.9589943412701831,2.9210500605719556,1.900829844542039,1.8931282005040824,0.6829112043336981,2.379134086222978,2.5313786119296324,1.9899966123601487,2.5718856418646387,-1.3475462479511928,0.20181525188246283,0.477000284452642
2016-12-09,1.3886116680292018,1.5727648118206288,1.3351127706650614,0.3842626769801003,-1.0302042936047906,2.375836445401671,1.0843318891851386,2.660785057628078,1.7993093791191612,2.595795090680366,2.8130731822421553,2.5109837067762264,2.4540900086001027,2.1493965983386123,2.2896618540280187,-1.2938069093985343,0.21665727776963042,0.7001566752921865
2016-12-16,1.335010516468193,1.509467709172976,1.2810930148727264,0.3529471025383033,-0.8883378715416649,2.794711816979915,2.13553626523781,2.4520048797089276,1.708348823373943,2.411131641104392,2.6055344261576696,2.803438542163304,2.792085434780677,2.087740329562245,2.4718043711250215,-1.2432735407342959,0.23177563826084835,-0.14631326703506756
2016-12-23,1.2849369770699695,0.5147060541305349,1.2302581141556246,0.3250229953554125,-1.038420673959345,2.5956691727014585,1.4494466772604682,2.279236996009936,1.626848479262478,2.2563959389367794,2.4350487982793676,2.493028975955948,2.515937058793827,2.0884540587841154,2.4087573917174248,-1.1955603404283235,0.07611204575587116,-0.5430561522945841
2016-12-30,1.2445876808512637,0.48684242985034437,1.1838910649133336,0.3623170202794351,-0.4078073768121931,2.2026123873749595,1.1336413942363637,2.130927537017205,1.551740743777115,2.124176385335574,2.2919930240520245,2.0841435981557757,1.825610930795823,1.5543092762269577,1.6651754548291668,-1.149366667717918,0.09002925448571047,-0.4162090416273795
2017-01-06,1.918984892527208,1.060060925323999,2.1295723078873303,1.2068316436007607,-1.042098812012516,2.0269523815314363,0.9819029204063828,1.6215013429415417,1.0258598384188502,2.0094398804518763,1.3793109438359,1.9087493848858366,1.5119329785793754,1.2297533421784157,1.1448467192322553,-1.0110135570987984,0.2140310784320588,-0.4975105721328789
2017-01-13,1.8466238747880506,1.0222439973421755,2.0124327587209154,1.1763078724570324,-1.0696057010065478,1.5747107693536166,0.7852913741919495,1.5470366079332032,0.987654320987934,2.59397909637427,3.1535042350618903,1.7678674231296583,1.5401307476464774,1.1626895465011104,1.3044015151467487,-0.9730870758556089,0.2267639440800169,-0.4666088493040032
2017-01-20,1.78364182523028,0.9861022860933084,1.9095584372107852,1.1498326099386447,-0.9568781141754513,1.3840911268225213,1.016847722893251,1.4785905160439208,0.950868261260101,2.413957484864122,2.8816288226910167,1.9364697541345874,1.3844768727798207,1.7015415181981712,1.2121575386341565,-0.9365237098365827,0.23968920248842118,-1.1424521586687861
2017-01-27,1.7293296053571352,0.7606451983622937,1.818261128822056,1.2580129987421087,-1.183031573049029,1.2883046201498596,0.8796816161914403,1.4152760812332361,-0.3403045767117586,2.2629147444878295,2.666299230514003,1.8683201870683863,1.506175338842121,1.6040451822220718,1.1657540253253225,-0.9011764589980163,0.33752675568453794,-1.264240462005705
2017-02-03,2.465836205805635,1.444142371340431,2.077844074637613,1.5658265418182091,-1.0576030981794753,1.0098341261407078,1.0678602989589863,1.233951905471892,-0.5240829489629331,2.1338150387493466,1.7121971336209494,1.7741524202155565,0.6315733245403025,1.6117416019427826,0.17052048546346626,-1.1393017556549967,0.03999821244396543,-1.4873488053239592
2017-02-10,2.3435836418569047,1.3923354891072202,1.9963235826984216,1.5354318677193612,-1.1183237528092989,1.3012675189808112,0.8635173316943986,1.1884968624034766,-0.5479152062375748,2.0218621038739952,1.6512186598676537,1.4714690901353216,-0.03578764404696611,1.1495257113034663,-0.32580215809247265,-1.0997690738564188,0.06919427799334073,-1.006571597142813
2017-02-17,2.241235631802997,1.34459315183364,1.9266284856043983,1.5137153083291768,-0.8819372188919857,1.3039788075944476,0.9405782897758806,1.1455480470242871,-0.5727615482557564,2.29065765169411,2.566554398657056,1.4360896650372166,-0.08558545288155515,1.1116838334022787,-0.2217803653568395,-1.0623532651334515,0.0998480937652331,-1.4527775419978761
2017-02-24,2.155726537297963,0.6679861514956399,1.8677675599117487,0.6876561054868957,-0.8608261060308814,1.3124360547916922,0.3750571802907824,1.1048730131923672,-1.3964489115360441,2.1544052359010166,2.3903173381395173,1.0842979784131563,-0.48462688017648575,0.9592729605101427,-0.5687583714738902,-1.0269351160600069,0.37389210849556687,-1.075456556161085
2017-03-03,2.8366687704786586,1.4542433549230813,1.7651040715843185,0.6152641908957538,-1.0009183543511457,1.4146427606880754,1.1574068727516391,1.4710208343499733,-0.9316734928087479,2.036555719247112,0.8130429860565462,1.5201768729724545,-0.2231744130522211,0.8170393086689327,-0.8123532427211099,-0.8064480089772114,0.6087537770940789,-1.0413998366007335
2017-03-10,2.6191109280211817,1.3942842735238123,1.7103531740782494,0.5858616903010727,-0.7245898560862946,1.2623743586987612,1.7872389417017251,1.4377388927565207,-0.9700663247641935,2.150180770589325,1.4218247968292608,1.6861419669756539,-0.33531368053887106,1.0738122438278914,-0.5973830584757691,-0.7743354005632839,0.6166012396931095,-1.3547982492094284
2017-03-17,2.4410507606875944,1.3383494061094592,1.6636205347833164,0.5565231066334573,-0.8345119383984279,0.9017557299825311,1.2972867542749404,1.4111242933836587,-1.0111514492754816,2.0311594395011685,1.365044158215497,1.4135184660690983,-0.43283644445604463,0.7655991545010588,-0.8783771404895221,-0.742874343414141,0.6245410802510732,-0.781377486043941
2017-03-24,2.2918907383917153,1.2895690156650423,1.6249457492446417,0.5291263602857358,-0.23345227569227023,0.648476843428754,0.9009818559070532,1.3922216311713405,-1.066650232478979,1.9268344561694921,1.312060391047679,1.1144567729902806,-0.45408051011949213,0.5778836909003225,-0.657586902362374,-0.7119662601684213,0.6240525389687245,-0.7729583998749836
2017-03-31,1.9384348416569892,0.46447108389731584,1.572881930397424,-0.6121780212239223,-0.4349831158315353,0.8602860497422034,0.922281992223201,1.6148724480074323,-0.1386408715945837,1.8344140213271687,1.2624276995295538,1.0741007935566302,-0.3970048678957241,0.50823022026735,-0.4817321193707937,-0.9549788757980181,0.19592454159211387,-0.8766654708025805
2017-04-07,1.8326951809454308,0.47785256876642135,2.107185883355455,0.057284688675950324,-0.24369623033910268,1.102782307404155,0.9407274029599013,1.5409983726944303,-0.13506464352741643,1.7518356311619536,-0.3734937681796798,0.9854102992811541,-0.41661221163169887,0.27155862671793396,-0.6304947923859295,-0.926040588258989,0.2168293118130788,-1.028557874031446
2017-04-14,1.7383009407356962,0.49150708361294787,2.0247510674777396,0.04251952027622432,0.8214849393827804,0.8551678495211358,0.28336829709680805,1.4730559236972498,-0.13149120878835036,1.6275170221502027,-0.5321917858152776,0.6063565550616087,-1.0126329578201265,-0.07257025084337007,-1.3189370099919617,-0.8992531343442192,0.23838899889052936,-1.3007056397075802
2017-04-21,1.6531796917289832,0.5054490328928439,1.954658197693441,0.027609162556540303,0.3471205036611196,0.6261969354659603,0.6948258714441181,1.4101754087583198,-0.12792042981341598,1.5600262195638734,-0.5422093517643156,0.5877292492459076,-1.0211130410053764,-0.014294356344256291,-1.2058620596157819,-0.874909460918091,0.2606690436297226,-1.8049592722795635
2017-04-28,1.5757495455050032,-0.19345163128078102,1.8959066568097247,-0.38428324047905676,-0.9460237618202992,0.27050585598347343,0.5104537092473126,1.3516520446454643,0.06775911860835813,1.4982357059372777,-0.5523769303395973,0.6900690663237915,-0.8742031533559437,-0.18028902659429874,-1.3499797825543776,-0.8535153175428759,0.6374798391755448,-2.0141715544346956
2017-05-05,0.575542073473485,-1.299775801474935,1.7298732991002719,-0.4539653449288804,-0.9969864777554307,0.09619857699435225,1.163176057667673,0.48421796707148124,-1.008112434096525,1.4414416423586545,-0.5627001472587378,0.836075702594949,-0.47092427825807426,-0.007695435382619273,-0.8712437416737635,-0.653064559900045,0.8085786739028871,-3.0706557752400956
2017-05-12,0.5485763298193796,-1.2486647789552736,1.6563539277118913,-0.43120576051622755,-1.0173416839971705,0.28981519531506983,1.0679404436072644,0.4585507417388104,-0.9727325328600491,1.10410723022618,-2.3732705717373315,0.7313526171794481,-0.5740598331454222,-0.01763672544802181,-0.8555170900978434,-0.6297531526995647,0.797249203326804,-2.8314489062762194
2017-05-19,0.5217341078770209,-1.200430774601237,1.5896913514497018,-0.4084776149907898,-0.4360778275920406,-0.5179954851148296,0.6301604832924766,0.43283932342557396,-0.9386392802788046,1.0639838301929974,-2.2319041376817688,0.4611610769072094,-0.5375287895709076,-0.5321129366100835,-1.1348205484679457,-0.6089100285936775,0.7860850919834991,-2.2791342637653678
2017-05-26,0.4949457077257412,-1.8843950129632436,1.529006726016481,-0.3448684102532022,-1.1633329279148124,-0.4415624883932708,0.766615713260308,0.4070160405709573,-1.4235081411566106,1.0256875462286847,-2.109084088515487,0.4921819815337096,-0.9416422750712512,-0.5321129366100835,-1.0218166747593864,-0.5920257451404333,0.5615704365120259,-2.2061305067089907
2017-06-02,0.5113444293720163,-1.7460744475383239,1.7617400992205894,0.0641515825336374,-1.144505659036582,-0.7408889246291769,0.33102347318539754,0.3810079103881455,-1.368339294864127,0.9890594277371021,-2.5105325145203743,0.2204935763499388,-1.416669186877706,-0.9785439099314872,-1.5360702541567415,-0.6395458609425783,0.49029213242243974,-1.6366073177611864
2017-06-09,0.4858496921631182,-1.6617668191848283,1.6744746103696244,0.09861508660507,-0.7946457353698455,-0.5565974582272766,0.6698375246100259,0.35473505383599224,-1.3169698295887324,0.7299356859819726,-2.781402962262247,0.3484332078883114,-1.0489649809543504,-1.0250580178838995,-1.3301692153128652,-0.6113984600663701,0.47884647650331114,-1.8913724389395161
2017-06-16,0.46038859848990676,-1.5850596501920968,1.5952604446286471,0.13547533727845765,-0.878172110425635,-0.6416200508886596,0.9508479440669985,0.32810872914190264,-1.2689915421916778,0.699232217298631,-2.5539881510274203,0.19623264344923808,-0.9245211008597116,-1.1209075738431675,-1.2541100597400223,-0.5837588370014732,0.4675038862088866,-1.9994418396687537
2017-06-23,0.43490012205688044,-1.3449795907997129,1.5227885312824716,0.16094462000945853,-1.145627077246425,-0.6071586819068305,0.7124019125105768,0.3010288446280737,-1.5813445028593567,0.6689460065090683,-2.3677851382044164,0.14381665106624456,-0.9476402867736028,-1.2613173888298241,-1.3001985920246166,-0.5567010835019683,0.7739412984684557,-1.8285228673226217
2017-06-30,1.6139204823371986,-0.1567606097485922,1.4559641037762754,-0.5942065289597719,-0.5988333414633098,-1.2963786039533993,1.3447308514889094,1.0394314757152907,-0.7005323735223604,0.6389811690551087,-2.211288293815933,0.5370124716192634,-0.4949179341874948,-0.6036955196765889,-0.6402827670801071,-0.6499045717018243,0.6786014812011992,-1.6913563263617033
2017-07-07,1.5410164044584553,-0.15049906165368848,1.3595586074357724,-0.617613513884279,-0.5755844335071961,-1.1440661987100194,1.714371027850105,1.0048134035329543,-0.705860367098863,0.6092395352180976,-2.0015800102867365,0.7265004965652087,0.052001061864127854,-0.3001814832293885,-0.1655919987879234,-0.6398653542015419,0.6554359323442361,-1.5706265384578417
2017-07-14,1.4739242432981405,-0.1442424481793014,1.3040295797132793,-0.5879908477265924,-1.2823015949067702,-1.4882730512594016,1.1879507536191534,0.9720399997517254,-0.7112310282856212,0.5796096656300773,-1.8982241601769203,0.528665369334824,-0.12798162949561018,-0.3695278144791449,-0.25773938841903826,-0.6424276847493177,0.6326723633060896,-0.9458192255744513
2017-07-21,1.4118007740492247,-0.13799003400117066,1.251874547781657,-0.5584131816496357,-1.3040954852509155,-1.8799997016369319,0.6771417552283145,0.9411010841991383,-0.7166451331823392,0.549987941871321,-1.805829099210624,0.2401012245593633,-0.5189739413866866,-0.949163223921302,-0.5578207767407499,-0.6753236033432686,0.6102749530449886,-0.390160835991603
2017-07-28,1.3539613935998587,0.8329802924713481,1.2026757407908186,-0.42705883413066925,-0.8800633456170603,-2.074078740629954,0.5946596794907006,0.9120491588764871,0.33898063764306574,0.5202514843614409,-1.7224505038922802,0.384986861346561,-0.5674695069965725,-0.5164415498873461,-0.36666403112123785,-0.8239693213443836,0.4168491575188002,0.9543037654461841
2017-08-04,0.7384761291623732,0.22597808727835791,1.2595885717376998,-0.2536972119540644,-0.9734421114592612,-1.8923144133914096,0.5651352196980126,0.3639104857943652,-0.21616044204355986,0.4902601511900389,-1.193082711324361,0.26092982299525413,-0.5718135618078646,-0.8182269189224881,-0.5733422408445566,1.6692003135112876,1.084026563444309,0.7485952557680815
2017-08-11,0.710629368336475,0.22847836604642136,1.2129841515382989,-0.2502941146158183,1.3199539128647342,-1.9916858050636606,0.12646485460955392,0.3297876118817044,-0.23200923112585514,0.4603206703915116,-1.1570841292381242,-0.0357982513930869,-0.5408005496683785,-0.9583523024929231,-0.28660224191450856,1.6181466328848586,1.106281356086502,0.6730632645830801
2017-08-18,0.6833135161569642,0.23098341089468816,1.1690387643867786,-0.2468974300665863,0.766435774937213,-1.82901185621768,0.27528162489353797,0.2936078598966292,-0.24818950191965633,0.42986966104133567,-1.1226572364945444,-0.0781205897429406,-0.6140890741142654,-1.148878855388726,-0.41793093260634556,1.5740012121652365,1.1617291833154542,1.2460029386298703
2017-08-25,0.6564672908770217,0.1894595507295385,1.1275021287729032,-0.7223357254425747,-0.4657289431504416,-1.9988868148446466,0.18572558541237333,0.254511615396805,-0.2647250361523506,0.3986995824690998,-1.0896635091493099,-0.19237191295010578,-0.39587018704893356,-1.4037574001497657,-0.2569711187147739,1.5368289576136565,1.2434065470232774,1.834595919898585
2017-09-01,1.5928761897861912,1.1616033547422664,1.429500555887836,-0.17239415639479402,-0.926181308751444,-1.8981760786589137,-0.16100704062027563,0.8882091409815086,0.2859770383956249,0.3665480200187443,-0.7197949259135304,-0.28190519916343837,-0.5930746768634354,-1.4680052245663953,-0.2623984425052883,-1.698007077375054,0.01543466212167954,1.8793169016685014
2017-09-08,1.556837714443276,1.118312023509044,1.3761369868826538,-0.19676847213283208,-0.056689544701557085,-2.27747354079387,-0.9551392336784735,0.8622479084545022,0.2786354083321714,0.334840510323408,-0.7011776668353102,-0.7223233650169383,-0.7232080570986789,-1.5574910650148295,-0.261524123823004,-1.616816532663494,-0.02645833469330698,1.9947151589458156
2017-09-15,1.5287159701857989,1.0770999115972797,1.326647864310165,-0.22210324300768264,-0.8741786464871303,-2.0009114728508517,-0.3289478663688344,0.8386930330712516,0.27131785203943426,0.600668975433799,-0.37589653473452334,-0.2128287512296521,-0.29640628896264787,-1.4034405056824864,-0.04769936849601965,-1.5426886316200987,-0.07274107564518248,1.303173583701146
2017-09-22,1.5096709254015386,-0.15466343019652018,1.2806750465936,-0.25011967915540123,-1.0943127011559026,-1.8360417550040533,0.09300213406305949,0.8181204818544817,-0.6400548732294751,0.5723301185932088,-0.366353096306092,-0.014689693801945439,-0.564537800937924,-1.4460061293274773,-0.5926494303060862,-1.4745252519414922,-0.007802441931206254,0.5420156635105836
2017-09-29,1.4588213179119573,-0.1798703494061098,1.2379471502918855,-0.21816367165620187,-1.087588463494493,-1.517118126669252,0.5627474628764656,0.8015263959501683,-0.6235022213918853,0.5443081145628821,-0.3568629075847323,0.2603617169469214,-0.5753383356325956,-1.1027073048582698,-0.5747664572419697,-1.4212237518701694,-0.06328792359234887,0.6683560118169652
2017-10-06,2.21748501015176,0.6600743139616265,1.235373232680384,-0.1895395709685505,-0.9894509853469335,-1.2660111505502183,0.6141904851764891,2.6500159661053635,0.6527248419408895,0.5166520570404064,-0.3488896610052194,0.42838213411648846,-0.2906598652377122,-1.2604355688573021,-0.6440814988932198,-0.9549921108019755,0.11042565188610849,0.11945259000375762
2017-10-13,2.112662377075358,0.6302466557513041,1.199464684654862,-0.22593537597428376,-0.9751024582946258,-1.4205841690665935,0.0032883174825441602,2.5955509118646205,0.6396249704021988,0.48713149930762517,-0.3346919196829014,-0.1078811117783346,-0.2803941864367456,-1.5544769780168823,-0.4574466724632649,-0.922406241799294,0.051254014072828986,0.40719977484855213
2017-10-20,2.0223336706945925,0.6006196103655542,1.1669512291760658,-0.2651385115945749,-0.7868338345001651,-1.1974933534911152,0.7696812909469132,2.572181885277894,0.6267059851060686,0.7457324105132562,-0.08929201689704634,0.5023421570026452,-0.13070148356586722,-1.4094840850571055,-0.6869318411433559,-0.8913185483576416,-0.025353743351501076,-0.22744348332246422
2017-10-27,1.9443699056861534,1.2374322636909836,1.1380280418184257,-0.4894347111995271,-0.8335155157226035,-0.8213295941268366,0.9585521110067866,2.586217866250998,1.14130156184091,0.727898727984098,-0.07958906599102095,0.6801974731500878,0.04362581230169613,-1.1514281819068646,-0.29059456002065986,-0.8617336671917858,-1.8724054015266545,-0.156424617582657
2017-11-03,1.0241596803355104,0.25356243188040406,1.5118595321311459,0.17569600720990736,-1.3777075577500357,-0.7991429182243311,0.3110849890365611,0.09029756931195196,-0.26669796106357396,0.7152503188214229,-0.0765572775166104,0.05935500583131921,0.05070891750959791,-1.7355921528138696,-0.6854934559207451,-2.0376404033245756,-2.6656178770337404,-0.35756467003251474
2017-11-10,0.9947361481302542,0.22901701199249797,1.4948230906395825,0.1463498854959738,-0.02288993346591196,-0.9246641720752313,0.7509194404802714,0.0671093600592453,-0.23476163391373495,0.69502069840662,-0.06535460099186063,0.5176032078261812,0.24191147299320925,-1.5555752390984652,-0.4430215568130861,-1.942146276133083,-2.5724164552614743,-0.26716847018669765
2017-11-17,0.9679020916090585,0.20400495597476073,1.4893545153793348,0.11580187924305763,0.08379957099143406,-1.0880471294244278,0.3751181656024741,0.043323103019025026,-0.20130856628287352,0.6787432201781304,-0.054101727747482016,0.10191806413804147,0.19147981195959263,-2.0241489698763298,-0.7256198666718485,-1.858009603441229,-2.5050825634974303,-0.502059047965582
2017-11-24,0.9440120826744157,-0.9534602743789536,1.499586168501778,-0.673055582296466,-1.002308291256207,-1.2893630931944355,0.4882242486809086,0.018855249731073862,-0.7625815290901494,0.6688844749196993,-0.042793650033191535,0.02230193012663864,0.23230882185596413,-2.054583920213307,-0.7936700606396854,-1.7835327254279008,-0.07851537908421245,-0.20930080323029826
2017-12-01,0.6749480895965577,-1.1434258998245364,1.6553402052161528,-0.3694846687350169,0.1539015657218658,-1.2012227858696147,0.603107045690834,0.6641103446305592,-0.3334593811101144,0.6709292369859146,-0.03822241255785296,0.27611308986861716,0.6727932812396832,-1.9531317748612205,-0.6720781339248979,-0.47382115463473923,0.870981195766109,-0.25572271137703056
2017-12-08,0.6455246338465883,-1.0997441054499515,1.6272470288187546,-0.3729345219837644,-1.0248504568136432,-0.8866863757204871,0.48541815872140964,0.6558018510728892,-0.2993769463681168,0.6456648390215172,-0.33263194115182537,0.37750382143805356,0.31464907320546615,-1.914325106577358,-0.8009321324160712,-0.45187662098326153,0.8482090406396039,-0.5588206213514252
2017-12-15,0.616448938300176,-1.0580350216156267,1.6098463308519249,-0.37639750868567307,-1.086432089808717,-0.8467843351504062,0.21090640666284774,0.6475761257987249,-0.2632794738124412,-0.373051799275454,-0.7429920445328875,0.1748016348851024,0.08301113752136625,-2.1442935987439604,-1.1246366027206751,-0.43002292338096554,0.8260224748006424,0.04407211123845625
2017-12-22,0.587659499948995,-1.0266219315638507,1.6057213416548441,-0.3798738075167963,-0.7531189582630377,-0.9814008897295219,1.1995601908880693,0.6394309432921458,-0.22442651643743033,-0.44955271507078715,-0.7124734130635413,1.360643786347379,0.3948511491226282,-1.7859616714232396,-1.1631626010730052,-0.4082262359881184,0.7965328270491268,0.9232739091934157
2017-12-29,0.5591072967734965,-1.84700613605536,1.6195447642920353,-0.4552696872271862,0.01784182831473252,-1.2995982249462754,-0.17738603015088786,0.6313641497981317,-1.9115771847837855,-0.5440521243645436,-0.6824375292509073,0.6541056973668568,-0.03577709073590607,-1.973195857995438,-1.3699558684289026,-0.38645214585554954,0.4442482116040239,1.238229030407254
2018-01-05,1.1387528725488776,-1.3010634117567068,2.411317030440572,0.807539120333696,-1.1550585376724682,-1.3072945224337673,0.10213135069293575,-0.024864392645506248,-2.3102923748399053,-0.6675754673387143,-0.6549911421870845,1.268651256738539,0.7357705319743687,-1.8747569182942354,-0.9415644086413075,-2.6118815703379608,-1.2863699916877638,0.6449400349680261
2018-01-12,1.1009941433046577,-1.2491683185098612,2.2779564525172153,0.838050052769745,-0.5208453722878853,-1.5397584312074322,1.173258300461503,-0.03746197198576022,-2.2216158008910583,-1.716506765477816,-1.2338096032944859,1.8987607140233518,0.6990535398541654,-1.57228123854377,-0.7161994936009384,-2.4298723192711695,-1.247422418582358,0.8841822515982004
2018-01-19,1.065508904615309,-1.2002037673904493,2.1642756210260417,0.8702577272608494,0.21247454933804152,-1.5914651352529088,1.6446859016650068,-0.05018066196600743,-2.149295539925937,-1.671860084026368,-1.199056606244729,2.524961389101103,1.1295918627158148,-1.432783977319702,-0.8950649062019048,-2.2774176859657342,-1.2103358059641773,0.7252046594630759
2018-01-26,1.032247103977405,-0.27790022368127276,2.066545844806023,0.09640999089261072,0.08115848111101698,-1.9359750331469083,1.4441232201794394,-0.06302910473590764,-0.12144081030499629,-1.6296076016252532,-1.1678605046289412,2.5316603722464253,1.9378119945797423,-1.6105233374503958,-0.21761809930208278,-2.147306452161171,-0.33286470076437213,0.8463414508056974
2018-02-02,0.8777848744604269,-0.3383819253687011,2.6111689070430955,1.412800676570339,3.5573862567236154,-1.8049669511323805,2.8451747242544854,-1.046283138615834,-0.8537783014505346,-1.5895259626479696,-1.1291869699195687,3.4564692540632684,2.593481175394728,-0.828996152642704,1.3557862101743776,0.26058849429484865,1.5414760134735297,0.2703615230566477
2018-02-09,0.8441365547979651,-0.3119595624751097,2.429528954973667,1.5711948691189719,5.824686903918965,-1.3967174466268992,3.3219147644739424,-1.0462831386158573,-0.8290237690641235,-2.1564651424840164,-1.3497813402941448,3.0232838373165882,2.598589751319998,-0.36184171634186135,3.2039620171865915,0.2591476057113211,1.4746545914085023,-0.03569882931326146
2018-02-16,0.8113729114277186,-0.28506619272016637,2.277364433683447,1.7784231907992432,2.4452558985773822,-1.7132568401492607,2.9655378492935562,-1.0462831386158573,-0.8049170624612162,-2.0248334960978704,-1.3313036833609864,2.941192996913648,2.630415638508937,-0.9297217598702944,2.200955461386876,0.25770809871919526,1.4128224098618891,-0.24194638331478976
2018-02-23,0.7793873727313496,-0.042110836829257176,2.1474942476961463,1.3666979426968828,1.4618133345157347,-1.4406367653793941,2.5744146958063236,-1.046283138615834,-1.2883040042894252,-1.9098248157932192,-1.3217337931314348,2.7172029018042476,2.3385135869261466,-1.0499235459376013,1.8244980910066348,0.2562699632092188,0.5199623122552677,-0.13830534138817688
2018-03-02,1.722322547969588,0.7652389412978465,2.036894049165146,1.3868229964733951,2.235976225500777,-1.38515194749477,2.2189995638094815,-3.6471206372880722,-3.277016996384014,-1.807988058215733,-1.2805123543643968,2.4282200230588002,2.056164029018587,-1.1194008290317927,1.6510710619228257,0.65272134485305,0.8050416424221482,0.3127752148838045
2018-03-09,1.6421766445207602,0.7989378207784759,1.940105223150194,1.407557737719167,0.785665600353191,-1.3060942975323715,2.4063964723872147,-3.198010745322331,-2.9349902300585327,-2.264718878470504,-1.0103685615434346,2.46452973686886,2.2211955264641183,-0.9882698176170889,2.3141270588671956,0.6633164317908975,0.7900696280238935,-0.0661790849073619
2018-03-16,1.5689995301367812,0.8347664788124016,1.854731417274286,1.4289366567737405,1.0813043114338958,-1.2261648888542824,2.1676077590166205,-2.8707395879832487,-2.672374885247626,-2.148128598587471,-0.9938927007683817,2.1017188611908617,1.3542770449573616,-1.4462262691151593,0.9734073483846408,0.674088055053513,0.775370100120191,-0.6612355547871211
2018-03-23,1.5017242452175943,0.873009121035637,1.7790202872921637,1.4509970531311773,3.209193834566939,-1.420928957188878,1.8918351054976945,-2.6176900881978944,-2.4618827047298644,-2.047474024256189,-0.9838994275255084,1.8602965798257451,1.5046218023282931,-1.4066245688057046,1.4401923411734778,0.6850429344098486,0.7609308932336134,-0.716983590670639
2018-03-30,1.4369985942389962,0.33941560288321165,1.7116889224492946,-0.4181686803039233,1.8625029422161494,-1.1691668658344592,1.3588308257232662,-2.413938814611316,-1.989603737067501,-1.960017175770583,-0.9833356493022244,1.4458882521547651,0.8263524772779278,-1.7505018225445808,0.8386707917304712,0.6667889326285943,2.1986578291304433,-0.7841951816890481
2018-04-06,0.609348621679174,-0.38948507964751883,2.033447044315538,0.7474959331396732,2.097649040317651,-1.1640713631714852,1.376192707454028,0.03131889169407557,0.04563093761007887,-1.8838271598652874,-0.3873787456538048,1.5089701862502314,0.5899805690581202,-1.5277003278102814,0.6610011800698659,0.6673436870510322,2.078130758405048,-0.8585736895685075
2018-04-13,0.5872445272705379,-0.36620585541233674,1.9239486067943565,0.744102894434137,1.128840230787306,-1.2479073147318394,1.2550263144132372,0.04323777782017251,0.0624152981250613,-2.3016691802045908,-0.7461956452333426,1.6381307144039072,0.38999448447575247,-1.7443235409507543,0.05229651860180898,0.6491292436545661,1.9613015847170374,-0.6852977860101352
2018-04-20,0.5654390800637997,-0.3428125792659592,1.8269234509248302,0.7407257585093194,0.988153269401449,-1.0470983821722342,1.915553043313469,0.055262201147322484,0.07949286335174088,-2.1845420948212317,-0.7171928067503125,2.08070880579967,0.8821221691413225,-1.4058249347271026,0.8684096973523866,0.6312193412848537,1.8582464201584543,-0.7342194747531278
2018-04-27,0.5439011418410683,-0.2302377161756485,1.740089805696111,-0.8743897160811686,0.6269189164961887,-0.5761792332574395,1.8211904894829487,0.06739931802945177,0.6113771496270918,-2.083976395293341,-0.6889897478487733,1.9582912484150825,0.055693206179885116,-1.523747203953584,-0.7584832836247304,0.6135951900192178,0.2353682514699745,-0.7047337743621095
2018-05-04,-0.5712575239751032,-1.2438874815295964,2.6790608620477827,2.300957168863469,0.46095745172114566,-0.14838945360656386,1.7288223476197413,-0.1471001458389244,0.4302223389943817,-1.9971953745139883,-0.22896429313908198,1.8164932335976873,0.04110472912727564,-1.6429080804615304,-1.708015313051619,1.0491987286659803,0.532396570165257,-0.21887543805356813
2018-05-11,-0.6192357205135403,-1.2301396998962715,2.4825843767590494,2.149257794144717,-0.037740193574830536,-0.11647629616205912,1.837529346918359,-0.1554945313730655,0.42283796344814684,-1.6519952035282495,-0.0014233018951952485,1.7906817782160385,-0.06701533564316244,-1.6482810407024822,-0.7796185069335347,1.0276856446654465,0.5236783648452151,-0.2239812150902735
2018-05-18,-0.6722485182942473,-1.2166548776968014,2.319312427671745,2.0187151315368674,0.13413135382451175,0.3902062428545448,2.29114437203871,-0.1639488559337623,0.41549799089936734,-1.5761013016013496,0.004273543297198604,1.9929628299345348,0.2788535555972734,-1.1298839402574439,0.11218121582347401,1.0067740299183627,0.5150345190426294,-0.46177001146912117
2018-05-25,-0.7314882688264508,-2.045120600048296,2.1807566064872375,1.9039348442335542,0.07308276273636247,0.6830046150723144,1.7342647314348594,-0.17246559571696718,2.013159744127537,-1.5065193832131847,0.009980435118856575,1.4693805613573052,-0.2637059998302266,-1.4367596216047276,-0.23183626978442887,0.9864291449434532,0.24557797314001642,-0.458768668083524
2018-06-01,0.09809435177666849,-1.367898564393071,2.3455571272658733,2.6339634839948554,0.1128415898217064,0.7257322080637536,1.4185601686695222,0.839301990992433,2.5957777587552537,-1.4423151257469786,0.4388693526288568,1.2801245928977796,-0.7295802092210576,-1.54680375116182,-0.6927331045060224,2.343427385894821,1.2518941351822337,-0.21115118381356987
2018-06-08,0.05337301015785782,-1.389338189084816,2.1958162175213225,2.4306186616165064,-0.1931446751338966,0.48165906882646425,1.4807384668146104,0.8091117712563182,2.3952501463002265,-1.3835486415653488,0.4141215107249339,1.3606915443042693,-0.3233390165260118,-1.4252392777123055,0.1392071784723915,2.1899520957818557,1.2032323625386125,0.1423382612137485
2018-06-15,0.0028624872612956673,-1.411471684128308,2.067137505001346,2.2616677055923122,-0.2479291860526236,1.1548928361848105,1.3576533595949682,0.7796954878676957,2.2283826517388325,-0.7937000019091318,0.9019040722049795,1.3089185547452273,-0.2079894991063719,-1.6399624498934315,-0.33341775968777115,2.0580201968581804,1.1571456256809611,-0.328263902145911
2018-06-22,-0.05610008873172004,-1.4175654305545817,1.9548664261550008,2.118033431696617,0.1561453023264216,1.0979201488804513,1.1238414170826112,0.7509762508995312,2.089034267580303,-0.7684528130394594,0.8673665263041159,1.1626537919756843,0.02691313673461577,-1.7755393254422236,-0.09860701178285311,1.9427735116733547,1.122623744984971,-0.8123348018615524
2018-06-29,-0.07054964290776233,-0.6289032470110756,1.8556923454693437,1.288819321006246,0.6794401102573334,1.1855197508981599,0.8478367054186733,0.7398589897831276,0.461998946982251,-0.7438010348064529,0.8337881258923839,0.9531901455501284,-0.46335431926901016,-1.7554694956748187,-0.46937127185912586,1.8381058205692946,1.0753869179455287,-0.6923569058060551
2018-07-06,1.1082311038202033,0.13940029040572635,1.794356316702961,1.3154916425488272,0.029613643281189306,0.9125687789603903,0.5926268534311085,-0.07524826241163735,-0.07745863414925953,-0.7196973962626702,1.2390843188575253,0.8193161157455042,-0.9123614586815701,-1.908996309028298,-0.3562003842452399,1.3701095019942833,0.7226332431724302,-1.1305129619710257
2018-07-13,1.0661700921185888,0.13640972923898742,1.7130811711254401,1.2678900947010796,-0.26496284355925664,1.3209542013613402,0.6959538158958102,-0.06739931802945091,-0.08007075348243604,-0.2330187319043098,1.6159819603063215,0.8211895568355003,-1.6106284357589955,-2.100266640210593,-1.2406894143202727,1.3165609311473492,0.7030630344135869,-1.6063192566655258
2018-07-20,1.0259041003348899,0.13342142340001542,1.639620952034793,1.2233528199955044,-0.12048559680488781,1.1456858012160756,1.0270010739428737,-0.059537405375247515,-0.08268540622199518,-0.22107691692338557,1.545796086034712,0.9889140181580883,-1.2613526461913696,-1.7413066088760059,-0.4912065627197238,1.2662561688060487,0.683868514494454,-1.576585627645535
2018-07-27,0.9872367547131997,1.1636152249001115,1.5728446732406793,-1.0681034923744692,-0.09287745510309021,1.2372645661598118,1.339022314275091,-0.05166097654539706,0.06222379277400245,-0.20914031969368696,1.481302781363911,1.1829291777528421,-0.8183380068232998,-1.689071300011639,-0.202444848651445,1.2188095489921609,0.38347773852723027,-1.4178784378407239
2018-08-03,-0.7586252702515186,0.09020842113250835,1.2724459842125135,-1.7374429881197602,-0.43702759379274647,1.4488837087414623,1.2276047265846755,-0.6612267011452757,-0.33162847590581823,-0.19720367989648924,1.2144124891789976,1.105721208020367,-1.0004395367866252,-1.4725939925787201,0.1633343127932397,2.2588503972391316,1.3336677780931152,-1.8316850576537116
2018-08-10,-0.8249842904697821,0.09733283134243184,1.2270384294186283,-1.6968900236616002,-0.0585666761822216,1.9959515429296635,0.8903512883449244,-0.6509850837876182,-0.3210754829941291,-0.2632568087990926,1.1012868455175224,0.7982574884675699,-1.918731003142555,-1.7472031982483267,-1.0868151531250834,2.166715793485859,1.3108625713485265,-1.5375617993976705
2018-08-17,-0.9011101526493163,0.1044899235498997,1.1844358714741585,-1.6583218654419225,-0.17711950405339574,1.779532005724943,0.9158962102443025,-0.6408636989441339,-0.31056832517138094,-0.2498322688632207,1.062174183943898,0.7671987391202152,-1.18509856076452,-1.6810312057585324,-0.5189842868696624,2.0831201622339894,1.2887517494162128,-1.421799102673191
2018-08-24,-0.9901449015376106,-0.5989684346035307,1.1444263698883883,-2.32896880598069,-0.3385308030547403,1.2553626645433225,0.5171862581655902,-0.6308585637997978,-0.9520867512912746,-0.23641553814651398,1.0247167207719128,0.5590143207971895,-1.2201092168455228,-1.9773082112832425,-0.8520121293922273,2.00676426900064,0.34586171490320167,-1.3043736523629927
2018-08-31,2.017255476484129,1.0865882414289596,1.1029564091777002,-2.204731620398949,-0.14084536772301365,1.2103736934434957,0.8003929123490507,-0.41135371563143286,-0.788841682894581,-0.22299908491016415,0.9989507229625229,0.6769118324554508,-1.2149248618964994,-1.6286999274717635,-0.46390685009061294,1.8617730375293264,0.29237199949164827,-1.7573538930037809
2018-09-07,1.9028141414506297,1.1211054001650873,1.119303719529195,-1.9733961228331816,0.3396239020932201,1.2701555726561817,1.1787671710522267,-0.3957073919327997,-0.759764750432656,-0.2095753015629818,0.5050214386223268,0.9608855999909967,-0.7907925164194745,-1.6155653249677917,-0.07989946489179629,1.7650697208817432,0.27323684177372387,-1.5635822955577023
2018-09-14,1.8014140677683734,1.1576613040253767,1.0799826416889395,-1.890891581944461,-0.35755537688879885,1.0424056107889215,1.4858284079128696,-0.380152536049866,-0.7313358265022178,-0.5820463571305021,0.17003014668040414,1.129505340929078,-0.34393530282222073,-1.6594856767846764,0.13000711246637167,1.678080023985575,0.2540171848353811,-0.9451224319983461
2018-09-21,1.7105598117776206,1.1273967122423536,1.0426446160325145,-1.815691932782746,-0.4664907471805562,0.6556103362887679,1.637272286915019,-0.36467784207351756,-0.7124520485474498,-0.5540127294901503,0.1816257636056634,1.4131640957295681,0.3666309329488776,-1.3358434528564918,0.6795528266916467,1.5991254463401925,0.23706039064049036,-0.7210307303129976
2018-09-28,1.628374195669641,0.31503571376685696,1.0071625398600919,-1.801427106568152,-0.37328696677859174,1.0885789808280502,1.5048766391407842,-0.3492721526808465,-0.17806920809083973,-0.5260515782290858,0.19336280780314594,1.2870350098606218,0.39734716637667733,-1.411216502298382,0.8462504889790515,1.5269047492278807,0.5412327211510162,0.06769596001942156
2018-10-05,0.39697946857904,-0.46794698433254667,1.2656345206632482,-1.155378818427438,0.2778551605305378,1.2581369861927736,2.4387865380604214,-1.331669786830902,-0.8068578952133509,-0.4980768050976281,-0.2106812678750904,1.9441654494643374,1.3269249929581741,-0.7551656461779074,2.176644120767785,1.2707536086557518,0.30620691080514106,0.5193353477148498
2018-10-12,0.41893206494296953,-0.4397404609270473,1.2257014537201028,-1.1305510902350835,1.8129047376827627,1.0408374234940665,2.073986340293548,-1.2982756705954217,-0.7750114611689385,-0.4699956825134322,-0.1927317884834639,1.5684081383465092,0.5017888926658317,-1.0169969070324207,1.2529049583811867,1.220652126891569,0.2912585828892032,0.9852375214525549
2018-10-19,0.4417063190220706,-0.41121511175335773,1.1889474718954933,-1.1065284647719658,1.4022342410725372,1.2322115324123428,2.3094327339542984,-1.2697483519553912,-0.7438310249166075,-0.8688540339098856,-0.5203465734247208,1.7074970109862304,0.3705854245228233,-1.1067322706026916,1.041667088533215,1.173270036369525,0.2763297577322097,0.552355042464256
2018-10-26,0.46538107566361103,0.8603006528441998,1.1553726603199872,-0.56695193816594,2.275938528961714,1.49366034177612,1.7724452329336737,-1.246706754636442,-0.3118029161368232,-0.8422971286160892,-0.49255263131608046,1.1652438154089004,-0.25984591858808365,-1.1484502640903578,0.6897444356476994,1.1282895284547638,-0.7486535386158988,0.7951548449640563
2018-11-02,-1.3509816882289551,-0.3739264179872013,0.38585081091096746,-1.8485397645305257,1.1464613438187063,1.535279964775486,2.4738644014536972,-2.4086179839469004,-1.0943008322597794,-0.8178600740232719,-0.3922001575539833,1.7021949181243763,0.9740063658995847,-0.859389713188253,1.4815891176889058,1.1927450013473393,-0.7117421403698584,0.39049009964629705
2018-11-09,-1.3144571558353082,-0.34679566333941686,0.3553440120677102,-1.7570542919961212,0.6177466382362794,1.6381781881655624,2.263104209722594,-2.240035961411779,-1.0542503271006556,-1.0843004894781636,-0.5853965958520895,1.5236195826483843,0.7864662443587476,-1.220181747753668,0.9479358100189939,1.1504480781729178,-0.8252865439927899,-0.061917908279893054
2018-11-16,-1.2796120174393328,-0.3192041414971077,0.3238934233991436,-1.6744116476172015,0.7703208134376789,1.398102448274965,1.6689102453628544,-2.0966996446417383,-1.0158823844391853,-1.0715166104722913,-0.5561833309037586,1.0240800099127763,0.43707324166320016,-1.0457621436645512,1.6183210375316854,1.1104904639545505,-0.9749700165864401,-0.19251631204199834
2018-11-23,-1.2463020510354514,-2.186419914392087,0.2912165765193948,-1.612111147976064,1.497325393501831,1.5196500738621315,1.766988612726052,-1.972574830784712,-1.1108866157122113,-1.067239218308341,-0.5269387491455827,0.8685306813810157,0.04022758732412905,-1.2008380194687729,0.9285797558364393,1.0727027551967878,-0.9448547318065189,-0.645360552667707
2018-11-30,0.0693495168255812,-1.1934948252417872,0.25828966522840113,-1.6455607317114913,0.6671948202676411,1.589207760078574,1.4256517002051756,-2.199431430087348,-1.3200755473780397,-1.0756909782083923,-0.49754584058012147,0.656810921092683,-0.6129643527925505,-1.3476543274656378,0.7368581648913803,0.6916000274407993,-1.4265976546675996,-0.5197913628690886
2018-12-07,0.05197984222729614,-1.1632957027019575,-0.2772242564882486,-2.1736814066238246,1.7822799446517954,1.2435181653598293,0.9278356354453936,-2.0686661631782175,-1.267730691234796,-1.1053960837317707,-0.07626341370677411,-0.18495386234437688,-1.7153084679186867,-1.791504627628655,0.22619929070743588,0.6627163943661325,-1.382561655538713,0.13280456238031502
2018-12-14,0.034371634806729986,-1.1342549738425105,-0.3271963670206949,-2.0455329345469493,1.3618801315162588,1.5494639708542457,1.5388184483988208,-1.9546510974919833,-1.2184090165236328,-1.874356719260382,-0.5463941709761616,-0.03277649284302364,-1.8455264695741247,-1.5215173975903564,0.032358901249640436,0.634213642388458,-1.3408989668866562,-1.1044075085389957
2018-12-21,0.016499493720805614,-1.1062852117399984,-0.3835042292215495,-1.933257685431079,2.9804979372042615,1.3132940765588226,1.1969314655525434,-1.8539612184063412,-1.1717514069883457,-1.8399588341701756,-0.5311182271607495,-0.6696664463980518,-2.1280565333341563,-1.457935474418628,0.17075766707156778,0.606016973763266,-1.3013741026885277,-1.7623528684810437
2018-12-28,-0.0016640363325142334,-0.2754981902484622,-0.448213736951308,-2.2297437232542294,2.4119579028101956,1.0555916446242424,0.9947387281175988,-1.7640929007869275,-0.5363821206328564,-1.8189085516191947,-0.5160198474867846,-1.223190487253295,-3.03963287377617,-1.1548648352118729,-0.4770102462017482,0.5780515489302227,-1.0049907965708547,-1.6155896950071928
2019-01-04,-3.6489840132932962,-2.9029568619100057,-1.353660796878543,-2.7633068851448535,0.9670265323218099,0.9442834487218722,0.45004482061223655,-2.5308591057966603,-1.2592863247816666,-1.8139990116721272,-0.501088157364159,-1.6689077479504673,-2.641177109859608,-1.2913018771689078,-0.32743035123879755,2.0826167778572953,1.0764912169649152,-1.455743002893309
2019-01-11,-3.1986935942641215,-2.6689748704588774,-1.3891808338322995,-2.5329155349585672,0.28646106522607995,0.7180765931583453,0.20970417585761875,-2.3466157610339637,-1.2295873070814902,-3.860158132369843,-1.5121758293851773,-1.4766692083387118,-2.4685657360884727,-1.3014965566426528,-0.25939911780793085,2.0430671603157866,1.0622790801059847,-1.015380736841479
2019-01-18,-2.8707654970498315,-2.4776300641537783,-1.4266782240741922,-2.3447807468215336,0.181335939794686,0.9354249046389262,0.751679141589761,-2.1917420171581643,-1.2010267353759112,-3.381845534846543,-1.4822376452123978,-0.9497739446146833,-1.5858464992443484,-1.1935140018541195,-0.10344793512615366,2.0204418453185706,1.0559075925066568,-0.9228170782479168
2019-01-25,-2.6173092272814533,-1.4217033078773318,-1.46636152081884,-1.4546890916663207,0.07651371227454827,0.696762598400194,0.7998563990483928,-2.0588949909342587,-0.45636221365550467,-3.0373322937356013,-1.453449330873085,-1.2144838804145752,-2.1107059234341903,-1.2080636746559088,-0.5830491850747179,2.0181203538693113,0.8428590892479786,-0.7286938761254173
2019-02-01,-1.2660652698823025,-0.3409252403833431,-1.41415853858748,-1.3604318080830484,-0.19299176725092124,0.5851532265165567,-0.3722031308409298,-1.8176201181086329,-0.3257047249762754,-2.7734952697873796,-1.2085407208264463,-1.6136562962170409,-2.0960442100856778,-1.0572556824517054,0.1806969526816552,-0.06907842348954496,-1.9972715608477163,0.8837361410193223
2019-02-08,-1.2211874836177463,-0.32759879683645615,-1.4113519295350583,-1.3051831133482754,-0.24433324096618525,0.9793699115538796,-0.4555801485654072,-1.7247694797271313,-0.3161662344588259,-2.5427165492936665,-1.2161093991737943,-2.0274482003461265,-1.8581740778404414,-1.0593124504011813,0.03868421299096086,-0.10040098238930364,-1.8853966851191255,0.5703076768575204
2019-02-15,-1.178642074596928,-0.3143238042994808,-1.4085563804777972,-1.2532995092338026,-0.4110841053441461,1.069115926059544,-0.537493915095812,-1.64092173630271,-0.3066684063679512,-2.969463071942481,-1.797393259971344,-1.7320218895675086,-1.582542715605293,-1.3193609461897131,-0.02981765604198228,-0.13354047302445413,-1.7860608762034833,1.8233685271872233
2019-02-22,-1.1381843594021817,-1.0184222811694061,-1.4057718116154578,-1.204030929433606,-0.7164222014159558,0.8663524175602978,-1.000143456587228,-1.5645564001021623,-0.06505087407804971,-2.698785720981078,-1.7646225338494388,-1.7194051213458268,-1.424690088498493,-1.079256525706435,0.6162899053438945,-0.1688350414770156,-1.2263103400705737,2.3380576548590066
2019-03-01,-2.26195517279142,-2.014312157752473,-0.6430546244598484,-0.19989654846608304,-0.6761752819453208,0.8481963608384626,-0.545787634083029,-1.8514947306722744,-0.45006756578841806,-2.482941318394995,-1.7331503863989577,-0.9557761560637588,-0.40415390250731553,-0.7514595022861235,1.8374175505845145,-0.9904713923024344,-2.026652748369797,0.8076067328068963
2019-03-08,-2.1241357141110075,-1.9166650090402704,-0.667326541639932,-0.18021640911318332,-0.11479853848811965,1.2010463289980962,-1.154240986884129,-1.7736697545058242,-0.4735432992124952,-2.301652222643121,-1.2728932256109906,-1.7976472845896,-1.0539450183111319,-1.0615232675147692,1.1800064747604637,-1.0149158151995425,-1.9190868099641771,1.569594185702171
2019-03-15,-2.0046841227142354,-1.830201531581862,-0.6926542697536252,-0.16031695712581454,-0.8236117072936917,0.8160513466702589,-1.6448224721368463,-1.7024925981039838,-0.4979910543954648,-2.148849435645146,-1.2562647825990971,-1.8914680556295966,-0.7508120874523977,-1.119006954512122,1.0603913802874034,-1.040372377991051,-1.8232689243503388,2.426218189764227
2019-03-22,-1.8997355155018234,-1.7531393451795674,-0.7191394239541494,-0.14016350715045853,0.0347422552881552,0.8276720824450302,-2.3344295898567444,-1.636995313571608,-0.5235094549033847,-2.017441631317543,-1.2400158807839674,-2.598609373006291,-1.0316938501488886,-1.354346346894604,0.3389358693116334,-1.0669245105467544,-1.737059280805829,2.2091512768610753
2019-03-29,-1.8064955583770215,0.4480784934396943,-0.7468977378975151,0.5230926275447103,-0.5940742417422266,1.146745035221875,-2.2935347745709733,-1.576396386098206,0.22265382343236398,-1.9025860940706556,-1.22413027800032,-2.5713232367070917,-0.9155135401429931,-1.2247600414224937,0.7708623940335796,-1.0946656301053617,-3.2660981707443844,1.4851481585424442
2019-04-05,-1.2445666841538585,0.9194976594936961,-0.07534462577537854,0.9707407189023567,-0.7732468477143907,1.2167845768303058,-1.7583416161269343,-0.14715107515610884,1.8235760073302107,-1.8008462487220123,0.06068186299589499,-1.9759418072473593,-0.6843274476003574,-1.1061926597392284,0.9704949588309489,0.6105623654233189,-1.7164661320092478,1.1278366295555144
2019-04-12,-1.196288168549938,0.9057598245611789,-0.09492922624310156,0.9633706825022602,-0.935369617129168,0.9821558907363672,-1.6550408990514307,-0.12723062779313257,1.7419773925081117,-1.5387905726410933,0.258824335130472,-1.5922040659869696,-0.7354261033644266,-0.9790814014238091,0.9383749051233309,0.581010666130031,-1.6460211380850245,1.3292409066065982
2019-04-19,-1.1505393553872334,0.8922728745887147,-0.11499304277333901,0.9560781161613235,-0.8879199814106786,1.3618356490618413,-1.53209706516324,-0.10701658654466327,1.667624707858535,-1.4742084488531477,0.24178142814494197,-1.4728138938541513,-0.5436748851292953,-0.6649877765347885,1.3370117931739187,0.5514876356024138,-1.582232859813102,1.4302258904082363
2019-04-26,-1.10703191406553,-0.09282614129464263,-0.13558390040634813,0.9021069318237586,-0.7209880467717629,1.777881914296247,-1.9538583502105684,-0.08646915649438966,1.5014234780112328,-1.4143095418634426,0.22468093589872795,-1.6877990862626528,-0.5204162958316829,-0.22304851406619436,1.4857886751656473,0.5218770202166153,0.4523253021455709,0.8151264290277108
2019-05-03,-2.08867944054568,-1.1491790911411335,-0.34199434650634936,0.7811402554864275,-0.6768361016728162,1.3808320377308134,-1.340001957580789,-0.511010861383745,1.0150289708368798,-1.358468642344099,0.21498401593977826,-1.4721187191603191,-0.08910599500990954,-0.4045557799675842,1.2697294277216722,0.08774800563153981,0.15804651576497689,0.5630852910957019
2019-05-10,-1.9724986909744902,-1.1195739370200863,-0.32639703780653995,0.7982003930223278,0.05008443609713592,1.2234560205038532,-1.52657044513641,-0.4860247108483809,0.9959490560074901,-1.026494687219101,1.120942214772018,-1.718509316928299,-0.48450613996811226,-0.37261639148937187,1.6486395396556155,0.053988461817352534,0.160707490936418,0.2610375276809244
2019-05-17,-1.8697366678035554,-1.091071603274833,-0.3108390428460089,0.8157500631190739,0.019833679335425826,1.7510722860710435,-1.516285283205952,-0.4610968511134733,0.9773466081699909,-0.9905927371624236,1.0848674413640484,-1.9770789716760626,-0.7463172659735804,-0.5883201214730815,1.0540538305254532,0.01807386230084975,0.1633726949120312,-0.17208595039129174
2019-05-24,-1.7778287840813707,-0.10105979676895521,-0.295308749428423,0.27410995314875425,-0.01813342421934468,1.3599095475838843,-1.564708820240384,-0.4361720168546348,1.3319871558293266,-0.9560377036607746,1.0503012250216108,-2.1453166269546076,-1.4385397104199844,-0.9644179566006185,0.2623830214524788,-0.020517011405524296,0.8558581743184648,0.029874147415298046
2019-05-31,-1.9278472836359446,-0.3977192001874918,-0.2715127503276102,0.31058921315702887,0.6351504923308117,1.4342114510559825,-2.3205592692313566,-1.2059739445272728,0.5850050411519576,-0.9227008887909764,1.0255216356217967,-2.665712811130083,-1.5319893633990338,-0.5286240538030456,1.0027423633904917,0.06368849115755558,0.9219283743762308,-0.15319240603863218
2019-06-07,-1.8232829170106046,-0.39771920018749174,-1.022415500974489,-0.1750948813903619,0.04613726775841925,0.3834274427053535,-2.3986283767406706,-1.1687046527035594,0.648061798793584,-0.8904671712321806,1.0015164018760696,-2.6160802104771643,-1.539123949398831,0.28135375487024933,1.5977612692815641,0.05377627604506337,0.9275170125567939,0.06248342879123907
2019-06-14,-1.729842288337299,-0.39771920018749174,-0.9842610091838037,-0.1403496114790196,-0.2144621292839917,1.2413959829687358,-1.738092747114042,-1.1343578459323869,0.7206551184834826,-1.02101801524911,0.7930072539172508,-2.4123377895462195,-0.9075188017995746,0.514495755427318,1.9248607690262085,0.04382837143174927,0.9331541235721632,-0.06276346830184101
2019-06-21,-1.6455069935074111,-0.39771920018749163,-0.9475284792444156,-0.10328930263139097,-0.19366886375664738,-0.06762337504782127,-2.189849709951361,-1.1029938226463276,0.8060877831173595,-0.9824905978828958,0.7908936466996653,-2.3026030672511366,-0.8342135893325016,1.4177543324952813,2.193724363778404,0.03384141842551638,0.9388405651998667,0.5975718628075678
2019-06-28,-1.5687332598601946,-0.8373603413381806,-0.9120708201485402,-0.6107902843938063,-0.2661115398784423,-0.18786005852048235,-2.185614650300058,-1.0748016666966356,-0.9959341085329589,-0.9453676121855678,0.7887864238419426,-2.3494269242709414,-1.41049043690726,0.5873695035478959,1.5134414207377245,0.023811977384804242,-0.4883230637792269,0.5935560424887152
2019-07-05,-1.625035268985317,-0.9679490365886465,-0.6512230640683209,-0.4104712072940042,-0.7001113906460276,0.907088259611059,-1.903652914908163,-1.0392304845404063,-0.9601573451964919,-0.9094952462349861,0.599046544186592,-2.0801456560287743,-1.425164996816168,-0.8337192929423384,0.5740207170389725,0.7392085206997091,0.01156214674767489,-0.2380959999627134
2019-07-12,-1.5546408953518955,-0.9314366457589142,-0.6214337872525438,-0.3789375920415451,-0.9167604816134679,0.4182389177021659,-1.812265614914106,-1.005661217230032,-0.9256520788832969,-1.206946673642634,0.21549577855035124,-1.740107280626933,-1.1161890044765175,1.1596205804864923,1.364118506464878,0.7088703019968426,0.026591796276123642,0.13793358722738977
2019-07-19,-1.4900205365716204,-0.8961207053534478,-0.5918116511524975,-0.34628019914085406,-0.4283872304776953,0.7566165820118019,-2.0989394440030154,-0.9740756811526238,-0.8922925940461179,-1.1651984711331131,0.24923714907325625,-1.8422942594090665,-1.1132507820756674,0.6375447182461561,0.5967165579476226,0.6790099672654702,0.04181653876841935,0.295183957218385
2019-07-26,-1.4303911576980803,0.19513204487029032,-0.5622508371754277,-0.1379858970165882,-0.9766672355328786,1.6654328119411808,-1.7946253213179875,-0.9445215030950808,-0.3133624766951235,-1.125937239231669,0.2852741645607207,-1.6694684786994236,-1.071488564390223,0.11187691137265743,0.46224700875739605,0.6495415918129102,0.35255375964166535,0.47485203538026277
2019-08-02,-1.518954461337664,-0.0025385880579307917,-1.4333496386357911,-0.8266337103850627,0.3171571242710024,1.6959120681311777,-2.0536392628022777,-0.49538866102038326,0.1136131450542365,-1.0890212279793663,-0.05905334468756117,-2.1435588608282155,-1.5595308250331839,-1.3540038875700209,-0.41844137188816216,-1.4091056504718136,-0.9770918370045542,0.21964982689406898
2019-08-09,-1.4523979105989209,0.017966635769627502,-1.3758076179146321,-0.7985365000551908,0.3842649718114969,0.9766231120430765,-2.3243280859856497,-0.4657617411011978,0.1191891202044757,-1.2260113201850957,-0.2599837040741072,-2.291418109559234,-1.6300211223120626,-1.827953195748512,-0.5958204235053018,-1.3511077015746127,-0.9441540829912709,0.35635453336449197
2019-08-16,-1.3906881813201224,0.03895213429796921,-1.3221589777555216,-0.7711521557322619,0.48250825315260704,1.6197600991226944,-2.378740786005916,-0.43570055098908034,0.12478456990068452,-1.1879963798728959,-0.2296254950315749,-2.5479001647005615,-1.9400034896163625,-2.386384631233324,-0.7558397140112985,-1.2968369742221748,-0.9128219025283951,0.7543488665157861
2019-08-23,-1.333157386032743,0.35702067267259735,-1.2719416206539411,-0.7515222848263294,0.795966315148951,1.039601631075183,-2.3017599716771593,-0.4050220743040886,1.073687196630283,-1.1530007454779523,-0.19805375611699075,-2.415758127742668,-1.3625049204576936,-3.0662017170244527,-1.885813229571849,-1.245823036639945,-0.943572201560122,0.8001299029095087
2019-08-30,-1.2913197463959374,0.4017518641171816,-1.2247743134365607,-0.09122499919464006,0.5486095947632773,2.3171220364847653,-2.230778567752422,-0.37287589835907353,1.038707732619023,-1.1210716144009931,-0.16497607525458585,-2.2848862380305173,-1.211739256343231,-2.8938238892996475,-2.5389093089809145,-1.1980345419208176,-0.9090525974476853,0.798466816878593
2019-09-06,-1.857406870080008,-0.550690757068285,-1.6442219990110631,-0.4543912570147473,-0.44770491450529026,1.6734475403594047,-1.9294847729857305,-0.6732829199513303,0.7401297606535251,-1.0923850726978062,0.11740934675986359,-2.0438191639215537,-1.0045392684382688,-2.3974463588410475,-2.3208968474100136,-0.2986672629310652,-0.24858207552573378,1.0385777507424088
2019-09-13,-1.7908782695168322,-0.5217145125526179,-1.5803971813504831,-0.44192665119032826,-0.7771395970964458,1.49276194571254,-1.2323515669656888,-0.649419094811154,0.7183141093921368,-1.377658760540577,-0.2973278406685848,-1.2570997392787733,0.25403527644163737,-1.1028935891577252,-1.81195332877174,-0.28311256732133755,-0.2308293085682831,0.2176221703943028
2019-09-20,-1.7329887903221488,-0.49271732907534715,-1.5224277768621228,-0.4295637117762153,-0.40236457584487173,1.7793163403603875,-1.4563023610795538,-0.6277584865912225,0.6969466868785028,-1.3390718261473615,-0.27583430097569794,-1.5232690494055032,-0.020034417527944468,-1.8286691265440325,-1.836505590245479,-0.2675641599126955,-0.2129886694846489,0.2457120074871945
2019-09-27,-1.6832492485932435,-0.24667342999145767,-1.4697291761238536,-0.6000799981750796,0.05992360156063002,2.3564705118252336,-1.314245866035579,-0.6094509275995306,0.6864548079984636,-1.305039805942095,-0.25416200518387294,-1.556323802363714,-0.3020684495010263,-1.6133925777812461,-0.8361809747195448,-0.2520100608553199,-0.7097960103611433,0.040911452430699255
2019-10-04,-1.9920846969530308,-0.9289321115217943,-1.3267825269525721,-0.486093376319691,0.002055789594271935,1.922290955614314,-1.635055500593195,0.06339392775531368,1.0548870935044015,-1.2758449533416885,0.2854391778074811,-1.8220081656576892,-1.177526647128426,-0.7991879404642791,-1.3305827675278634,-0.08991820018877018,-0.5685764457415384,-0.6258143086133405
2019-10-11,-1.9067174165986294,-0.8936217922432725,-1.314558850411623,-0.4654142528156272,-0.3537498147331905,1.3160090302680467,-1.089184525793047,0.11137321533199834,1.0177647205782385,-1.252063141584216,0.28925304283268205,-1.2879282333280866,0.020223119220625002,-0.6318587434917967,-0.8627508241260204,-0.08348207896647929,-0.5423423897246546,-0.6746926927922411
2019-10-18,-1.831742379622338,-0.8593653345691725,-1.3132101320679628,-0.44486887993050245,-0.6767973403052252,0.09163416408849222,-1.1586954727188041,0.1657539620612665,0.9821024558026709,-1.506898257374615,-0.06714534073484023,-1.2462656911303054,-0.05716491551764927,0.1025647182746948,0.012547469561248014,-0.07704238823039755,-0.5162504151190892,-0.7237527546826199
2019-10-25,-1.7658931644713924,-0.5533135647377325,-1.327472499101669,0.2768665716664189,-1.0692461648700367,0.7230844774307189,-1.1432009132586973,0.22908254867624822,0.5706709403777959,-1.4721795770308097,-0.06542124138338623,-1.1233497522412708,1.038229910344094,-0.014134279148013781,0.7528802880502866,-0.07059830794974523,0.9509899164311539,0.2051357027847955
2019-11-01,-1.544927801237951,-0.23603162014243967,-0.9861846614025761,0.45717242482223913,-1.1195377584837718,-0.006794249357572345,-1.1350877338211565,-1.0544846855164367,-0.10477644091656123,-1.4443506413572824,0.20137395356006885,-1.232869730112296,1.3558481167876355,0.026552138495771954,1.0729674744335143,0.34021986693672374,1.2128326445664532,0.007130179182296072
2019-11-08,-1.4827813426074696,-0.2106679037057636,-0.9519136293920492,0.4481120571117249,-1.1399803849520351,1.2917239184722686,-0.8455769350727672,-1.0162337558789025,-0.12106206931969948,-1.4129859078986509,0.19446402858769476,-0.757829243072663,3.0654417342279494,1.3988388164986827,2.3062551446220394,0.34301749790719627,1.1731270859749015,-0.7214884726969446
2019-11-15,-1.4254948236008742,-0.1847274884230901,-0.9191416285509512,0.4391179850806129,-1.1032045085196838,0.8384249663218071,-0.8722809776521803,-0.9795919290790601,-0.13765026564355987,-1.702831848231056,-0.16348745766222136,-0.94483018514502,2.7205090939017467,0.9664797688039573,2.4609981546238893,0.3458231511998226,1.1352863053904496,-0.32990651131573057
2019-11-22,-1.3725032024598507,-0.193607421251749,-0.887820251677241,0.43018777232984146,-0.989772578018998,1.120163924137305,-1.0201408873514604,-0.9444233842737755,-0.15761555485896922,-1.6759340690802382,-0.16348745766222136,-1.067628260888781,2.4617759654793825,-0.09664542714100545,1.7899860572141022,0.3486369178697678,1.0998495763563672,-0.44489963553051726
2019-11-29,-1.3364165215102721,1.0705026066982384,-0.8579404628226089,0.7842646543422376,-0.883012371145737,1.084603077009986,-0.9267061534203358,-0.9086422404537723,0.08836457852181787,-1.660869825763978,-0.16348745766222156,-1.0121297064630768,2.224076814422505,0.07281960956290762,1.621503252421611,0.33887732965015815,0.4511992793709749,-0.9679194593151345
2019-12-06,-1.365197414431041,0.9303493578232507,-0.8255832183670192,0.7550299510578874,-0.5890728751674629,0.39039942736654154,-0.955009037924553,1.5324976576608131,1.2933706331518038,-1.6606980877110566,0.2839519001501739,-0.8394906399860178,1.0165125176502252,0.9827304568824775,1.2920556315798093,-0.010341679603184755,0.1943750137637147,-0.6620231383133114
2019-12-13,-1.3379639824837328,0.9121809195841962,-0.7940587735923532,0.7264322715391828,-0.828825920042473,-0.23181068615131384,-1.0221491245830647,1.5025220624579134,1.2484700605092867,-1.4527913563690635,0.4485549247397267,-0.8551241141058541,1.5374471536057575,0.6515047860106857,1.576856097436763,-0.01311919487898126,0.18129286112835152,-0.5925988114623166
2019-12-20,-1.3173345326598638,0.8944324564781576,-0.7632729131503481,0.6984013619444751,-0.9250504680769502,0.39143368089237596,-0.8952825120568931,1.4736959573811086,1.2065810244844004,-1.4450289804928635,0.434303565674976,-0.5840742360792635,2.016938277314116,1.8015341130316471,2.0601270709629755,-0.01589812680642026,0.16818460523980588,0.18972446704384732
2019-12-27,-1.304787943433432,1.6372614456575023,-0.7331375847399805,0.5762200933181836,-0.6562548205359068,-0.5636602143080135,-0.8672508273139963,1.445940559504133,0.749155177634434,-1.4514476525815334,0.42016473687161976,-0.6524639913195931,2.334566123991818,1.726050682813612,1.4840154053736554,-0.018678541214986754,0.05081470205201263,0.8602474774983121
2020-01-03,-1.353161477782285,1.4153328133918832,-0.4836883370687643,0.6928867400542075,-0.37239604334819293,-0.6854907890709405,-1.2477934885152808,1.3847140454479985,0.719951294077799,-1.4787471424145702,0.4061298566338979,-0.8193280323829123,1.116884615181299,1.3776513048316228,1.183065002804786,0.6310373449718276,0.49105377363764924,0.8986605803722428
2020-01-10,-1.2985231643283819,1.3742269515643215,-0.4878520820084363,0.6692610296177061,-1.008894296357689,-0.09587556494887226,-1.072040292335269,1.32760346868585,0.6915207185222543,-0.37575512566054736,1.5044776513699183,-0.7127753020253853,1.1783014160541212,1.3243539283702985,0.7311627270718927,0.7199290621646132,0.5260235305474112,0.6896408485270521
2020-01-17,-1.2471871457948003,1.3377800810343898,-0.4920383308348165,0.6479620789449423,-1.1805777159545667,0.1954561845534602,-0.9755256739964899,1.274069548366883,0.6638833083155903,-0.34871053413462044,1.4494636261667238,-0.6575641223678268,1.0359947344956755,1.1432871856199869,0.7021533570455498,0.8299772686160859,0.5634507306327049,0.15472036571966608
2020-01-24,-1.198752135473747,0.9912886378555665,-0.49624742873364497,0.3954468403986319,0.002024481908446663,0.4774490380327266,-1.2201153810630463,1.2236623970050184,1.3943266838520236,-0.3212194950647957,1.3990017513552186,-0.9946950086251258,0.7559762932201436,0.4299087481179518,0.2508447546465289,0.9732541121316093,0.2848208216417523,-0.4817419316490929
2020-01-31,-0.09157914170075421,2.65569561866692,-0.49832583708976175,0.3663217340464577,1.9584264666945208,-0.21056757597795028,-1.7847593878626609,0.701089841500059,1.03992531253548,-0.2931612553098491,1.346830905634468,-1.4569548408664503,-0.6811422265076204,0.010747718702948437,-0.7831331363150338,1.2987059485999977,0.47833805443912,-0.6008465109459444
2020-02-07,-0.054395058344516974,2.4617715908580133,-2.51123163603964,-1.1767000279362592,0.4016520471717016,1.6036752043286286,-1.4676272780013997,0.6761291520621748,1.0010669024246561,-0.2643947327530209,1.635259501692638,-1.1983002092754051,-0.04927150544653181,0.010747718702948437,-0.5334222444506207,1.2469808945682477,0.45624660194303984,-1.020377791184876
2020-02-14,-0.014206843447603451,2.299395187100452,-2.341964001925478,-1.2014147828918842,-0.4159033164538621,2.1019272324478306,-1.4307933791915237,0.6516204335492356,0.9637013220369506,0.5212353302845271,2.0967013157751344,-1.1616557059216848,0.18926347845822253,-0.1374134050984994,-0.03196592778062112,1.1981679411592592,0.4342498131770486,-0.5291581882611772
2020-02-21,0.029868860759130412,2.1468818622855568,-2.197896950382002,-1.2271145723513281,1.1137870378049781,2.1698772554547925,-1.7008596950382155,0.6275193302609083,0.9273120817119664,0.5212353302845271,2.0368415372044684,-1.4774469306241171,-0.32042688702706656,-0.8191897636190665,-0.5547197882851478,1.1519208812349244,0.4194570972280044,0.6428779944052754
2020-02-28,0.05687578172695957,2.126635156591855,-2.061640614352215,-1.1859034211502457,6.06004004454381,0.5995586120509666,-2.158723361375431,0.5982037283502171,-0.5281744976184748,0.5212353302845271,1.990786693005755,-2.3093364822536557,-1.6485163260765519,1.2362450755378789,0.23935863172638513,1.1285311955482058,0.6637204163132185,-2.104198859232856
2020-03-06,-0.24841907933171495,1.6773144144470438,-3.8025932280242505,-2.9790183192767596,4.760546798767579,-2.2763254552712646,-3.063390337154315,-6.999759609328769,-6.838542254715142,0.5212353302845271,1.7491543030648955,-3.08850832085693,-2.687803833594704,0.932512486094142,0.23417703482200325,3.0787212068993672,1.8463442448753682,-1.832160262215493
2020-03-13,-0.21967287892023232,1.6174826674314005,-3.310490143997715,-2.7026084317636827,5.17206934265191,1.3722681063527955,-0.6566543319891749,-4.950877648741385,-4.893841294993297,-0.12117194739746755,1.2526666878009727,-2.4095555674759708,-2.1997252098655773,3.2030745048388214,1.2395527719514567,2.8812582519556202,1.759514355518118,-4.243099787390771
2020-03-20,-0.1899557415059616,1.56402402506049,-2.9585449882651345,-2.482897758852625,4.6297506154598835,4.89957025384662,-0.11101762096958888,-4.015587051839699,-3.9856492727204103,-0.1088433208456618,1.228747471679949,-2.3044917622958123,-2.0117559523344455,3.711177018239736,1.978326363553803,2.724598239791797,1.6813348826519785,-5.036578272033009
2020-03-27,-0.1590564321620173,1.646089431630866,-2.68981913299156,-2.4301773370814423,3.8027977376793927,0.5081217471385996,-1.6243673171540716,-3.4479614845428523,-3.427658990945256,-0.09646410135839506,1.210961885757687,-2.5819809230590542,-2.2095222780869435,2.620691817024228,1.4153514481745342,2.599701577437159,1.288382649838894,-3.6884036815056884
2020-04-03,-0.5887095992634336,1.1685243080546523,-4.6307402682352325,-4.53816822949214,2.1378165714069217,2.4635648559897008,-2.428541605903465,0.8556179402749744,0.6873334277400361,-0.08402769898383623,0.2571463420898,-2.6084020238484698,-2.3815797820178686,1.744641743023036,0.7366698768068608,3.949056793142848,2.644184503417903,-3.026060249794166
2020-04-10,-0.5621179080204985,1.1623621800063895,-3.855966082812482,-3.819414218835717,1.6561297597081537,1.420605312822822,-2.4261578845121985,0.8438344679363531,0.6825549801408899,-1.4738139712633398,-0.8764395737827085,-2.235545752304766,-1.9874504989039632,2.551331287500951,1.6328186149938373,3.4062181514636336,2.4962290691240674,-2.6040960637655144
2020-04-17,-0.536497046810793,1.1562548963571464,-3.358571818215172,-3.3480928294609975,1.3335883096786907,1.5803512968601279,-1.8242243481616236,0.8322339055907992,0.6778063307474335,-1.412095836036497,-0.8612128287616629,-2.2812257759774113,-1.738788953168648,1.9826203168438632,1.5620023777069365,3.0263474284884007,2.37361422354654,-2.412519886095067
2020-04-24,-0.5123978700418529,-0.2872684200593034,-3.0033906615022263,-3.006162080003172,1.1247808405658057,1.9923012909379108,-2.252797230823678,0.8208098676974119,0.7211314805909992,-1.3546772050908027,-0.8462822555705163,-2.2569256269449967,-1.3320600973024437,1.3366882495519863,1.211890223886839,2.7403114382162337,2.034110369535952,-2.3952447634317293
2020-05-01,-4.091577081016421,-3.382969607094009,-2.10616072823441,-1.4782563516326634,1.1708215897613963,0.6173870362650147,-1.8538446776887239,0.5050317971937653,0.41941658036860685,-1.301003682238325,-0.8316347743346149,-2.073851929753262,-1.3704262432596819,1.747976367245686,1.5951898405917777,3.7506391708550515,3.303716651623348,-2.1531156550903257
2020-05-08,-3.539996518107618,-3.0509949442635294,-1.9849365988780507,-1.4188149102527785,0.4830725548725341,1.3533960449559923,-1.822178983770695,0.5008214075543476,0.4182948619253715,-1.2617313665701655,-1.3838005290745392,-1.8872916539755782,-1.2011216977519634,2.3004784325421346,2.188406005334916,3.2692072210964866,2.949289987795501,-1.7470391660134716
2020-05-15,-3.1545930470474945,-2.7931839510139076,-1.8783210217809463,-1.363638693837362,0.7422781720827275,1.8173942547786772,-1.8291536653563893,0.4966301341522198,0.4171744399837535,-3.037254178453133,-2.730234635758962,-1.9009926230612701,-0.9751050625431875,1.8130821034674571,2.0526514820702704,2.9234613931103843,2.6790649435963623,-1.5783419352550627
2020-05-22,-2.865200715976285,-2.557173537883072,-1.7834446514119002,-1.3082463095434689,0.454735915923649,1.3215656395195403,-1.8019001023588441,0.49245768810356494,0.4177420361287036,-2.8015424663469974,-2.514528726298091,-1.7795356732800744,-0.14052294837062163,1.7874758089108227,1.0599655420013225,2.658697062531295,2.4759366048799505,-0.39907102660178084
2020-05-29,-2.6260841769529217,-2.147718094612438,-1.6981764774647472,-0.3833580371727513,0.39499631403187563,0.09271593491410605,-1.8580349785991068,0.48447077959049467,3.441404054724986,-2.6120751851745214,-2.336952332326917,-1.7157231944454798,0.7422546502481576,1.6981023366759236,1.152157296070275,2.446614104313767,1.5571862212958074,-0.4693185497305582
2020-06-05,-1.9459449837436873,-1.574129739415479,-1.098018668503918,0.28037540486297247,0.16744339896856744,-1.0435948779022126,-1.2924515244877937,0.42631058358060014,3.02281876083014,-2.456164340285056,-1.8128483856229023,-1.1527315711783002,0.8571292691678214,2.8014728494259415,1.1177603022816303,2.2292448061295453,1.4491708327836064,1.6964983018163777
2020-06-12,-1.846763678601005,-1.510273681368833,-1.0564133816433523,0.28809651557872823,0.9701768296530974,-0.7307266994280446,-1.737641865518344,0.4197062630927762,2.7398499279108357,-2.837520497352183,-2.1627272135985476,-1.4863917095553436,0.426715809853891,1.623102864176261,-0.6406035850010878,2.0869594738383115,1.4013985475890198,3.160918345990211
2020-06-19,-1.758175752384759,-1.4510583584893184,-1.0165538358141426,0.2958834014415963,0.8688846812225787,-0.5227335394398057,-1.9930004460551412,0.41313845260464904,2.515672375987766,-2.6232273752355484,-2.0327202098549044,-1.4445979173476962,0.8523855535527631,1.5010811330436962,-0.16607857941927504,1.9636360733045597,1.3563778788172338,2.8044894464275423
2020-06-26,-1.678368375654627,-1.1278329179193476,-0.9782495303420861,2.100179918211469,0.8111746973868854,-0.6610376966873223,-2.144041992119537,0.4066061730959566,-0.2852123112660827,-2.447722346124649,-1.9190833539909953,-1.495607563512811,0.915365039967127,1.2105114126935526,0.1001961371500614,1.8551536047938995,0.44011663372167587,1.7871270685887601
2020-07-03,1.4283076115837954,1.5603478862472426,-0.5710188897459022,2.3600241257295393,0.2893841291137678,-0.8156260336890349,-2.183004304262893,0.47500663506058927,-0.23365597226549348,-2.3007218706561723,-1.0509003954839982,-1.3621513714767948,0.7294382505201328,1.4484021650297503,-0.2969074592309991,1.8188348886349919,0.5056755853558336,1.7899330128839726
2020-07-10,1.4124956040065713,1.49106432990333,-0.5440591881090531,2.2088882240035583,0.24229476570129854,-1.3770731319480065,-2.1552081562339294,0.4666774321295084,-0.23365597226549348,-1.5895965030807115,-0.5109166003813916,-1.3677467621606396,0.8195656125229389,1.2264423670322837,-0.15860760387952527,1.7263700472068295,0.48645676845150787,2.3072668846994753
2020-07-17,1.397021540782955,1.4270375951326773,-0.5172104073278455,2.0786965646480513,0.11111875349258059,-1.9042425976082418,-2.2034628274577504,0.45840900274090246,-0.23365597226549348,-1.5207078549556263,-0.49440787869551445,-1.3349918073130052,0.8828008944280707,1.2383981898506433,0.3564007346626398,1.6428556618019596,0.46740793798016395,3.0460817792803225
2020-07-24,1.3818722791815368,3.102149973841754,-0.49040209270352975,1.3808845870832505,0.10441575165226757,-2.830608410611123,-2.3527083377013773,0.4501993912826315,-0.030082286297419148,-1.4572485277895406,-0.4780667112540462,-1.3795307340779122,0.6578514704513094,0.9163745708234796,-0.36908403482857,1.5667855199937153,-0.6771913713459878,2.862513113919856
2020-07-31,1.8279219722243274,3.0910953504054786,-0.46676104399210006,1.3298824043375772,-0.005907984613331674,-3.12954445792885,-2.4059705903918522,0.49306826393498543,0.0019837092259167065,-1.3984799877075358,-0.4684720083274308,-1.3974471806325437,0.43427399224625346,0.826121585290847,-1.0235857704108153,1.5167428091157147,-0.673093181322915,2.204994040553183
2020-08-07,1.7675182618077008,2.789466857564274,-0.16119726905719592,1.5252452479247687,-0.17679660402562472,-2.855820423145493,-2.336706203353966,0.4852146113020743,-0.0003306636227640549,-1.3412114270884197,0.6983321338111986,-1.3037078372060091,0.5689496454246138,0.7937101124675545,-0.7026354629446809,1.4545441570176016,-0.6943646496542327,2.1512409524623934
2020-08-14,1.7112835099516102,2.553030898531801,-0.1414665188701103,1.4625168849637193,-0.19388407682770545,-2.771803454546211,-1.940346684465538,0.47741841208483893,-0.002645686657886153,-0.7899643184315654,1.102437881959258,-0.9984820756953044,0.8091285484599026,1.4857461560570553,0.06933775316679007,1.396969203355437,-0.7164256992314757,1.5262257491613669
2020-08-21,1.658725140329306,2.3621864406794,-0.12146866434871431,1.4042386306362742,-0.16184022561005287,-2.474352794778747,-1.9752806114285435,0.4696779817788753,-0.002645686657886153,-0.7586114002142592,1.064560679006061,-1.0895278200922314,0.6460208642643039,0.9344390515527701,-0.5673356427037778,1.3434495381215752,-0.7412618308472901,1.447110976201427
2020-08-28,1.6094285190340412,1.9544554698816499,-0.10116633195977795,0.8882928850360111,-0.13681834901165382,-2.6795017990988392,-1.933256643583632,0.46199168072255725,0.03108652583820284,-0.7278795983808295,1.0282742016051691,-0.8696816387320426,0.26293917486511087,1.5925211672101605,-1.1732550570445224,1.2935239573342387,-0.7109182483854608,1.3173304984806493
2020-09-04,2.002312528233676,2.1191192550386804,0.18602037390864698,1.0794575482028597,0.4156367362348549,-2.3191365081874005,-1.7173822060772261,0.4288533686762691,0.012897759838776182,-0.6976785712398292,1.4004706535932754,-0.8742526989998913,0.6510936388350234,1.4301952440417351,-0.15849591840156416,0.9235199422562134,-1.2165944426688764,1.1815668420712637
2020-09-11,1.89563878754119,1.9915980441573051,0.20015100589883678,1.045903566474471,0.11120890813980552,-1.913643567318057,-1.6403299310079804,0.4208958805862434,0.011905782677488541,-0.3246255813677792,1.6018495806439632,-0.9318184943888027,0.5518845909547172,1.145723008124581,-0.42935510147121464,0.8883559858880378,-1.2077881723862165,0.8628372178405294
2020-09-18,1.8005462953598173,1.8797970793506014,0.21452047450951,1.013655320669404,0.018951080942336183,-1.9721497340559824,-1.5444069129377151,0.4129882627294497,0.010913789896870573,-0.305495790191141,1.5288886219310034,-0.8415370958782012,0.7396210394941237,1.231669527136903,-0.009372391835876676,0.8542265827047367,-1.199092233479319,1.0608076756390008
2020-09-25,1.7149296332317037,0.3918865486187223,0.22914422887341843,0.6657283823632207,0.04708268928407459,-1.195535230194345,-1.369078206876258,0.40512885718593566,-0.040678671433790864,-0.28632097103040594,1.4617113442354406,-0.8822816233652448,0.5418660440610384,1.0757157685288663,-0.6123095650009782,0.821011667296033,-1.2939223994168592,0.3185671159155072
2020-10-02,1.4971600772575717,0.2802308797432346,0.4759167231285739,0.8226026193726849,0.1261267943409286,-1.452596628786943,-1.3568535053056052,0.5204409141821819,0.04464650192356208,-0.2670762965865857,0.9679191012984307,-0.7761172052940837,0.6732864422094829,1.2251691724163358,-0.15892710822260447,1.0567742572610408,-0.8979615033703917,0.18007857705071686
2020-10-09,1.4336058519355392,0.26149332552523386,0.4888348973463325,0.7984006396841549,-0.0862344703498276,-1.698229942166031,-1.3052601594440802,0.5110355122189827,0.043984283323918176,-0.24773589126130038,0.9374889002594141,-0.5767857006517415,0.8747070847116957,1.553050288876669,0.24281270036798586,1.0179181028697317,-0.9148048785793538,0.41081163939680376
2020-10-16,1.3745381189455337,0.24267041935239242,0.5020070491636763,0.7747966740249324,0.07790115209652904,-1.3831144776604585,-1.2776914228532095,0.5017124435033781,0.04332210744524975,-0.3231486648175803,0.8424421023986406,-0.605204860772181,0.8918245546018116,1.4306698804079567,0.5747616824011117,0.9806522381446261,-0.9321196629684061,-0.002458869120065348
2020-10-23,1.3193597432264543,-0.023118127677360944,0.5154460079375283,0.7564558711429387,0.06743298670837708,-1.6708875606155333,-1.1194972429569963,0.49246886558745023,0.007937011361990516,-0.3078805655063735,0.8131518186950871,-0.40199175467621273,1.1535709857863106,1.6795686173923567,1.080750043177731,0.9448270453432576,-0.9386860342915408,-0.0694133229391748
2020-10-30,1.2686463751207426,-0.03574775189291866,0.5321139278117397,0.5161998056834974,0.8424618291138185,-1.124661004927579,-0.8991678524797088,0.48092922023716145,0.00529221149518158,-0.29264083591072304,0.7869774432183523,-0.31547667270542823,1.1493976569044504,2.019974474430638,1.6334227325579582,0.9094635181710019,-0.9141052807337322,-0.6051563776995462
2020-11-06,2.022641753791089,0.5603122890584578,0.97643083910122,0.8153090354185195,-0.20128064648978464,-1.7440684491556848,-0.8664529741572025,0.4454536316459129,-0.014225231643639666,-0.2774184926485249,0.3878830921059821,-0.38541703548255957,0.7540043971044492,1.5105677819390289,-0.1231418890370254,0.5751247944592917,-1.310761552175716,-0.19033028268401725
2020-11-13,1.9073565669530448,0.5369950322374037,0.9831554584961234,0.7961521189513968,-0.36127048145838175,-1.4727701656820682,-0.8578561041071939,0.43472668710369217,-0.016543863310371908,-0.26853389529034977,0.369158590739832,-0.2291283326226349,1.0482995241593576,1.735008729717769,1.1146136931468484,0.546161130851796,-1.2654113368348165,-0.15829426588713158
2020-11-20,1.8052767760127344,0.513889464819082,0.9899505920970082,0.7774128434278608,-0.3354039336129866,-1.5381677947721177,-0.896754918781172,0.4240813734005793,-0.018863408899952652,-0.2596762987262821,0.3504744071988636,-0.3275662979288155,0.7054557602486002,1.382833392738516,-0.3767345263287815,0.5171570616660468,-1.2224884615942415,-0.3450433802407268
2020-11-27,1.7138637715859033,0.2137201579112432,0.9968177203905706,0.5599641634402749,-0.5862269489325358,-1.6725203978855767,-0.9852785187254143,0.4135138294460594,-0.003640699349039411,-0.25084361044418174,0.33180966148375335,-0.27406517451939305,0.7806155961750354,1.3974664987376562,-0.10238132705756992,0.4879998952268241,-0.7224776811076009,-0.14493016481728763
2020-12-04,1.3020423093247913,-0.08240064536243064,1.5177019682783268,0.9191875363846349,-0.6077213126540152,-1.9444508507455909,-0.9766558702312262,0.5742149190574117,0.11549696179085313,-0.2420337586668955,0.06471066219643049,0.06135651865968219,1.155604594055809,2.0851053741053134,1.3554245637492015,0.8343301707942117,-0.24436043001069244,0.3075286737642409
2020-12-11,1.2506457803464386,-0.09031617447304954,1.4966851823223084,0.8976965465673986,-0.4225969389341797,-1.752228155118941,-1.0682385033611794,0.5635982759588469,0.11416106227543875,0.3071163398597538,0.4387443155135832,-0.0650564049220288,0.9247245879893033,1.8746251941736982,0.9871795984677801,0.80501372177877,-0.25179417265606363,0.1078929301221111
2020-12-18,1.2021523230143254,-0.09827332561086774,1.4762481670236753,0.8767637580714925,-0.5914176047951648,-1.9537312616301963,-1.112406614713262,0.5530935827475504,0.1128256460035687,0.3090631514381236,0.4246288651549939,0.11122851853874094,1.1181405414956431,1.94281185472123,1.3971168703395311,0.7769448132275248,-0.2592843616478302,0.9202098977731963
2020-12-25,1.1562202357248978,-0.007136194074765849,1.4563622267990664,0.6924654827651087,-0.6158320579783347,-1.757507843083405,-1.1596902695233633,0.5426967026830952,0.026138332528956906,0.31101346352905773,0.4106197281690202,0.1418344604837381,1.0189254696476804,1.7911512982998212,1.0344188004091681,0.7502208762879449,-0.6599989764627884,0.8314721582447359
2021-01-01,1.6398313265191111,0.4606408604934827,2.348650309535631,1.3671991712917684,-0.5321366702698451,-1.7819853571093318,-1.2022648596980534,0.48528749510339036,-0.00827162421802453,0.3129673050797611,0.3967085758726177,0.17220534040172628,0.7905733182987593,1.657565186329658,0.4349693902640749,-0.4184919724128951,-1.8602741736039643,0.43996454881725633
2021-01-08,1.5636867198008215,0.44453859928972533,2.2343955788085865,1.3200252654085536,-0.6615224307174008,-1.6485895590906696,-0.8163629569297762,0.47635575484065096,-0.008271624218024512,0.3351717806768655,0.46269689989155793,0.8849828516388417,1.2709461410007352,2.531691170689265,2.001285593153846,-0.46815459327803366,-1.776007372978959,0.7299361148263366
2021-01-15,1.4938097248762026,0.42856456117130526,2.1327116053990736,1.2754974688262573,-0.4449887875146917,-1.3848404675268262,-0.96051313260042,0.467493820300906,-0.008271624218024482,1.3500231213660223,1.1478944276066854,0.959873963169442,1.014040921171273,2.3186809944860176,1.4489996812201098,-0.5236482181947938,-1.6994079349408606,0.5280776265753102
2021-01-22,1.42926325945279,0.41144479059154637,2.041356646219497,1.232116308438277,-0.6866030044864745,-1.4748465654681207,-0.9332418559747615,0.4586992966715009,-0.006617688777300362,1.3451307929394416,1.1243203263086619,1.0598275012521048,0.910688874560972,2.1504619977917243,0.7811105610961102,-0.5866146395164914,-1.6348582330984798,0.9043397605692897
2021-01-29,1.3717177703326504,-0.21244459118012285,1.9586127845986079,0.9217763609107757,0.3160574041865057,-1.3204225168662824,-0.9900508902132146,0.44904111207939573,0.011250280317705415,1.3402723257305151,1.1014770795225375,1.202896034110184,1.0028882088278754,2.1949146292944794,1.5230406139486243,-0.6515719801189804,-1.2205254248418818,0.4729370450149264
2021-02-05,1.025500894962788,-0.49123523846843536,2.8105025364605205,1.7346856482065403,-0.8319987544477251,-1.1439124128781037,-0.9613637656961604,0.2990981751085674,-0.0893352970245349,1.335447286979853,1.0871315975341658,1.714734663896948,1.0128634277411868,2.5380229599107627,1.8368189692827697,-1.2316842081534016,-1.559900013334828,0.4500095405864635
2021-02-12,0.991118594502091,-0.48026150384083244,2.5776075229868045,1.6500296816648043,-0.9403894636344224,-1.2522786056795823,-0.9034284133944719,0.2928700344052995,-0.08668392210409012,1.9618866428413402,1.497869320091051,1.9893666069201277,1.1244538447854926,2.3645280423550523,2.028928401298016,-1.3268466680377886,-1.501526045678699,0.6217319947217552
2021-02-19,0.9580133343312223,-0.46938508377539134,2.387543750856158,1.5729928347923114,-0.759184863064688,-1.237564625306344,-0.17798946943553973,0.28666277204042523,-0.08403340538821656,1.9456568420747395,1.474062035260759,2.8193246409770545,1.3403573535382258,2.851145115030477,2.7769499874503305,-1.43912189268448,-1.4471200648988456,0.6040839805444951
2021-02-26,0.9260692261661445,-0.17651334135489352,2.228205714994377,1.2055837528444218,-0.17440720233520882,-1.035765676829833,0.16168836184096208,0.2804756364806294,-0.20241318318756701,1.9297400422797106,1.4509957638869406,3.0824215294303743,1.2296078033624191,2.900220404617187,2.1874553169058655,-1.5749148308361507,-1.7589707553109932,0.18304700641590144
2021-03-05,1.226571538306997,0.1552617261294543,2.6386402685926864,1.746038798396233,-0.46503752037823193,-0.7153866940308046,0.34395323115860904,0.05134787557400593,-0.3912207187543739,1.9141257789934227,1.0821831300007263,3.215314276750081,1.5724116987865595,3.094275437002877,2.8526987893992564,-0.9037608064482815,-1.2816829120290325,0.11067834810147459
2021-03-12,1.1796228973659029,0.15123506504942688,2.430203078794213,1.6649503691711,-0.843341278746445,-0.7677816929182157,0.5734377439485122,-0.032286791753672064,-0.47367295584580704,2.907506029444617,1.8400479165268573,3.1548427326986337,1.5823894680029498,3.0442623142462577,2.852530923217165,-0.9670741752623311,-1.2309775187459018,-0.13163202907544966
2021-03-19,1.1350730462661682,0.1472123470711339,2.257635892018946,1.5912340225019959,-0.8612505541561617,-0.6764629107014656,0.9374121189040556,-0.1751918086373594,-0.577659104299876,2.697049895884561,1.7645320246628822,3.1368557676920603,1.7509013967750753,2.9787882441366746,3.01883150197231,-1.0385484334639792,-1.1830643119818225,-0.22211211063716266
2021-03-26,1.0926539422053052,-0.32574107891919213,2.1113106726943096,0.9660315602598991,-1.3204764969055698,-0.39526166958822523,0.5722106951803884,-1.3481939611049183,-0.6695083546375706,2.52171935229041,1.695314764643442,2.6303245097820125,1.5899916687772366,2.571578357230149,2.565971962450481,-1.1203938177386024,-0.17344923416894115,-0.33985273918914666
2021-04-02,1.633997648117544,0.28782231924044077,2.3101897995451472,1.3445501034755334,-1.6154862294719396,-0.3139663137668397,0.7409295991293527,1.2738080202994526,-0.33585910844356814,2.37247045757799,1.6191574847330892,2.5629906242224023,1.2604006737714877,2.384966111738193,1.5407732387015096,-3.9758236166096124,-1.8257141879424532,-0.6373029475399838
2021-04-09,1.5587889276265812,0.2787947597945987,2.1790662807680445,1.3326633368941665,-1.726266154616245,-0.5273808527384625,0.7641844443317644,1.284578147423459,-0.32692077961330346,3.6140841097136396,2.2988243426215558,2.2381607666105614,1.1861643681890148,2.1698703395364953,1.4346565971062812,-3.4534245905634795,-1.740395203929104,-0.5286572467764956
2021-04-16,1.4897305765676159,0.26979692964780705,2.0659118534,1.3319832109202863,-1.7698133428698262,-0.6941629769791913,0.18781743591924546,1.295523013276059,-0.31802283581969215,3.1755729584142594,2.1473754009899833,1.8889811501337463,1.011164173803825,1.8335799373163795,1.0662332452767247,-3.0829610824186653,-1.6634305725426524,-0.31950369826224206
2021-04-23,1.425912241315594,0.25241443988698686,1.9671956655855989,1.3474078223687223,-1.520953258655061,-0.9080371983283123,0.2676885299295849,1.3066479463517642,-0.30825438628169183,2.854438286877237,2.0170227038080193,1.7659482441269565,0.9489508994083593,1.719411536708912,0.8504153178213962,-2.8017430440871736,-1.5913174808541555,-0.10768426996559291
2021-04-30,0.8008953510428851,-0.1399789158791679,1.868639452106019,0.3180407567730464,-1.2528358567688909,-0.7316564041406904,0.3135028696160406,-0.35008952297104473,-0.3528577794005782,2.605311540049716,1.9030199724310586,1.8573037381794184,0.9237450264880683,1.8165382001935368,0.6939588189217408,-4.184131868567431,-2.824434619820691,-0.18688210000789368
2021-05-07,0.7761870533476267,-0.18397694300129175,2.4417070677511807,1.5665541939622558,-1.5671434847064574,-1.093940241211851,-0.346449767088892,-0.3649383681442159,-0.34770074152311364,2.4041301556090646,1.5140836951570547,1.637213370282337,0.741020926098703,1.650533904098586,0.5988936900758147,-3.5610587545509755,-2.6574341329219684,0.10830218047494765
2021-05-14,0.7537592553985124,-0.23275316873934013,2.284694885073209,1.5608259462819245,-1.1044122038093267,-1.0577965199388102,-0.2560305835205602,-0.38010914433309856,-0.34256302214076084,3.065043878845362,2.437374200226037,1.6366654665914457,0.3382636543588101,1.5999696211671661,-1.3056791244928684e-16,-3.138878267397468,-2.5215438394162026,-0.26860718474121104
2021-05-21,0.7343441204488701,-0.2877665380676826,2.150894367697014,1.57170835216493,-0.803269647568819,-1.1839989465470004,0.2593705561431923,-0.39562188560475414,-0.3374441663219889,2.77500010031323,2.3045740449057304,1.5621097551705094,-0.09824921977322927,1.5045529913650548,-0.370441264213817,-2.827360837520257,-2.410496612358815,-0.533794489965907
2021-05-28,0.7192666523354838,-0.7591311849911724,2.0350932887121287,0.6205093030009399,-1.4215008173020531,-1.1656573719698176,0.05768460647756987,-0.4114982438104516,-0.10781224585063523,2.5462054031638743,2.1918382030190493,1.3730001823103872,-0.808894303051847,1.3922762719470732,-0.9984203948120727,-2.584472389799685,-2.579527284583159,-0.11395127559735982
2021-06-04,0.8046357388564324,-0.7167968842851514,2.256845241232647,1.4712445180966343,-1.4287173387098462,-1.0865835311118257,0.12961087902724844,-0.6534579552409875,-0.06877298628509249,2.3592421208348853,1.5457276644871285,1.2703292860020092,-1.2119544512620584,1.2868649342014074,-1.406891972771591,-2.218629014464238,-2.223224678757835,-0.3490471251148944
2021-06-11,0.8006512004420238,-0.78301139563298,2.1213967989146116,1.4380009494070607,-1.55556841947195,-0.8670979818309088,0.11385951396202862,-0.6828882376247396,0.03581825931891433,2.7982574754938323,2.3528420784265913,1.002820690006592,-1.9699473783769557,0.9690823165649635,-2.175240363007447,-2.0787543837766043,-2.11810854980312,0.056125058496044426
2021-06-18,0.8110907253922542,-0.8591654364874667,2.0039029114155564,1.4114354810141543,-0.5117605707101355,0.012192046013971504,0.6198770106315594,-0.7139347660740546,0.5313920388065079,2.571506831882356,2.248540020722222,0.9162209958699249,-1.7148963805079254,0.6350232569185489,-2.3320365148443667,-1.9573227507685325,-2.0275950138957817,-0.3456274059992878
2021-06-25,0.8514197684374231,-1.8208830453347238,1.900637803846983,0.6893589820696093,-1.5731619138812316,-0.1667564596011307,0.5699584347472636,-0.7467920645020567,-1.4628277430770373,2.386148497618727,2.1612840740480945,1.1010664615950008,-1.5136721938830555,0.7821969444083563,-1.941064192997807,-1.8503694494659828,-0.5969855919445549,0.016178127206701774
2021-07-02,0.6390246840211399,-1.8627187582592466,2.0266075383884528,1.342870808829867,-1.6174485606872226,0.14728490859487572,-0.12982274965760332,-0.9779419892288689,-1.6272900225127038,2.2306660217108143,1.0145187558298567,0.8147338025783977,-1.665778072459249,0.5987076888290764,-2.005266418659672,-1.6859399285641745,-0.4673965469002496,-0.09422416290824794
2021-07-09,0.6098916203818786,-1.7720925411559374,1.9185822647089545,1.2923584710115334,-1.3204760475570938,0.1527728064609511,-0.27113288386413054,-0.9779419892288689,-1.6385601816483675,2.0469338182473917,0.8969935149262265,0.6076688651517816,-1.5805389044368925,0.415270670927902,-1.8451657748758314,-1.6065860757431578,-0.43833234198300125,-0.5994319622302899
2021-07-16,0.5810026998096548,-1.690177243157136,1.8227998835130108,1.2447709913823648,-0.7985872061902514,0.641044367533309,-1.1293326444173155,-0.9779419892288853,-1.6500038383164357,1.9330310846267134,0.8649844450550406,0.4261754460189097,-1.7024348185088485,0.1778840632164433,-1.9944472455033009,-1.5340473511527057,-0.4088309666914706,-0.7267360112056386
2021-07-23,0.5522988864914636,-0.7921819840060903,1.7370457789175715,1.1961567025632969,-1.0284918057383101,0.8590198425210454,-1.330050302342592,-0.9779419892288853,-0.394693359649176,1.8322705740385066,0.8341644274954109,0.371716154299031,-1.9180276098495743,0.2033129744562861,-2.063937958182341,-1.4672828309864354,1.2074471525686126,-0.7278146779631846
2021-07-30,0.5226591237327031,-0.7653136766424647,1.6596482670865,-0.40716027404980404,-0.7764969446433597,0.3002220938073613,-2.10406520109719,-0.9627187365079708,-0.37975134180875475,1.7421670113704355,0.8045093722293476,0.18134272775574853,-1.8946699071443565,0.09088961154126891,-1.9797335655390769,-1.40554236514013,1.1940123908741644,-1.0507612943808953
2021-08-06,0.09350363915348364,-0.9938435655783608,1.6970317398741435,-0.061814501069012096,-1.1833323034532095,0.8239693159165694,-1.3273055549653816,-2.001611205579362,-1.1151942821253211,1.660853622404444,-0.3171196729858809,0.3426622861353299,-1.7012249427319048,0.20104299141567786,-1.7745281077638433,-1.3162732371864816,1.228821626347541,-1.4539303948628686
2021-08-13,0.057693128321841786,-0.9742071852900154,1.6225109794927357,-0.0746213865127767,-1.283392478227022,0.6107249590715643,-1.4325551671956431,-1.9043280799026914,-1.0751281559995638,1.6281816882642142,-0.23948264055942944,0.2596934385929843,-1.697154371570655,0.05934917716559762,-1.7860074724810624,-1.2642881891511972,1.2132738975222157,-1.147575606049064
2021-08-20,0.019246474612193153,-0.9597225437379748,1.5545629647857357,-0.08757055169149068,-0.6180595253784142,1.3999118073218344,-0.9037904474208548,-1.8168855850915062,-1.0367967478095155,1.5553021820342479,-0.2550532051190427,0.14360796875148435,-1.5766495411164594,-0.061568622858324665,-1.7440449067622996,-1.2153201649863785,1.1980601506437778,-1.9898113790960905
2021-08-27,-0.022555603799542082,-1.0714917625790843,1.4922799179570578,-1.0302292627122709,-1.0319164268832324,0.7345959542532546,-1.4095569929234908,-1.73762011713824,-0.8527651966196561,1.4883579254753114,-0.2709495942345468,0.26270227428642634,-1.3357045750428764,0.09288420580059376,-1.457554322762395,-1.1690176224004944,0.9601002762079941,-0.9104192522263465
2021-09-03,0.11611948971698187,-0.9640777912891068,1.5884055059827422,-0.5166485610768674,-0.9983008106382537,0.21983771124063722,-0.8814443663360492,-2.1993314328811224,-1.2531679878769175,1.4265007014854418,-1.2909196454476872,0.2936480636202321,-0.9639493081450474,0.15657363097857271,-1.004524689266868,-1.0459647701302055,1.0633742636399603,-1.010707294859925
2021-09-10,0.08605747402051542,-0.984604600562271,1.5239736775808628,-0.5327999203592199,-0.015781589931793603,0.6790414631138179,-1.1576171200214138,-2.0771291266525096,-1.2040402492224742,1.4727659408170908,-1.0362537608016005,0.32393705323959837,-0.8285182176405038,0.124942535079547,-0.6326765527518171,-1.0064724589259681,1.0451158057332015,0.10413862467345601
2021-09-17,0.05458339716399482,-1.0399471568841312,1.4648245721380748,-0.549374655578458,-0.025359240341365646,1.180007443699533,-0.4979107342917398,-1.969490292664224,-1.1575168811560748,1.4117983245556622,-1.0172957296163803,0.35625081610228937,-1.028748978111572,0.15795954983007165,-0.7674798669829703,-0.968490045971608,1.0273041104865923,-0.9556798614297546
2021-09-24,0.02141089561896673,-0.7758247398672997,1.4103366894230123,-1.2761570510589633,-0.6582918437122397,1.355525429881026,0.15703754813147058,-1.8735814029346702,-0.9773486482382747,1.355093605913673,-0.9988130559615237,0.6504371142800477,-0.39779849372701653,0.2585900224424186,-0.4637573943346793,-0.9318527885222354,0.911359498699896,-0.39151425015154423
2021-10-01,0.5491685243073354,-0.29205364722335964,1.682718539679468,-0.1411450820528546,0.10384211497739501,1.944426887033041,-0.06940683978761426,-2.5032414225406985,-1.6248838838190411,1.3021136237905948,-0.9023206745548796,0.6552064763309131,-0.14739504283473856,0.33023288540874934,-0.1925378255950723,-1.062317031328667,0.6652795193086899,0.7834759695721237
2021-10-08,0.5203077169377369,-0.275574597068761,1.6149848163905156,-0.16869799938852706,-0.3934405684524719,1.9059232962118113,-0.0028366197670297694,-2.318924094671359,-1.5532471429613772,1.252413996614315,-0.8977042734079157,1.0694188146732642,0.4468141776012957,0.5850822847716161,0.2825148079449906,-1.0236477216021893,0.6663259820846203,0.4498813268378677
2021-10-15,0.4914645941805641,-0.259080958399502,1.5535171963519967,-0.1975608659733254,-0.9164448067417,1.782163051692041,-0.5891523931417421,-2.163891285675715,-1.4874461708730025,1.4527533566180424,-0.3596963181434229,0.9699161590390177,0.4070901007698939,0.14911417764748663,-0.1039928163730066,-0.9866129637157709,0.6673739826417393,1.457897340703942
2021-10-22,0.46263363131501717,-0.2536341022646373,1.4976152466731885,-0.2279264930620449,-1.0796450667353144,1.4760175606062231,-0.6488069364951202,-2.0307890367162065,-1.423881131029387,1.3964677188943613,-0.3704837568767659,1.185014016569111,0.8080560828994817,0.11565251612458877,-0.008094844375988243,-0.9510701168306139,0.6679731822835417,-0.39225290168260774
2021-10-29,0.4339092085215162,0.17507644023374358,1.4467599318631785,-0.6862550234076511,-0.9640383281760176,1.88205686622294,-0.48257549925108195,-1.9146144127202873,-0.7038223463799412,1.3442203579294056,-0.38142716273351895,0.7505071818668523,0.2448464945506242,-0.3471504424827192,-0.470227052277386,-0.9168995923067275,0.6216694567751183,-0.9547008836481318
2021-11-05,0.23044852835179577,0.08811891824434745,1.5890829687811305,0.051296917217969945,-0.8681980900136241,1.9377651474672895,-1.3761407068777287,-2.2797378895943035,-1.2087959157893453,1.2955818594625998,-0.4918141643294055,0.3424249562413416,-0.010330327428922476,-0.4328471543811081,-0.37372536700322345,-0.5036541240074264,1.127410275206519,-0.4651650265947275
2021-11-12,0.21339446490141337,0.12060150081316559,1.5332253357236856,0.020394192951729197,-0.887856907950572,2.396634537493618,-1.717399787434855,-2.1303377348332053,-1.1618872724051517,1.8172709164874243,0.7896701694847801,0.8207941165983585,0.4901974155720074,-0.5169617367802124,-0.30103262995493946,-0.47503272633540583,1.1019375989062008,0.0930597257677338
2021-11-19,0.1962559684074369,0.1551138766957159,1.4828298949274026,-0.012145677844660913,-0.3924280243232118,2.796915206451026,-1.3776080332905052,-2.0015372737386796,-1.1173149442962103,1.740460985439268,0.7579456655320367,0.6335184444221488,0.19780927038366547,-0.7036877429611255,-0.5617325979168183,-0.4461574249519299,1.0773024817699364,-1.9889309756321145
2021-11-26,0.1790146198882395,0.004947484923587532,1.4375716347773377,-0.7309766038348192,2.5359447775422845,2.5701543143157286,-1.068167887304686,-1.8887338426221703,-0.6795594357962538,1.6715630487998174,0.7268234998077476,0.3479668520167173,-0.05644081974232271,-0.9475429926618105,-0.7534112062771879,-0.41689792394009606,0.9522949720704027,-2.471497344114888
2021-12-03,0.3370752697881624,0.13612290767937463,1.253124994780601,-1.3366363595541157,2.8062576464881634,2.393718750756067,-1.1020685830825332,-0.8222769701080084,0.605747772834175,1.6095985441592657,0.4572455723697749,-0.2706887911631589,-0.5111683551577011,-1.9952506071669198,-1.3785701092925766,-0.6278192383472853,0.6653435548519671,-2.75034502808946
2021-12-10,0.30384980074441226,0.13866711274994842,1.216873421998064,-1.3481048403654954,-0.20627418951885565,2.192718629913107,-0.29444214584865,-0.7905107406271694,0.6646718683878099,1.4297467232699608,0.1372305865630668,0.2918892677373358,-0.15885137367959273,-1.7252791545998902,-1.213661562771251,-0.5992192954875514,0.674458816107448,-2.0844051802408603
2021-12-17,0.26889135054567764,0.14121476326425478,1.1841468153324497,-1.3597686897404053,0.5290657362797497,2.323546815696976,-0.36644643981410197,-0.7595147769714212,0.7316257611394071,1.3819173484004004,0.111275289591482,-0.09676861581032822,-0.671716866281736,-1.9745704328416764,-1.437599873917393,-0.5709526705154103,0.6837030307297545,-1.9372099773734857
2021-12-24,0.23161336134814425,-0.35728306957524264,1.1551484822300424,-2.709604077368373,-0.3756071365472607,1.912228397485752,-0.3759265796586088,-0.7292120377898464,1.5247824625751225,1.338234097148836,0.08451078857705814,0.3308299756147212,-0.4065335916620599,-1.7840605944688213,-1.351216922988975,-0.5430221374135731,0.9200773647241359,-1.8511964642241854
2021-12-31,-1.45535001977947,-1.307452867462941,1.1209526953469062,-2.5039698165677433,-0.5398897098081623,1.6499271625411205,-0.8557248524570048,-0.4533136860029938,1.80434700721007,1.2985359625434711,0.056801792831982105,0.4102723178566488,-0.7342577994810503,-1.7804305183192004,-1.5055225363003408,0.20316515623971595,1.5987942323222968,-1.7189271979399978
2022-01-07,-1.4036953499413496,-1.2726203349805418,1.498383562213327,-1.0536673259407872,-0.13109189804253216,1.6148226975728812,1.2734582332448714,-0.4240852831173386,1.7707414202440852,1.262794905983762,-0.6022782512768209,1.7736584632177248,0.09056247333926076,-1.3031678724847529,-0.8962228073222993,0.24098377430507836,1.530109045188118,-2.4048516835613274
2022-01-14,-1.3551987579677127,-1.2421212023679473,1.4589814620085266,-1.0321685536008338,0.005239027923902377,1.2621947224026293,1.5958891965472988,-0.3943484208121939,1.7384973137488298,0.6453355649583343,-1.9167613545781028,1.836987919045506,-0.05803733636466201,-1.7018093527207079,-1.1247422566723542,0.2819096950229547,1.4666900148365256,-1.5741455180332087
2022-01-21,-1.309503700197135,-1.2163820540508674,1.4255390259261895,-1.0112714887292533,2.370849247010512,1.4489320848094138,1.9347763399871472,-0.3639254748793513,1.7075191101686802,0.6161122194167794,-1.8437773165769553,1.6231474716275567,0.1947199974129685,-1.8531392581360413,-0.9276087930491708,0.32663916912562974,1.4078071892658865,-0.6752903998608898
2022-01-28,-1.2663068185524786,-1.035674605680275,1.3985669262137985,-1.7219927088923166,2.2701729120129115,2.159005894231933,1.4279965908480026,-0.33259889501117906,2.21690616020724,0.5871405886846194,-1.7766568638299844,1.7738568193319706,0.5995394178957352,-2.196457175452762,-1.15119675206327,0.3761048843733199,0.90913636157673,-0.9101398116783633
2022-02-04,-2.0315237732729017,-1.5419938981479682,1.8832190592744253,-0.05723008650777329,1.0570785040358397,1.2061327055869322,2.360387063843383,-0.5860704323122125,1.8402529113400963,0.5583563298712112,-2.865329379946669,2.563059930901992,0.6581562322060698,-2.103448075751844,-1.1073844721580512,1.618669701514185,1.7937485336156431,-0.655565810300414
2022-02-11,-1.9712496481249513,-1.48740610927073,1.8169420988146978,-0.04241125149002845,2.0330553310868216,1.4477994229328457,2.048718595363266,-0.5585127897298784,1.7607336241479372,0.5289905462894541,-2.6223205935144476,2.3689887813129418,0.7512425786442328,-2.640763873813124,-1.496816352474326,1.6407120866439424,1.7048805869843675,0.4993279135648169
2022-02-18,-1.9149713821340273,-1.4363376240280952,1.759731872653323,-0.02744543426379075,2.0271643275734186,1.3746914448215102,2.0429417278520536,-0.5310741798046064,1.6881307436707913,0.1690282711688237,-2.8254688166882547,2.2165531330670443,0.9463655896559334,-2.3415369578633807,-1.266378767749172,1.6634326940408997,1.6243714182732527,1.224665282890769
2022-02-25,-1.8622427435714122,-1.4987280406651067,1.7111561766139787,0.49138891907278903,1.9964821131100459,1.5921042800028424,1.5626364922635494,-0.5036781080340555,0.4783606611675777,0.12822789338038532,-2.5870265616979387,2.323708255935649,1.486249973987696,-2.2710050586039103,-0.7003415921746291,1.6868695876716902,1.774568743590668,1.7875892508782665
2022-03-04,-1.1869684503912918,-1.0279340179324594,2.2651320014869905,2.356181920864244,2.838509405718515,2.398784424459874,-0.3490052186300059,-0.3458728744214258,0.5811461698338456,0.08306567635693485,-2.2178343474067175,1.0191665358883792,0.400700091422599,-2.621667100058133,-1.3167344390748843,0.6602946401233917,0.9855987436818124,3.1583146128962194
2022-03-11,-1.1459353290930636,-0.9920770881921082,2.1559537839535894,2.2523545954656736,2.3703568181047006,2.419202635832861,-0.3760233787252043,-0.3344451966572879,0.5516484573375949,-0.05861092101597912,-2.166578141775568,2.285893907969095,1.4728467263785643,-2.4079257884788268,-1.0979041580642475,0.7411704843620228,0.9526240017498898,2.4484411425029826
2022-03-18,-1.1068302658986175,-0.9578414886923133,2.06227040740281,2.159013925291497,0.8598891842485261,1.9093974550812547,0.8728027131621905,-0.32307067283739793,0.522063053118011,-0.11098733667147291,-2.033713554819626,2.76641859598821,1.6754033665555204,-2.464590822689776,-1.4334926589690657,0.8385281858781931,0.9207954574377478,1.6187810348944611
2022-03-25,-1.0694616362887301,0.08328514984660437,1.9817315783454514,2.032246200109166,0.19246115077870649,2.0264827981199387,2.1812833767411974,-0.3117448716516067,0.21100043003807814,-0.17175443105084787,-1.9177276554669298,3.713830653271601,2.6266114446047917,-2.2830644440475463,-1.3991043061605464,0.9601602340860249,0.3248032412008899,2.08759894715258
2022-04-01,-1.9467334441042425,-0.5647249407476387,2.3136376150531555,1.9789751857719395,-0.07157988058730161,1.8448738158139582,2.3788912711761596,-1.307103621765052,-0.773752318731611,-0.24496445468885653,-1.815097584711665,2.99370167851511,1.569682608534682,-2.6800078794583344,-2.3499944850022887,2.0956170159792396,0.9128123942014699,1.5441213474899629
2022-04-08,-1.9389701955533563,-0.5362301458651922,2.1965495936262123,1.8931628684278035,0.24160203442615696,2.160888143037366,3.3103471125383477,-1.286453904116452,-0.7485419534293921,-0.2929949018498462,-1.0106911509111933,3.5989877720938384,2.421788842672778,-1.9501626546660038,-1.251095538838355,2.016219547265297,0.8783277106848663,1.0399381645801344
2022-04-15,-1.954228224014763,-0.5079122678326817,2.096220066700637,1.8151992098477776,0.5510474995366348,2.205476976205199,3.2668360719893244,-1.2735131127884056,-0.7238992161815193,-0.5712759820660471,-1.1128998461981687,3.409667879178141,2.6416398699374986,-1.4540744907940795,-0.49530238249016684,1.9434831985051773,0.8448458320165514,1.2984507311449611
2022-04-22,-2.002699332531187,-0.4798257276079783,2.009872233430638,1.7438804573003535,1.665341826679065,2.3635660857225993,2.8687671378849733,-1.2707321795100792,-0.6997775109047153,-0.6392548649627778,-1.0705957651957496,3.1707906848703535,2.5598241453981103,-1.8168021875056586,-0.7142282607368682,1.8764778646633558,0.8122538389578375,0.8172864710714018
2022-04-29,-1.890088841433053,0.22065022274064863,1.935604179829518,0.45198923177873473,2.5357643047671554,2.717259213796072,2.888571907283129,-1.227058805901904,-0.4040038069202338,-0.7187471456618728,-1.030110101640958,2.831141105487674,2.0305743825903884,-1.7145753386768254,-0.615905452613333,1.7828607668738619,-0.08579728806687209,0.2621563555233917
2022-05-06,-2.809941997497977,-0.7194988646279051,2.4245057849291864,1.9879279061828987,1.7966410554809173,2.710196429837189,3.2770919034320984,-4.049313564031783,-3.008725621183045,-0.8142823992091999,-0.9917697735274075,3.0005109678541877,2.4599461540749115,-1.153638686233658,1.0424950043390762,3.190100610632972,1.0012562509098346,-0.09907022111438217
2022-05-13,-2.5712303329211146,-0.6898051973969106,2.2759075390992103,1.9031555639111761,1.4732687166297278,2.742891800721658,2.882172012271627,-3.5077095623299077,-2.7250320521733697,-1.0105393354110523,-0.7015009833811036,2.3937269616491954,1.894056225673891,-1.3051629790474746,0.6517421324114432,2.8786663477383274,0.9785415721903028,-0.8859034950418303
2022-05-20,-2.37728744337214,-0.6606304303468442,2.1490096275403867,1.8260486168049306,1.5112714866879358,2.1948739554718557,2.6047353555420747,-3.1277812580015,-2.5004663851510416,-1.0420924225372594,-0.6712537257486376,1.967924053551406,1.369994311739266,-1.5915009275011713,0.2278399622685515,2.6358747036453587,0.9599842688406686,-0.6640405221716948
2022-05-27,-2.2152325731634512,-1.2270134505036523,2.0391597440973066,0.4403039133113229,0.7905905871757564,1.6969024429024355,2.1366445385920727,-2.841713981679641,-2.4184427124783494,-1.0753717023671336,-0.6413435638870201,1.790233010316879,1.7165525165700977,-1.3196130983718168,1.4057581185857064,2.4392757122405917,1.8333499319189035,-1.57107538337702
2022-06-03,-1.7305314546464,-0.7686615007648439,2.3837609610873622,1.6793669394106456,0.5908262419481148,1.7572931367918696,2.24528749630234,-0.3285135507880937,-0.06186158763864238,-1.110565056302315,-0.5217780822521256,2.065506892811767,1.5517441203577957,-1.2025189862129688,1.4630737112037113,2.4567659260591186,2.047612031192834,-1.143335368065091
2022-06-10,-1.6504312515104531,-0.7379578701943669,2.2338168068571003,1.6185198455985017,1.1011011428288606,2.2011672150503285,2.4427774313940467,-0.30224797993122765,-0.04165943475363391,-1.962038883119267,-0.988765788526286,2.240226586985932,1.5882840547337842,-1.6613046871982375,0.8802593100436098,2.2850085244350806,2.0719800944892723,-0.948358626828928
2022-06-17,-1.5775104083100033,-0.7078224129685258,2.1053194094724694,1.5619615748228841,1.6505605669409316,2.2036866542806357,2.7770676891705754,-0.2755049384456174,-0.02105473132445044,-1.8698363628210306,-0.9635854738355323,2.243973078791849,1.0262894988741356,-1.6102227130998474,0.7708364589331909,2.139417374515423,2.136943333924767,-1.8322522001561572
2022-06-24,-1.5106910626475376,0.19363819983230018,1.9935700564249337,0.6268973986820103,0.905001046228509,1.956713019805023,2.3727113658894625,-0.24817303725654488,0.7214419839753103,-1.7865954560768709,-0.9417381520248159,1.9285972044857342,0.9245813808980189,-1.5206523861296921,1.7075513388953127,2.0137011129430484,1.1741586868265903,-1.7902270235193751
2022-07-01,-2.8560191607999226,-1.757266663478122,1.4101717457889364,-0.7271932484623349,0.7758886644744727,2.0773239367440524,2.15910140588269,0.4991013073691317,1.3199915742394246,-1.7108530890279534,-0.9075780592684684,1.4647770457070268,-0.36220142516677745,-1.5731502601972447,0.4955271433203844,2.0121485175591163,1.3278059453250646,-1.812304903979439
2022-07-08,-2.611796698717428,-1.757266663478122,1.3549481394934126,-0.7021894345859067,0.3688326826924609,2.3757783185905965,2.3144776865652985,0.5237211582130049,1.267657193083248,-1.6446053680963404,-0.7018633524651597,1.7039201964701434,-0.16384108415631865,-1.6632642631841184,-0.4849229812215815,1.9011890339727837,1.3084761392019508,-2.2293040796486205
2022-07-15,-2.4140728418553308,-1.757266663478122,1.3034188876782322,-0.6776806004196161,0.27261801506746536,2.436463002889514,1.9298689268028668,0.5494312958064325,1.2183450023558702,-1.7221507248877115,-0.7772749254071252,1.3987994191152895,-0.7017860830259502,-1.9549808719238673,-0.4419245742856658,1.8027283889324852,1.297513763948949,-2.2121201549311973
2022-07-22,-2.2493437116069983,-1.6709134844618136,1.2551720532066353,-0.6536219861050602,0.025580086473618462,2.005788645846662,1.60843339656378,0.5763461379615239,1.184481088894966,-1.6526232171574744,-0.746605223270034,1.1128174050106823,-1.0668073270633496,-1.8729616527908273,-0.525160018587791,1.7144333532171916,1.2459211200715632,-1.8485141409902157
2022-07-29,-2.10904033997452,-0.5991749623668344,1.2098706140318003,-1.9227742579697553,-0.3118286053105255,1.7343605358639917,1.073996991736869,0.6045973033117341,2.993521145141871,-1.588547488761316,-0.7166027010204951,0.9254812064482886,-1.8103632070833264,-1.7984475848104207,-1.3906673740357929,1.6345414730104637,-0.6135125699111438,-1.1977305897705484
2022-08-05,-2.053349986689943,-0.7026703586753192,0.9937379007226628,-2.2225463106164227,-0.3705700017997241,1.8008044435642214,1.4031601692161528,-0.9310128114084869,1.7698995063667713,-1.529179498365271,-0.5769230384393843,1.1247740289445882,-1.0322657352104034,-2.089415758014913,-1.7548345689083216,1.9532779973610424,0.16049825475278806,-1.1377378973387324
2022-08-12,-1.934183474305658,-0.6831555514049501,0.9576494985039344,-2.091465420800072,-0.7136104428306448,1.5191800127422483,1.3461629293825135,-0.8958647137188899,1.6826682825263368,-2.2457054921605284,-1.2488963893667644,1.0977126898731546,-0.6937226543415366,-1.9723045251042512,-1.1766936038975226,1.8509051606877736,0.14583685567768293,-1.0885852238891294
2022-08-19,-1.8290018940608845,-0.6640004366072377,0.9229337886713641,-1.9768548900779925,-0.512101017328647,1.9554987542476594,1.385918467487704,-0.8617808852369017,1.60350558613211,-2.1073783175323926,-1.2004312342327388,1.262460281512575,-0.3009862132855116,-1.6020851453428202,-0.9660848979787863,1.7595264383657874,0.13109902174342336,-1.4673750119157811
2022-08-26,-1.7350631369233438,-1.0598096178351866,0.8894808735176877,-2.740622604052324,0.4486853005199576,1.9775473679610083,1.3926738221953956,-0.8286422297074661,-0.29743782374885924,-1.9871264736688532,-1.1545373782509354,1.3027932624575673,-0.7161826776233892,-1.6483436471437047,-1.2705433408268734,1.6772010027154989,-0.19373767748750284,-1.446387813571633
2022-09-02,-1.6509574486868381,-1.026098872632431,0.7451928377849291,-2.700718469431531,0.4023895851204508,2.0185673781925217,1.729786505342419,-0.2863164442441257,0.036667685227625736,-1.881114265973616,-0.5356436037473891,1.4846933050333397,-0.8066372579855917,-1.3305793341011165,0.027043871914193773,1.761483631317888,0.14386437711188435,-1.7457329938385377
2022-09-09,-1.5744127031370485,-0.9936800140576858,0.714423090925496,-2.4904410240841157,-0.1582271217992078,1.8222030795634845,1.911281027761584,-0.26945940276130387,0.025080561352583755,-2.415497847040013,-1.2010422441009159,1.6104918279556155,-0.7468148443755012,-1.339607436850141,-0.03166119917963531,1.678817013432609,0.12542186408144965,-1.2834251089959643
2022-09-16,-1.5042298897445627,-0.9624406376859315,0.6841371875509088,-2.316394434119512,0.5460500281481148,1.875967127387527,2.0349146438162,-0.2525748549313573,0.013421156439140162,-2.2458969827402586,-1.1557276212927858,1.7110393921162097,-0.17152706328360884,-1.617747118062859,-0.6936220249743901,1.6037611735820319,0.10675833671316474,-0.8484827495048324
2022-09-23,-1.4394575888679073,0.843168022514416,0.6542459874143309,-1.390500354709821,1.2458299105817412,2.3746173289224366,2.249565293960071,-0.23564658488717785,-0.5100039446874357,-2.1017897440999005,-1.112645938868165,1.957596025455298,1.0398494412591686,-1.76431213203571,-0.8881807254331333,1.5351508791330555,-0.12231293099300791,-0.7484298675727167
2022-09-30,-1.9623464607920713,-0.2390249716524306,0.6245540969334844,-1.3390702809261499,1.5246349278184055,2.0497668093644914,2.5472440568716,0.6807791864784535,0.08123793002096168,-1.9770627955949232,-1.0710926333127424,2.0398858377325557,0.829408594611685,-1.4713861091664855,-0.12855303248808514,1.430220837913235,-0.2564352401008212,-0.4639343439024595
2022-10-07,-1.8664514409570636,-0.21289452793340966,0.38348923907645904,-1.571106122410603,1.4110403657629897,2.051160299191002,2.293290304341305,0.6651288838723837,0.06150190103606224,-1.8674760130026016,-0.9277368832049733,2.0038788069843845,1.3344169618580246,-1.4701639819029095,0.5182510725103303,1.3774277484651825,-0.2861712980408502,0.14903048125264215
2022-10-14,-1.78102588013302,-0.18611226955103743,0.3547758012295881,-1.5048224539336341,1.4889429840269555,2.024546062215527,2.11642324634265,0.6497298927906086,0.04141231547264508,-2.14895046647384,-1.372802913982655,2.0318647116170734,1.8966558613939615,-1.5628301076633209,0.3100087561266372,1.3285305298291505,-0.317570631364228,0.028886964829400417
2022-10-21,-1.7043747015260204,-0.1585530966786836,0.32542345947070395,-1.4434716831281837,0.9882255324664936,1.719495127349339,2.1080849308761276,0.6345694883536626,0.020927148605821507,-2.019002611003298,-1.3188508134217727,2.1665360697163645,2.437896763591185,-1.1138307046325227,1.2505616565311972,1.2831881732607482,-0.3508865939754552,-0.4612987353431041
2022-10-28,-1.6352137456478064,0.008818198289295842,0.29525496901068704,-1.1335793144280315,0.1393682510408478,1.431491478613013,1.793511190988679,0.6196356140497424,1.0678592816715704,-1.9053393334073327,-1.2683105038239224,1.8273411240749686,1.5665958446656454,-1.3081086758331637,1.5856412278420864,1.241149299514301,-1.287007956213785,-0.27991820093213465
2022-11-04,-1.770661770028597,-0.41850366019105173,0.10995379496060532,-1.271279599048227,-0.15557593364834468,1.4112722632752452,1.90851583645139,-0.5544108125708168,0.2358543691892529,-1.8046083865768245,-0.5657794039677707,1.9177429261456822,1.779106255870537,-1.478575383867468,1.1689885940324662,0.8989494397721316,-1.944384727892837,-0.08276014671160019
2022-11-11,-1.6965802489942112,-0.3863232232706324,0.07979053646189242,-1.2236525936706224,-0.6542205762952322,0.5964983949205289,1.5386886322787667,-0.554410812570826,0.21356004394022676,-2.2588482492908906,-1.3302915223717275,1.4241740631760353,0.6956368116618,-1.4995011219782532,0.4585648037712132,0.8652882851377383,-1.8718543395384326,0.6783382097990228
2022-11-18,-1.6298153795598558,-0.35282216484347095,0.0481896399422596,-1.1785807126087446,-0.5541310981467843,0.6774823943958607,1.6331876365017255,-0.5544108125708168,0.1909439113633453,-2.1399306080729383,-1.3125668531357542,1.3710103277786592,0.5439628454075401,-1.8135357799025984,-0.00963403049102604,0.8326339115305361,-1.8050955501401118,0.2494542729419654
2022-11-25,-1.569475334216018,-0.31838017788185563,0.014859589494964812,-0.9904025542183941,-1.1261858014840762,0.480481087825425,1.337389931524356,-0.5544108125708168,-0.19397122335058475,-2.0370467126236083,-1.3037645804892115,1.1566803704024622,-0.11776210793421814,-1.8565234130829702,-0.79713818807106,0.8008926115950286,-2.0832519015642124,0.7179235126899677
2022-12-02,-1.8583619638461693,-1.2894329371512812,-0.5113152232037745,-1.4266690448519619,-1.4048185830356312,0.20501590798395627,0.973624077513259,-1.9925482171843234,-1.2690266819848433,-1.9473416863674298,-0.5025231376401542,0.9125421443890758,-0.7824452880362924,-1.8361173223289378,-0.777550314917566,1.1350696735802608,-1.3421490815236212,0.8696463228943165
2022-12-09,-1.789985300307026,-1.3085061454306626,-0.5640228520672006,-1.3728692719560154,-0.5562115265445225,0.22529177002742176,1.203451023967891,-1.8809644404354815,-1.2258187642453509,-1.8622401861012992,-0.4740699256814465,0.9566951085975252,-0.914470691185546,-1.7424069584903081,0.04282125725112985,1.1041427751341977,-1.3429121314904855,0.32450720740849043
2022-12-16,-1.7301812123853133,-1.3558675414159649,-0.6231868513220655,-1.3224258640154862,-0.6130039844011218,0.17939377756296454,1.2086242742711701,-1.7818621466310332,-1.184811711648964,-1.7868912353114548,-0.4458720972863569,0.8100404732306586,-1.615393822463364,-1.5296483752116241,0.8338285862400897,1.0764779417473054,-1.3436760201566682,0.47850066949152387
2022-12-23,-1.6783649619068224,0.6994382512881979,-0.6906387453266496,-1.2842270788766483,-1.0629349727050237,0.07877740315821095,1.4001512063935997,-1.692888532163135,-1.717786262652618,-1.7200244592899998,-0.4183461038112452,1.1402430017278582,-1.3226152793516575,-1.2036626743021799,0.8516843387562207,1.0524865391184273,-1.2288985770431218,0.4982633731205795
2022-12-30,-1.6079018727518135,0.6881354278063581,-0.7690392210085292,-1.0135480307828075,-0.9169833664799368,-0.10239407939081555,1.3913828818275025,-1.6141262797797797,-1.634842670148435,-1.6607371846647998,-0.3927116522017259,1.2840135957367,-1.179863176578895,-1.1030900571406577,1.0362355109487118,1.0187630856293117,-1.1872691136116242,0.45448823160332696
2023-01-06,-1.7145056874986206,0.029751698684538558,-0.5541434701349542,-0.7890074736307356,-1.0803004141283272,-0.06446948329583159,1.0575453878211392,-2.530457087993199,-2.305682912750163,-1.6084325177861678,0.6235437795359385,0.7893422353992081,-2.032574058544142,-1.4412643631883384,0.6263111408352273,0.44157794657816596,-2.0075064735949377,0.5341475553515072
2023-01-13,-1.6438035216204445,0.034022536762814214,-0.6137048186136853,-0.7667872234811209,-1.7705547838927684,-0.4406021602102114,0.9837797712839281,-2.3490797356186675,-2.1544081531248565,-1.4006831270188658,1.0979832474812647,0.6734667043990505,-2.4273364185439448,-1.498252759880816,-0.43423790913237115,0.41070195927747066,-1.8961565656043766,0.7402385236107439
2023-01-20,-1.579739474302307,0.0382992593916844,-0.6817327365605963,-0.7450705654568335,-1.334665020974142,-0.5203210272037722,0.8745376754341795,-2.1964194649067954,-2.0242225803287335,-1.3480727638341754,1.145474682166957,0.6297961491035091,-1.970745101360261,-1.2977602971074498,0.3587437777677175,0.3789506121035279,-1.7972650030876673,0.8823716824942949
2023-01-27,-1.5215237470393006,0.8061420386622897,-0.7609966217518295,-0.571135239349796,-1.5906277772220871,-0.5677039703063562,0.7670798326076489,-2.0653771863119004,-1.2973087247048454,-1.2990999203849274,1.1969719004195163,0.6626533700512217,-2.055902157735769,-1.2866995914072201,0.7332256895721715,0.34601377300191255,-1.191840423167609,0.3676479419783967
2023-02-03,-1.739902446941101,-0.30684728198067834,-1.0196452475129323,-0.6791705944776246,-1.5749438146532484,-0.39899835056136,0.888112498496505,0.8914505440031774,1.0134776446036717,-1.253415184411087,2.6484793220934755,0.6494243008880896,-1.350464500119884,-1.4990980947257857,0.4089229810324431,0.429209133325545,-1.0070035645109092,-0.2962537620777488
2023-02-10,-1.6632353998517788,-0.31681263891494027,-1.0623474372840582,-0.6553994713006025,-1.011023394668842,-0.282281907415341,0.9832447548473104,0.8914505440031774,1.0134776446036717,-1.2351034781944477,2.3806165159778416,0.9640449461336087,-0.9487266378489597,-1.4213520058201166,1.1574535976251215,0.4018332840227352,-0.9690190396674665,-0.050459902375966696
2023-02-17,-1.59363422611642,-0.3269006191506905,-1.1083333004830567,-0.6320367536489484,-1.0892269817341513,-0.2751279559316474,1.0134460786688992,0.8914505440031909,1.0134776446036717,-1.1896175655412833,2.221554360506013,1.072706457939351,-0.5447511668236598,-1.4254119168037387,1.2385132826258107,0.37411860892053583,-0.9323819232048898,0.016607116325419998
2023-02-24,-1.5301214821232658,0.9769581092600798,-1.1581088074242647,-0.17161954777338778,-0.6737084648255344,0.014283338758700618,1.1251374880190437,0.8914505440031909,1.8180911996066733,-1.1466452232436837,2.085558491149698,1.2717216331413965,-0.005473116294257697,-1.5042192547884161,1.1144783648456413,0.34594956626364637,-1.5140640407476234,-0.33899193532744337
2023-03-03,-1.3967699995593619,1.2670990348239692,-1.385160624056924,-0.2809169637545734,-1.3789862938020083,-0.19518136803160674,0.940439951582054,2.9680801923749685,3.189482018207974,-1.1059537097364938,1.962674599696629,1.3064998461625394,-0.08149207457690662,-1.5922903554210575,0.7798901807844493,0.9336447307859933,-0.7497019320911409,0.273333070108128
2023-03-10,-1.35565089774872,1.2233167594848928,-1.3627322408923794,-0.25331689843396293,0.1579159781158097,-0.21229280202993808,0.9102821240739798,2.726067416200042,2.8712994329602046,-1.2163464736825562,1.5252403563442427,0.7721550065764586,-0.38898660678114744,-1.5530428432635612,0.41001165604998513,0.9233224599884723,-0.7262253146864531,0.08424862707032159
2023-03-17,-1.3189704878383262,1.1817799576440644,-1.3409738268290796,-0.22497613295783014,0.32341134856088716,-0.4906817581876604,0.6589905911962234,2.5289039755095657,2.6238677225202114,-1.1736035216649707,1.4588573297674143,0.10443503342178098,-1.362831445325879,-0.27658677859677117,1.8464020825337961,0.9221641045462102,-0.7032469869542771,0.019222024425874184
2023-03-24,-1.2868743773950497,1.2563585544569116,-1.3198486976177375,-0.19573410889254111,-0.6032999298345663,-0.6981437666647785,0.4200764338340908,2.363906883398729,2.4215671756204946,-1.1333577936598007,1.397340071589963,0.0476602821497751,-1.5355837506535028,-0.14478734057530576,1.8014270852378673,0.9361546485200494,-0.6995479485243271,0.10639958236842847
2023-03-31,-1.6622035300922489,0.3719147127789322,-1.2753644445666665,-0.3802692817654611,-1.33628067221873,-0.9228179318758769,0.3880050619922479,1.7649017885010603,2.3796256649024037,-1.0954418916361321,1.340022956340965,0.23318446220760888,-0.768396866073838,-0.655948689480787,1.6382518637871772,0.06981288858159469,-0.5849311813687164,0.3955580376104677
2023-04-07,-1.6041191398487094,0.382558076949229,-1.2544799050264503,-0.36454822395568176,-1.3775623224441158,-1.157227142255064,0.3207242020454795,1.6836264280735098,2.2149304252338546,-1.0597394856131368,0.9773070244077903,-0.005477298606185697,-0.7879741102822982,-0.626161436288191,1.7419903520801516,0.015123582752164286,-0.5648944841274925,0.19622519295575375
2023-04-14,-1.5522984142447642,0.39335453943772086,-1.2131757811047457,-0.3334540867436395,-1.6289985432614695,-1.2582283619918666,0.4358891486364694,1.6095293411853622,2.0745044078261916,-1.3144402019797017,0.34250401094682664,0.2762464942639356,-0.5191943914568428,-0.5420285667108752,1.452139299212797,-0.051089073743054984,-0.545117175993948,0.018108771822534276
2023-04-21,-1.5064027310778518,0.4043106597447149,-1.173902861477304,-0.3012363402280599,-1.620121737598265,-1.1850892649886273,0.5383939602387745,1.541508315729928,1.9526179124919445,-1.2720270655414332,0.34008099469412234,0.37081535873287547,-0.4735830310401051,-0.6255970682742826,1.2678212252155339,-0.13759947934233965,-0.5255758862579282,-0.21564925146274044
2023-04-28,-1.4663233138620222,1.600642545154965,-1.1364624574331703,-0.11335423126016188,-1.8013051388401236,-1.2138229989580578,0.4491678979926647,1.4786830847508707,0.595665754017459,-1.2330203681949323,0.33766279139289324,0.02727360454272026,-0.6914668829411132,-0.5959384784504905,1.6235385985928836,-0.2677971625185586,-0.6725074151809622,0.04610056009184018
2023-05-05,-1.1620300543774094,2.3579304363894638,-1.5188890205612169,-0.42341554705414525,-1.4190575307633184,-1.3204580140511153,0.3588217309020564,-0.2698128821969042,-0.5892638551286398,-1.1973624685026996,0.3913350548787638,0.012032037476796615,-1.0310447585329932,-0.2012257245092714,1.9998614111100115,-2.067158936560915,-1.4696162018869965,0.038464935508392646
2023-05-12,-1.1236350014937697,2.205558462618202,-1.456148687338153,-0.3913298322767415,-1.400440154294861,-0.8656364275919944,0.43290280000833403,-0.29815812803260555,-0.6136183372777427,-1.4689056049601823,-0.22154168490166648,0.03716396081002543,-1.098786855053115,-0.2916409079776977,1.8251236475122772,-2.0462789352728423,-1.4069758198044038,-0.25179385972065654
2023-05-19,-1.0876419516194884,2.0744380210368742,-1.3980629147621062,-0.35795872340652124,-1.3998798611840357,-0.7119442866513497,0.7882398575447408,-0.3279804549634775,-0.6390388861861633,-1.4280840174094476,-0.20377823164452474,0.6177774315194355,-0.8636111627888909,-0.46034217289909607,1.6977953485108719,-2.0258990474196925,-1.3486595752274364,-0.13420273157775967
2023-05-26,-1.0539976733594796,1.6847080723005878,-1.3440502360520605,-0.11935927690836029,-1.0882064445510815,-0.43201701748386717,1.0064394185450982,-0.3594890896839282,-1.7448341320859564,-1.3926236913020362,-0.1858992327951282,0.8496586500601191,-0.6865757139002779,-0.9985591734931498,1.2875798027465075,-2.005998673293062,-1.9719427052911633,-0.5817087825552341
2023-06-02,-1.0975885696699192,1.4260995392115272,-1.2954958961135075,-0.03890979143315345,-1.7743677261241244,-0.5041103294377598,0.843534259903645,-0.6234299085728233,-1.8366003342145711,-1.3628448894712917,0.1808289437718517,0.5255843189869467,-0.3609103798727318,-1.2578288133056919,1.0504347321320096,-3.562636805820389,-2.7844304406479683,-0.17283114493760815
2023-06-09,-1.0754567271446542,1.3692275313534965,-1.279951807379778,0.02953083035005613,-1.8511769418373925,-0.6386134454003577,0.90793966270921,-0.610604919350464,-1.757827361843021,-1.6181212030193965,-0.39722339554248814,0.6609345727032592,0.37284812973221243,-1.3504628657648765,-0.8781440805693946,-3.180832753259002,-2.6431466536512955,-0.03919924257648287
2023-06-16,-1.0584435705298587,1.316018989573029,-1.2736898476570246,0.12243866150615772,-1.852050881411179,-0.9961142641770577,0.873371234852919,-0.5979463562822264,-1.6858555417964736,-1.566841478143676,-0.38764310034632204,0.6885728653649525,0.4504376513360848,-1.6840062024176128,-1.319865190819628,-2.8916615376731865,-2.530214342060064,-0.16546796801219288
2023-06-23,-1.0481366943965162,2.4672552529235525,-1.28036205737405,0.22078527043983756,-1.783677179007205,-0.8054620065195697,0.7926991626864368,-0.5854470464363049,-1.3498105717897853,-1.5217224272585774,-0.37812144375107415,0.5786873847717181,0.2159858681901472,-1.8277239082712702,-0.6883633273650863,-2.6622493605571704,-1.7872421872669302,-0.7285952349305967
2023-06-30,-1.3732077341231619,1.6082310767393264,-1.2423463994008397,0.3188473586121355,-1.6694614423784506,-0.785070409280201,0.9098997694310689,-0.4329635042890638,-1.223708855715611,-1.4827106470573923,-0.3686556981105434,0.7428875305813042,0.5226960293373879,-2.1630538512489013,-0.9968751539362176,-3.001036064378662,-2.1343307256848294,-0.9745124821443932
2023-07-07,-1.3260073966555879,1.555111721127221,-1.2120164069885786,0.38802466816821674,-1.341981582981006,-0.9410238799572728,1.363512135644717,-0.4171159959811637,-1.1803265472351867,-1.450041727293222,0.2766994810159471,1.3969199852688599,0.7461267555637147,-1.3545174863118334,-0.40069409398879385,-2.7297835958798555,-2.0440596199366534,-0.7733771565148165
2023-07-14,-1.282416382511133,1.5078689004508992,-1.181164797538102,0.48143584184123245,-1.5834411684070104,-1.5594445064376818,0.8256225199502345,-0.40137576971772027,-1.1390973324051274,-1.6780489819844655,-0.18336669854715007,0.7155155685915303,0.1851696006481404,-1.4431780527003084,-0.36896289875809907,-2.5132682462023928,-1.9665302220243,0.14631227636502117
2023-07-21,-1.2422399532203443,1.4663314548732753,-1.1543488430930686,0.6049633750191212,-1.4620872865161698,-1.1788194074569502,0.5373212498873363,-0.3857311220029836,-1.0997989653469429,-1.6449694632415397,-0.1755270442186635,0.7222881037895685,0.442211706768744,-1.7018023912358289,-0.6359375134096326,-2.3347740851629393,-1.9003319106371137,0.5345217487403919
2023-07-28,-1.2053808466596876,0.7010834105556697,-1.1321521630087301,1.6225481357546507,-1.45508736112285,-0.9892951771792959,0.7819906976555597,-0.37017055402474797,-0.048946073044140156,-1.6218071938560243,-0.16769467720257128,1.0959329241761997,0.6495781880255104,-1.3377081013174184,-0.8533736032161989,-2.183967059676563,-1.0808911054267654,0.7149801555173165
2023-08-04,-0.9971689674698411,1.0304199589928147,-0.367033318252012,2.609579655134826,-0.675888653979657,-0.8468023123486531,1.0552155651107118,-0.1695135049266357,0.07818382221940565,-1.610473494818764,0.47470898394880784,1.3915480407452863,0.7611457242081009,-0.46937916204907454,-0.046316044476356975,-2.841671246131411,-1.8610114536894755,0.9304729075891524
2023-08-11,-0.9674350218822483,0.9921828451662409,-0.33468729023419896,2.416624958974437,-1.0988536235663138,-0.5993747775147472,1.513779928416349,-0.17364332978997257,0.08972871157206887,-1.1992981369064526,1.020233800929902,1.783668088971279,0.4860213092589031,-0.444222088580912,0.16455407820147477,-2.594809618669618,-1.7744669259625103,0.7485671157857395
2023-08-18,-0.9400102835392343,0.9553809430682162,-0.3009082149398925,2.2551189349149388,-0.5957855919141527,-0.4249361560021456,2.0651192202678654,-0.17778508334751045,0.10138578629955143,-1.1751640411978697,0.9823678131346077,2.114649769559701,0.4765483601119225,-0.0774535390757137,1.0716757974514912,-2.39521033400361,-1.696700918894826,0.7635798895551849
2023-08-25,-0.915174318128061,1.0970512446826617,-0.26521805915963076,2.0936097752225415,-0.8813562892538858,-0.2044849956605326,2.0791215584271443,-0.18193902384440624,0.2492543068102396,-1.1565350525390645,0.9458962501344247,2.036779920653927,0.6545132306644812,-0.6369153451673536,0.8351265418694139,-2.2290216294646967,-0.7848843287526437,1.0557121147244668
2023-09-01,-0.28382173798257704,2.0794958015933616,0.05947322010715772,2.312218395333988,-1.3390427676451095,-0.13223248524706835,2.0840910724012334,0.0883370906257601,0.39654470494458294,-1.1448728340984011,1.465002779962465,1.7136887845494033,0.38273621882611336,-0.14630641171134876,1.2937679257758272,-2.288406224521463,-1.0086217383276814,1.4899805266506523
2023-09-08,-0.24613082021574323,1.9764983179419506,0.10508025510534022,2.2223426621131934,-1.1459784978427514,0.13841472940479374,2.0757474901327853,0.0843871997226682,0.3877301988791569,-1.1122832591632879,1.4034862763926812,1.9370174949251933,0.48517302102856524,-0.2689662602217754,1.4780030983548404,-2.1420356457767338,-0.9740140196588489,0.9818074242955247
2023-09-15,-0.2050141655809137,1.8858564149882024,0.15619477595410824,2.1488208683146217,-1.1134244244190155,0.23663102847051865,2.18861303571435,0.08043805290798264,0.3789679057212915,-0.4384361746190028,2.0554982726272133,2.0817040582814887,0.669662710069592,-0.07236581095242951,1.691788036862679,-2.0157058544361086,-0.9410245940014084,2.093349367583626
2023-09-22,-0.1588676810398205,2.502179976761974,0.2148070291208461,2.017836699374454,-0.413816195222851,0.38522546892946546,2.3933292398848747,0.07648946517703184,0.2900054640453843,-0.406999445986527,1.941247016397988,2.3144718578627956,0.7599902282759028,0.11615307196157088,2.078919829703373,-1.9050142294914514,-0.4628656155291292,2.121537914576269
2023-09-29,-0.12215426779207421,2.318078677511959,0.284093048381234,1.9087963302639586,-0.31312143821059796,0.6516778494298502,2.830861701565231,0.08185804664612052,0.2838028195954969,-0.37452076852160643,1.8402480070207494,2.607253704815474,0.5735528202564241,1.3990761501145248,2.1025003083086307,-1.8059086331062775,-0.4335813460585145,1.6814749012284895
2023-10-06,0.8929927600684139,3.0320340520409665,-0.8195787808903594,0.970883836745319,-0.29155671049046605,0.7110790439186689,3.2648660781610745,0.42359529461894846,0.46727448059576143,-0.3406092769484902,2.110457048095469,2.910328120995193,1.4114707715237595,2.1498272147720963,2.5335081430753754,-1.824063077713739,-0.5771008911426743,0.02119135637755441
2023-10-13,0.9591031188333228,2.7443809235673418,-0.7969117645548047,0.9341988359493255,0.22997912234082613,1.1133466664018807,2.4374446958836344,0.4220592918885107,0.4566556716573969,-0.027609851316174962,2.227642904064965,2.2938114906321063,1.1393767897026363,1.50318013902242,2.222738365630115,-1.7339421911799169,-0.547472681240229,0.16699288579148286
2023-10-20,1.034251426295682,2.517173291640284,-0.777327904770554,0.8987210689172545,0.9757200949506531,1.0704059405413535,2.7277008258975766,0.42052570368137115,0.4461233365929945,0.010321569236355679,2.1157748142979953,2.8892457788378056,1.6080793932493471,2.891891891891694,2.659321722451177,-1.652552946997604,-0.5177182876357446,0.28408051279809937
2023-10-27,1.1210509555605843,2.121452505041425,-0.7620354745202633,-0.044395721989215105,0.9089653572775264,1.4235196543829893,2.4049230932785943,0.4189945158250128,0.33199112031790834,0.05145237879408036,2.018941953736133,2.452075201199918,1.272843517409413,2.671550724020899,1.9345574501441802,-1.5784665085955505,0.5133464247490857,0.47441644418235274
2023-11-03,-0.7385310423099749,0.7278546009142743,-1.5992522133295206,-0.6241712557787271,-0.9465814916150302,0.7888116854238603,1.6493314659704377,-0.0646042887030984,0.061644883638448895,0.09668584202962381,1.4808351030066174,1.7101348270180778,0.5007832337966744,2.0163527519603646,1.5226165239242018,-1.3831045133115232,0.7430011001723584,0.7215249080075173
2023-11-10,-0.7139875423203487,0.6981888250857032,-1.5730872446167499,-0.6353924203237145,-1.1299217726416144,1.3097047996977385,1.8474310760635106,-0.06860564299341794,0.061644883638448895,0.048080623551286256,1.3960129465805016,1.7194738002763688,0.39008446333740615,1.154061266151274,0.7615262314630001,-1.3261539414194214,0.740695215568938,0.9882824318283344
2023-11-17,-0.6915174366402169,0.668990443283337,-1.5571686086450596,-0.6468115818407358,-1.202465097640072,0.11124817179166005,1.4374730743830617,-0.07261354089954904,0.061644883638448895,0.06504916840599648,1.3628172239575358,1.2643848698927356,0.03348682967509854,1.0690894887155877,1.055161729881827,-1.272763732528647,0.7383967600040351,0.8273784965182889
2023-11-24,-0.6719097956742074,-0.07375638539133238,-1.5541291835623172,-0.9466176208475853,-1.5444737352721138,-0.12554876077495056,1.4987291892185441,-0.07662819265277862,-0.09283868017838658,0.08232180266603874,1.3353118614553463,1.2816330852908593,0.28904395726819726,0.9851879765600714,0.7202863811231174,-1.2224871514631745,1.0279960527464282,0.5413993122240165
2023-12-01,-0.6421072888135919,-0.11145433389714884,-2.602304142551389,-1.7023458134452687,-1.4285774602033448,-0.19419043315480128,0.9206825414074447,-0.16578606853653777,-0.1400280084028051,0.09992528200363032,1.2860668337843246,0.6721658594972973,-0.5123234935055225,1.4505549284520212,1.1195810291617763,-1.5349659382059393,0.3687811730046949,1.21876614868093
2023-12-08,-0.6125673177944054,-0.15226945438480838,-2.401817895699683,-1.7208457104678547,-1.4597692020240107,0.2963941324944003,0.9364268677992791,-0.18683276872793128,-0.14865676567557515,0.11788873445420384,0.5561682357198975,0.6676518110966106,-0.6468052043314775,0.758320371761081,0.5535283002368891,-1.473536350967426,0.3839320642520388,-0.4109154472693016
2023-12-15,-0.5831980942570046,-0.19698206576565985,-2.2349922982113237,-1.7398078870112192,-1.4300520177112077,-0.6279551350743585,0.05669572987386605,-0.20852854163478826,-0.15734844808617593,-0.1335994030140785,0.3239624225383552,-0.10150017673530007,-1.6522789260696038,0.5060653130533767,0.27941722117880846,-1.416871227502019,0.3994247752267089,-0.4051297048023268
2023-12-22,-0.553904973447022,-0.21163428707692997,-2.0929879989080638,-1.7592532159464696,-1.1575302919295793,-1.137689862370285,0.1013288250304787,-0.2309398841892926,-0.1720339778686449,-0.11228581927603946,0.2947269898150806,-0.1322724596741132,-1.9390902966326091,1.0492452896954783,-0.05465016320338662,-1.364423197527467,0.417931882638249,0.25345545606890296
2023-12-29,-0.5245894017324934,-1.16293241723472,-1.9699106001035067,-0.8217787947931748,-1.2858859075824878,-1.325827061585863,0.12063290059569733,-0.25414198957498135,-0.3803729629306868,-0.09057536482880806,0.26461597005570675,-0.17970810038482843,-2.26591455413553,1.2950470522665296,-0.3179359329983039,-1.3157587585896993,0.6290298199541159,0.7077979796531783
2024-01-05,-0.02099031520376919,-0.9050762125896362,-1.4279910092968209,-0.4569853106956413,-0.9749164334830636,-0.6212531178084223,0.38811525567891714,-0.5983717043358033,-0.5602068838196422,-0.06841360145061516,-0.026480153788231868,0.2024553974322974,-1.5439286333996942,1.2463873140453143,0.021300465335859425,-1.2072415792762463,0.7294458158018379,0.12288835180035426
2024-01-12,0.00955855221839332,-0.9212626063483023,-1.3793340925933733,-0.4629606133069465,-1.1304191387049036,-0.631070817609672,-0.002574944216916767,-0.6546761354303523,-0.5829616376797218,0.1766605899060272,0.12439693902710923,-0.034955243451389444,-2.3340749954121365,1.9039504139180767,-0.33884271813081557,-1.16129211164753,0.7177593868669145,-0.274870084970642
2024-01-19,0.0417174459783658,-0.9378823694677177,-1.3347471601421304,-0.4689829225625437,-0.9118117994211393,-0.08368356628858578,0.29373689604390835,-0.7182217625891452,-0.6066318716874394,0.21019491214166225,0.10995472826511228,0.3993397890356745,-1.7128611335024666,1.5666001070298905,-0.5225251627016649,-1.1176629224246069,0.7062368589946684,-0.34397232056967814
2024-01-26,0.0757952855787418,0.650800944128449,-1.2940325161370092,0.1305371786490252,-0.8902632965179036,0.012381617550129096,0.3744615899849181,-0.7911095899795527,-0.3348839115985048,0.24598126950188184,0.09541828979144659,0.3739497650903548,-1.165861823006552,1.6929377874975908,0.0013069773971094289,-1.076104219675641,0.47942148421879344,-0.2251647630613461
2024-02-02,2.497793628094799,1.9638870675145659,0.0056516949497447426,1.0309254216471542,-0.6842707624930282,0.2898021481918206,0.26762144168037266,-0.5981663295594046,-0.24217698986289546,0.28444889614311997,0.15909159938988723,0.05276321320446082,-1.4762326755917385,1.0678257789320618,0.08131984799774228,-1.90221787781962,-1.196672856322645,-0.3402602473531193
2024-02-09,2.327014908746568,1.878651709164333,0.031990811626446666,0.9929549007204986,-0.9284554302421868,0.38674442117013774,0.5222299723836337,-0.581273757618152,-0.23261257116952924,0.4839581083937011,0.27564194647455376,0.38552538995961605,-0.8089217328698581,1.1068608273863492,0.17161144957970478,-1.812464254746067,-1.1509318990166186,-0.7545060922270371
2024-02-16,2.1818827926617415,1.8033999823488878,0.05937074311477837,0.9564148244099112,-0.4986017380029447,0.5091757643303101,0.6362801733642195,-0.5646142759364541,-0.22306648559066608,0.5279310157274829,0.2804199954005977,0.6889078871474467,-0.5838961091685281,0.9467091012233722,0.09291144090718818,-1.7321159929667878,-1.1074505615567762,-0.8399151240933399
2024-02-23,2.056303059177943,1.7144506687769738,0.0879488011256606,1.658959869171402,-0.6217137875479749,0.3100711348354641,0.5864385966704385,-0.5481731675693488,-0.16402742041174287,0.5761359988328646,0.2852202910470823,0.5714912493444508,-0.12769709334164508,0.6309915399422039,-0.5274255315167401,-1.6597266367895076,-0.3955406726145353,-1.1159215694888605
2024-03-01,0.6661248776947168,0.8076291279803766,0.16773315701520303,1.6285381482392038,-0.7949694368360622,0.2674323788820177,0.31269424737745866,-0.6101666352831037,-0.1722244818103756,0.6295211607351021,0.2900432900432935,0.3845542156311605,-0.27938144670917053,0.8454472190573383,0.14603469547475512,-1.6904164763622023,-0.5381054145027305,0.08704705819596692
2024-03-08,0.6632440919026721,0.7769413906844257,0.18367100557756563,1.5618433365830793,-0.23033269262858938,-0.44088555425975656,0.12387886187058697,-0.5869738470921934,-0.13661135973466512,0.6636916078367376,0.507528618074497,0.11563249928163652,0.18754416507383964,0.6482283293644645,0.1590036595928744,-1.6409443895618177,-0.5099151336570644,0.2417679353114944
2024-03-15,0.6603743006681371,0.7469466448224138,0.1999246430826127,1.5001893004020699,-0.3129091006659221,0.013837868044451791,0.6074846968473957,-0.5664398822803732,-0.098447207975819,0.5133486889440866,0.3904318250100694,0.6416347883064888,0.6459406996815947,0.5621485398998745,-0.3218024270430463,-1.5988715931517232,-0.4816368008303463,-0.045289585678462106
2024-03-22,0.6575153995599186,0.7175636060968102,0.21651758418640674,1.4428980283220036,-0.8492857095158409,0.6490350574953013,0.2280493551002698,-0.5505629899875883,-0.05696734257743593,0.5528254758565659,0.38565855011867517,0.37827774162274014,0.46949311946267824,0.7308592141533139,-0.37998835025772826,-1.5644243485048055,-0.45316682418097876,0.25110551694303346
2024-03-29,0.6298671734415744,0.41874033291758167,0.2334753664698768,1.0754375063152692,-0.8391572827302677,0.7007806328597016,0.22448164635486847,-0.5268613522829313,0.19870245001238918,0.5955520320714548,0.38090420610275505,0.29526891786792747,0.05068335301300677,0.6281332168163409,-0.4390369315335087,-1.5182843487921251,-0.541560437716969,0.3584737080040346
2024-04-05,2.9543801483028,2.0315721002512386,0.9777527301481289,1.4342375090291368,0.5303857330924332,0.5115683399002933,0.6301697057542167,1.820750786272575,1.2014560570745172,0.6421439403805741,0.2054952944511754,0.786056238953879,0.6325388470175501,0.8150411662881172,-0.8318357289747274,-1.5380388504708185,-0.6351048013180859,1.3747562936463111
2024-04-12,2.6914729343295996,1.9354076018109057,0.9767190711264548,1.3740648737533667,1.1052576642099252,1.583904576558988,0.8920479271283349,2.009476526023512,1.3318058207315076,0.5452021624686276,0.13207083451812876,1.0607290883304499,0.4464483519436918,0.6299139089412913,-0.7424416722838656,-1.501524472394561,-0.6056167176045264,2.0148574237631878
2024-04-19,2.4809431420701675,1.8505545272554482,0.9756870041087669,1.3178808785494918,1.6844729776071266,1.58264476802248,1.18909169802376,2.25670781457021,1.4975348056718547,0.5536992340435891,0.11441880533920464,1.3570557417989133,0.6845822418552968,0.7321717736367988,-0.7912840914785423,-1.472013547438736,-0.5762779505176876,1.9830352441379842
2024-04-26,2.3070111706884266,0.5040374698101003,0.9746565241461947,0.5247691418113964,0.06386249968396919,1.3912021460508455,1.2597009736448277,2.6028276766920633,1.372342902391913,0.5623024333482338,0.09656974706066605,1.4644215976679695,1.0114130215027843,0.9499062190838484,-0.09703355018707044,-1.4504165657434032,1.477633616335705,2.1195740487444423
2024-05-03,1.338992284984838,-0.23326356406868917,0.304552207901809,0.14759435677910468,-0.59056377941043,0.7762855064782493,0.9247613768563329,1.7510875785172297,1.067685717643325,0.5710150841725978,-0.033138430661145364,0.9388843364070635,0.32863686229909056,0.8478288392066251,-0.21687654940687076,-1.844400234088614,0.5872460746398295,1.595642502066799
2024-05-10,1.2864577202930099,-0.23884264027452853,0.2921652686873627,0.12648266204378694,-0.9715477213159943,0.9242447723659171,0.939154599607374,1.6649712099531988,1.031163763540996,0.5533023735175604,-0.06207931966488581,0.9171071439235313,0.026773958887119587,0.5874540251448812,-0.30220953432627373,-1.78767005930744,0.590930272779433,1.6081754969211233
2024-05-17,1.2370117632919009,-0.24445028971943392,0.2798138991900884,0.10500504703890226,-1.17386759271084,0.3464014161518296,0.6815739441431604,1.586718221029694,0.996097958300901,0.8463090632301405,0.08434742027472956,0.6305931017990574,-0.07808599754484859,0.40989493169110436,-0.1824633559519591,-1.740086977843716,0.5946334174098442,2.1641869996622445
2024-05-24,1.190289516341874,0.6004217450718767,0.26749242156903547,0.052678478794196335,-1.1587257513551223,0.5155438399654739,0.8048354841579475,1.5150607847970705,1.0323610028752825,0.8192224584786529,0.053346188313302054,0.7308497199667449,0.14566791540307317,0.14441552057374904,-0.5802078805967347,-1.7017538081652772,0.7767069077404184,1.5135128247739786
2024-05-31,0.7702641923137035,0.24521664065983012,0.25650949048148514,0.03827980245672796,-0.698011783238623,0.47369572794810705,0.8523823495217808,-0.050146474471493174,0.40038859196053317,0.7928532720720375,0.027730997836994738,0.8678771696706904,0.4587215281702842,0.488162510275248,-0.12405238873742519,-1.43324767291789,1.1387826771351601,0.857005928098901
2024-06-07,0.7421539586211274,0.22484908846733717,0.4781270465317086,0.1557488311166248,-0.9871693195405259,0.5986443252345744,0.7011890338667199,-0.07472970941170944,0.3674241358910213,0.761213440182836,0.11668225149824123,0.5643525242878092,-0.19381337649178387,0.2092598326382175,-0.29621737697518036,-1.3878307856993957,1.1009333801843264,0.31501598420988525
2024-06-14,0.7146462397282604,0.20428523482832384,0.46205003784236554,0.13916354740084372,-0.7820408906279134,0.9888286427075255,0.25881661257480365,-0.10020096087804004,0.3328311706372848,1.8457071681269506,0.8086858685099356,-0.28253623580339715,-0.48545808308414734,0.04508558595134256,-0.6017817613108695,-1.3468018323733804,1.0653484929852552,0.5085002385513246
2024-06-21,0.6876784570970114,0.20025255513888315,0.44611404225135537,0.12244276918294321,-0.5421993087509176,1.1076878825687524,0.18284795016775768,-0.12667891810076182,0.29675587033679,1.7663177452632408,0.785194607422279,-0.14211408242687298,-0.3216688204641124,0.09373076116529018,-0.4893129778814597,-1.3101194469157655,1.0253095871361424,0.5738642312385183
2024-06-28,0.6575289150630982,-1.468912632593271,0.4303068468192048,-0.31398436871230095,-0.860946403114332,1.1089191938121694,0.4157391749979011,-0.14580226021249937,-1.2889174979145672,1.6952379757483196,0.7644382725464407,0.2403867271249763,-0.47918015387592866,0.5339546357621766,-0.34791529536410254,-1.267627017263833,1.1252810390098384,-0.43753722882069185
2024-07-05,0.4703863246088001,-1.5516311733350514,0.9516006274069942,-0.008936466224223324,-0.8186087407403525,0.44619814944071834,0.03753566497739779,-0.16540770952315964,-1.4015151515153086,1.631400342498572,0.8095871488268365,-0.08835983511878777,-0.865040286299969,0.6573598063813719,-0.10058393254727306,-1.6564501061612744,0.2828101953622633,-0.6050776474518512
2024-07-12,0.4412387144160216,-1.5029654263580583,0.9192004504580493,-0.024115042774631865,-0.8161614810847224,-0.1302720449346855,-0.27426459134542713,-0.185540435287667,-1.53826394414119,2.2015106173174916,1.2597398672472668,-0.5241356840227691,-1.298694876680766,0.9011460385838633,-0.05081724349112997,-1.601156202785247,0.2527953891213478,-1.0440154035234805
2024-07-19,0.4116510305415459,-1.4571598284746785,0.8878630995498553,-0.039493000942285174,0.9055187309679155,0.04583149506750019,-0.3823148438791442,-0.20625066796412997,-1.7101759070828735,2.165617948607994,1.2586458274435255,-0.28219967370131827,-1.2068190269717132,1.0773537009462102,-0.21985653600142513,-1.552224042021684,0.22167727191190958,-1.5652580737731454
2024-07-26,0.38145655416598995,-0.7673066843406287,0.8574922405657303,0.3377333276941246,0.8208361633411594,-0.054659793743375144,-0.4346239955773996,-0.22759451267087594,-1.218159460662498,2.150594646420497,1.2728743647043623,-0.5221430608078305,-0.914251487156816,1.5760032750904969,0.17734901511621706,-1.5094447746469173,1.1837063255218079,-1.659554036822714
2024-08-02,-1.1137594843982472,-1.78241626709923,0.1609688904459443,-0.07561892198499114,3.3566842817567397,-0.9583723476315671,-1.3458181533573712,-0.4261689687638632,-1.2865124640269745,2.16155382984206,1.2505778991051564,-2.1437397142726686,-1.6844371862388343,2.0172932476477543,0.7910063991059814,-1.0377249840656355,1.913045525263783,-1.8863519980895418
2024-08-09,-1.1304162489615641,-1.7192291163535671,0.17930883402898196,-0.058718655324476746,2.071691258108996,-1.0240795421734998,-0.9321968687129644,-0.4307539090933808,-1.24359103946892,2.083373616591154,0.9263334067299572,-1.5166510879429778,-1.1751794494709902,1.776493431755171,0.8050689195245925,-1.0002549683730917,1.8509756279003133,-2.570468689275282
2024-08-16,-1.1475156561537254,-1.6606038896112196,0.19809909491966501,-0.041605711462982226,0.05700247546006542,-1.5287418092553233,-1.0673217968264102,-0.43536477080650426,-1.2028643900357547,2.018785302787032,0.8928176697233451,-1.646356372944703,-1.3068109253471378,1.3420097585652582,0.7807748987154234,-0.9643368838299637,1.7987765119572845,-1.916221893075325
2024-08-23,-1.165080481578571,-1.328933890813815,0.21737902378775523,-0.025107769234092026,0.4457999916628317,-2.6468657816717753,-1.6800212604717757,-0.44000200571086934,-0.2132920584025921,1.9671796857686834,0.8604894635842808,-1.8637726084161588,-1.505694983476168,1.8674354996646443,0.7083698049426724,-0.9298469771084819,1.2849404966884612,-1.4946099650555678
2024-08-30,-1.1386836259261666,-1.2791941259770114,0.25040473535136043,-0.1445663855250969,0.11614484120006847,-1.8307203603188817,-1.2393021040206373,-0.4280394019898917,-0.1937671026074538,1.9287873156376052,0.8292207057047299,-1.434340726404888,-1.0962758666064158,2.393369297420555,1.3607015268032319,-0.895032904602328,1.2360951196410557,-1.00038025878336
2024-09-06,-0.7719562568497754,-1.0153769550062606,-0.8610393277582518,-0.7819523020686319,2.592743374780203,-2.060645319675998,-1.5343201001788302,-0.9820710938321741,-0.497726108829393,1.9048647756344887,-0.2878222870729304,-2.0228165672312883,-0.9771127663437889,2.692602513003925,1.69833479233995,-0.7653663637780413,1.3555748548615099,-1.8213435576284271
2024-09-13,-0.7620546555063783,-0.9824380694544478,-0.8307875464512581,-0.7503571647293129,0.5694784055023281,-1.9834557048227428,-1.9603965997738044,-0.9514920035408782,-0.47322385870104877,0.5799646495467743,-1.247242891589925,-2.0965529701764103,-1.1543208234551496,2.753365566511667,1.6780675570805141,-0.7342095774191437,1.304328780319103,-1.191907934635292
2024-09-20,-0.7522787649178119,-0.9459226902456409,-0.8017736028322765,-0.7193391964859621,0.4373813567596262,-2.100453242022366,-1.8525382704758615,-0.9219457350191791,-0.451346449710002,0.5534911021099553,-1.1983161800200595,-1.758721281499681,-1.189878685080927,3.105503050088057,1.600146373518688,-0.7035923793026969,1.2523466349892436,-0.7929340636305016
2024-09-27,-0.7426247598357055,-0.8022116377160536,-0.774047894759304,-1.0294331094917606,0.7228444844709975,-2.1556234541370998,-1.6794497816107108,-0.8933472531788034,-0.4295605566602501,0.5271785523722465,-1.1519615040682312,-1.6152388058993792,-0.9500085275991448,2.906520273060243,1.5364836183937616,-0.6734233912684038,1.9907477687513615,-0.8902742467043742
2024-10-04,-0.7135997673651706,-0.7712694435739178,-0.5717497467087544,-0.8976712330361387,1.4696549577501816,-0.8317394409249447,-0.9805891160779332,0.4483718693099615,0.3779392181333345,0.5009643210500944,-1.6748013681235907,-0.8253410524533489,-0.24294618735579873,1.8984011409941797,0.7303207259284751,-0.054068745309175034,2.6680878788794096,-0.20770244103433477
2024-10-11,-0.6851040550160437,-0.7410937657894454,-0.5523780811819495,-0.8665692273878404,1.8654122536603988,-0.5724914816311583,-0.946414873094897,0.46888448051455733,0.40482045237642944,0.48276914533690146,-1.635040688128127,-0.4581669057863313,-0.1448631923286352,2.2002410359529416,0.9913448427225237,-0.023518111310334253,2.461318423671507,0.11474489569933764
2024-10-18,-0.6570672044915336,-0.7116307200786092,-0.5332474345753413,-0.8363848592715598,1.1155248781414897,-0.1607133085230461,-0.8324074802256017,0.4901091179758705,0.43302420096754973,-0.8406572558856769,-2.513016704208946,-0.427528361340079,0.012121174561372024,2.0871473271573024,0.7264394376129357,0.008606519489762356,2.2900744584044053,0.37591310374011466
2024-10-25,-0.6294213363162432,0.34729827954062314,-0.5143366271513006,-0.3799013869303128,1.9566614927877264,0.38290405374374237,0.18555101744795593,0.51210731261221,0.5677569976546759,-0.8289504986813186,-2.4112275693692538,0.2517543684616671,1.3957545192716048,2.030712117864926,0.4379669033036913,0.042615500854746226,1.5692164653999687,0.5273377602279552
2024-11-01,-1.243649482450339,-0.07855695654229436,-0.4590106670210189,-0.36305967347465995,2.32691060451348,0.40854088004746536,0.6406669277653704,1.0731125435482307,0.9070173164672296,-0.8174229476026288,-2.263279002490457,0.7453608977636783,1.345203713372849,2.0072233128698485,0.7305508957437542,0.6286640034989174,2.075414196740687,0.513556357086764
2024-11-08,-1.2353968798459212,-0.07147193774455898,-0.4629062308299275,-0.37854015425832066,-0.016078471183413594,0.9207156347604231,0.1917722141332117,1.0393703605700078,0.8895469126800225,-0.8095664793452337,-2.133010751712563,0.5055346611282772,1.2901517889365368,1.3606944454514744,0.41900413491637717,0.6849718723113689,1.964694332422528,0.06527921401343584
2024-11-15,-1.2272411211605658,-0.06437902931763795,-0.46682088696410434,-0.3943785379644091,0.3733800226786599,1.9663057148233272,1.0616594097457728,1.0069378887736606,0.8724627079942824,-0.9279626100283037,-2.101731753584123,1.0345442541033103,1.7291646462147732,1.6645011385078363,0.436498184394713,0.748415406765446,1.8663111719703158,-0.5935959349757651
2024-11-22,-1.219180067215719,-0.07166254729449492,-0.4707549124822357,-0.4199221642800695,0.052261975763304984,2.312649228789132,0.9235331417565354,0.975701784529389,0.8465288445432416,-0.9154340225334898,-1.9935498106371792,0.9628998132907477,1.4240785990248042,1.2340947137269969,-0.44329197447706814,0.8210149975579918,1.7870793516544872,-0.21486604567447268
2024-11-29,-1.211211644348388,-0.3227772088252991,-0.5198184054152265,0.25858097567198607,-0.5433254517756317,1.1726823925960586,0.05313469155417656,0.9429035351734371,1.1509581648519682,-0.903117378151577,-1.8984070129032558,0.02747585407718518,1.28863490545374,1.2311215794272015,-0.6778624880338998,0.8606545088737786,1.5927840702057223,0.3149929690990591
2024-12-06,0.42145375443418864,0.8292338124323593,-0.4715416170189264,0.279921447627487,-0.8003777460786093,1.2710573335621813,0.006810640114131646,1.2700333089623796,1.3249112231263938,-0.8910050062210316,-0.9884364540516356,-0.08874758207247074,1.3084110658609336,1.1852643254268467,-0.8100022120579395,0.7951551635469466,1.441996931198772,-0.48690762081992983
2024-12-13,0.3965910470179871,0.8009118890455921,-0.5310309232045775,0.24154372596370352,-0.45817900031611064,1.7976744844507335,0.9156939009014178,1.221508734831281,1.273378530627565,-0.3934050253226597,-0.6270361875934116,0.8967860946923472,1.629452343555276,1.58938316552831,-0.7361445904850282,0.8421860996335477,1.3841469412222476,-0.7155912912088882
2024-12-20,0.3715860111442067,0.7733122018994131,-0.5993637793905883,0.19941070615120607,1.0667968742392824,2.0461191072458402,1.7779900148977137,1.1756015386041994,1.2248208094250013,-0.40955937377435325,-0.6131241864192737,1.333566740756804,1.7634493310702517,1.8176647785712479,-0.4687085814612315,0.8936256370237396,1.3300867392370526,-1.2684656624061643
2024-12-27,0.34637199590331735,0.7419198426163776,-0.6796609015454694,0.03347079773641562,0.22079691554678962,2.1442593333024194,1.9587136441514879,1.1320166061214483,0.43460010743322286,-0.42611604546137666,-0.5994025736946915,1.6639218914536695,1.4382583923344499,2.0886126376088674,0.7775419143502378,0.9503462356893795,0.6952924553650671,-1.7004660106886376
2025-01-03,1.120340601431158,1.2520773963303826,1.592653402751489,1.320430896837956,0.26548998541657526,2.4739159536843354,1.748984527712736,0.7406251943976583,0.18607745634531295,-0.44310204621590626,-0.5950949200178476,1.5117007799733864,1.1316684179463088,2.0054172131380814,0.39106269389960535,1.5162469148277338,1.0014482022486138,-1.348590228366779
2025-01-10,1.0776999264639224,1.205114140909954,1.5502285363871986,1.273538448853259,1.3865163659596191,2.610046725075253,2.0737515998716542,0.7098132051360919,0.15709694805777674,-0.18783826154541586,0.42138561838822214,2.0539974399746725,1.4720694098251554,2.0789804825008855,0.6304193835368113,1.590241912255434,0.9723623816147964,-0.787820011085114
2025-01-17,1.0369145300008702,1.160748230457796,1.5146427104443,1.2297841188351448,0.14588114912620542,2.2821604903650448,1.261598603087039,0.6794559904716454,0.12698967732504332,-0.1990767645675078,0.4093164203379527,1.382374972785164,0.6980706136772442,1.8494564299091376,0.3914440011661569,1.6729289425127933,0.944255228325126,-0.5751515483289387
2025-01-24,0.9977804268573334,1.5320823539646147,1.486411890515807,1.1392681948984114,-0.2520520710213652,1.3109663273701866,1.212212636627956,0.6494593551733212,-0.23954192540979027,-0.21045067088436334,0.397332569697117,1.397022760265574,0.44188921694018585,1.824838354869212,0.37777389733633315,1.7662915521197373,0.4421110747821723,-0.5291198676670554
2025-01-31,2.2910360164825136,2.380262191550606,1.427105298063032,1.1137872062769913,0.27908015230606975,1.6649616051799252,0.9622358916488671,-1.2285340898899717,-1.3878287452229952,-0.22196692076073773,0.38696220922174707,1.1653511653389768,0.45945551694061226,1.7322590324593268,0.9930685513929346,2.403416665820935,0.8759612516944526,-0.26978003078907203
2025-02-07,2.166804336936491,2.2686177143629584,2.5379344546901472,1.7583322623093829,0.2954859510770194,1.4486935047789835,0.46933160657495593,-1.2199375848994396,-1.3516276799956526,-0.227618481480009,0.46305978180435237,0.8085333325853742,-0.07918867977961228,1.0951158859164625,-0.2845372034757472,2.2435155255015893,0.8456863576325974,0.575091970540131
2025-02-14,2.057400212266843,2.1689365771810625,2.348511333505077,1.685012378687027,-0.3285095821057948,0.7619327743008486,0.3031230273714545,-1.2114461896437263,-1.3170830845059487,-0.23329866296786447,0.45396483561656387,0.7200891111863589,-0.09012188561692445,1.088823542132473,0.18999538493075532,2.1066599178756733,0.8167421192553493,0.06404228080158551
2025-02-21,1.9599562646053883,2.0791413627656357,2.1897212787218487,1.658942144817065,0.845998040899092,0.7539064732842621,0.0874842509108535,-1.2030574768012063,-1.280681380771525,-0.2390082039003783,0.4449376845662975,0.5260829131419431,0.3329199456333532,1.1189110973894933,0.22020914513781517,1.9875476032360408,0.7845585848346087,0.4063203433441927
2025-02-28,1.4385228072372354,0.7556205400525057,2.054675482126492,1.5748673088755163,1.2888591028613385,1.1557918739067605,-0.6516479256476619,-1.2030574768012194,-1.4571348130998092,-0.24474785939673127,0.43597585485147494,-0.12883473822818423,-0.03328306433150803,1.1467815660566096,0.32064933489464914,1.823073175766038,0.7942669536142682,0.1777735981112867
2025-03-07,1.3787071141930736,0.7443424763267841,1.4955925789159876,1.2709662340674424,2.388009300794672,-0.5238196668800079,0.017426276113022013,0.806068354974383,-0.2555479544421641,-0.25051840162366806,0.10260055634779314,0.14546749291504718,-0.42926992856256085,1.3829665133085032,0.20848883755960312,1.732359979530948,0.7636594583947636,0.28795193997653545
2025-03-14,1.3228623085127449,0.7332219522341316,1.4337385674719534,1.2729991114235018,1.7660170396278907,-0.5806546574053696,0.12196650429977386,0.7739623241041995,-0.2601760520078601,-0.12735725083377378,0.18728672984120928,0.10910061968628296,-0.7130289769920193,1.1915819114415525,-0.3937371832430038,1.6503371019821425,0.7338239346595581,0.8663173842751085
2025-03-21,1.2704782592652546,0.7222534996241324,1.3761889218657883,1.2750380533681636,0.9361639094344708,-0.4123395296421229,-0.36374581640185094,0.7425065675186286,-0.26482397068975794,-0.14152568738554203,0.18728672984120928,-0.11123715374441281,-1.0565817010350673,1.2172374468420288,-0.7763151892497286,1.5755651151934529,0.704718524227478,0.8081682812708598
2025-03-28,1.221128437440024,0.25483557170216686,1.3223836951543468,0.049757367035204184,1.614633865775823,-0.4296447624471658,-0.47317490897230585,0.7116025121360943,-0.0444904270758789,-0.15591172519077212,0.18728672984120928,-0.043411278847219244,-0.9315157899536335,1.41678877304599,-0.4647382100808698,1.5069154157436473,0.27902484012217554,0.9657964818872514
2025-04-04,0.3270403423636207,-0.387609164839368,1.2329856959040033,0.036650219784939396,5.563442839351365,-0.8668537963404356,-0.8227716833546058,1.3277785197790686,0.32621281044924055,-0.17053018744418988,0.016286472149457908,-0.956227216419748,-1.8433418996743798,1.1876009474604756,-1.0419526092777835,1.800187348370168,0.6410780550233645,-0.6954493856368525
2025-04-11,0.34994382691790515,-0.359313155036833,1.2068180620733822,0.06721112994603469,3.463053226207244,-2.146526022905701,1.5224673837679084,1.3647054526112545,0.37000854877387584,-0.6048978955831341,-0.236079027401133,0.7443842553707994,-0.3739068332632333,1.7966770682830286,0.15143563896647622,1.7094115262897747,0.6172297632647878,-0.870520862354488
2025-04-18,0.3737352815405686,-0.3304487014974261,1.1815487160218392,0.09943825371528643,1.9834446786975508,-2.160846005935324,0.6518165203998816,1.4037959662311483,0.41822239782092774,-0.6172311078495334,-0.23437728487813425,0.26127050873277274,-0.7132674891097449,1.7491219193349001,0.06007282871949695,1.6272896449070935,0.5955998232513112,-0.055919947584687615
2025-04-25,0.3985075280850372,-1.1605501200067403,1.1571185993134536,0.10633083507269844,1.1428439710711291,-1.9962380325842375,0.20392181836631346,1.4452912918914465,1.665631794091083,-0.629805418439468,-0.23267724955580185,0.1067928922638786,-0.6828086725626983,1.7338065825477553,0.1617010045995622,1.5523811328832728,-0.11958791719883921,0.008698629690672843
2025-05-02,0.18174799376121514,-1.2780875765780315,1.2378426924789845,-0.5177479242632076,0.7596281862196474,-1.7025666782541329,0.43006613038950936,-1.6202542561481659,-0.16528240090345026,-0.6426318350700179,-0.23440957834470705,0.27108911202023156,-0.3555686724808262,1.4947325332737242,0.7813638030570466,2.9575816117632088,2.0761228819117816,-0.8303152047949655
2025-05-09,0.18947043317888568,-1.2356458481699404,1.1930005733650613,-0.5085918265373754,0.6051628700572612,-1.504921499352552,0.5495947073550741,-1.5521719237063052,-0.1366169779839302,-0.6557220576621794,-0.23614413762587302,0.4344775971932204,-0.20007376736161978,1.407774205197749,0.6333654634579831,2.701537719123418,1.9896493918684142,-0.6795025862222073
2025-05-16,0.19724650634642663,-1.195350826202912,1.1504425029044325,-0.49951405059905285,-0.17935343543060212,-1.1872417152355517,0.605265759577602,-1.4897379812592708,-0.10683599418233826,-0.9373634014174488,-0.3983982112168321,0.6616453502807689,0.06817512886349511,1.2289291750860376,0.25059109055031986,2.4958696843886656,1.9149088970365329,-1.0451819956526733
2025-05-23,0.20507816413324045,-0.8528422818279118,1.1099266100344218,-0.49167275314287345,0.6307593038137222,-1.8085840460394491,1.0850350984371677,-1.4322318154760658,-0.07344655494368489,-0.9277061982706963,-0.39131885466508143,0.9590858533149402,0.6867843518396429,1.4072994207315026,0.46290525389013226,2.32567415771279,1.8987028625940383,-0.1715729236031581
2025-05-30,0.20507816413323507,-0.8240586796199358,1.0712432163642447,-0.16164184771971377,-0.009767113467422551,-1.649393563526211,0.5033950886851608,-1.3879867843696243,-1.5030395078559107,-0.9181786706425342,-0.38427722588227,0.5907420997239478,0.2763780034496935,1.400799964288726,0.00365063200192236,2.1749792758073565,1.8118552704815745,-0.9629896953091218
2025-06-06,0.05674535908930357,-0.8948059594371657,1.7430466349959917,0.444145342172104,-0.3317207764907578,-1.6177223129306817,1.1946776940958788,-0.38555188454711947,-0.803666531748975,-0.9087771613632071,-0.45637282025330744,0.9614108834562523,0.5361651991670081,1.1903363966006861,-0.08683206264990552,2.145409704394697,1.9106377323214276,-0.5664513659505604
2025-06-13,0.05967862909948268,-0.8639139058308963,1.6605810532256016,0.4358874800971324,0.33527101497734824,-1.8477121845420676,0.8016528925620063,-0.38555188454711947,-0.7742164624198634,-1.682414077139798,-0.924900658222592,0.5652568667086315,0.43109789326290576,1.0977675813863506,-0.3879415806449923,2.0200634640999846,1.8257549937130342,0.011466856596629316
2025-06-20,0.06261472715867959,-0.8339283297761321,1.5854466528808344,0.42768488508116886,0.2786877028128943,-1.5966868231011349,0.3684708938589157,-0.38555188454711947,-0.7454508758296712,-1.6047492761920934,-0.8896756991443432,0.44147264570883543,0.3083821742061011,1.2066479712938525,-0.6929912650579054,1.9102263355706621,1.7501403285159085,-0.21682617341936503
2025-06-27,0.06555373340489358,-0.1885151296921462,1.516499831229265,0.4526516345567029,-0.48604401805477065,-1.8979406301206023,0.10866031719770769,-0.38555188454711947,-1.1648965379090686,-1.5337329295325681,-0.8554894397873775,0.10686608463877163,0.69764605183212,1.5169880401032751,0.16946815417139185,1.8127960004167087,1.2646976395963285,1.644728957342295
2025-07-04,0.4362271798869015,0.04820194725064465,2.092644939235589,1.047720839098888,-0.49406618981227785,-1.8568255413214745,0.2141445133421563,0.0077222955247779656,-0.9235467120756076,-1.4683725400161387,-0.5711418148750991,0.32826306260327076,-0.2835436403912038,1.1060772515145365,-1.738473926730558,2.3561567002642203,2.4551093414777827,1.5739993630325526
2025-07-11,0.42819914508974677,0.03072502778822829,1.9784123536878957,1.0143394044845815,-0.5097978061587444,-1.582726433924228,0.4163909758024665,0.0,-0.952784855044178,-1.8072671542030514,-0.8009958507811799,0.6105729111604851,0.21917522921415103,1.3543639495206314,-1.3692198596741725,2.220564380782248,2.3672985773645254,1.7595091501656783
2025-07-18,0.42022278012460823,0.01298751849856349,1.8772045321003976,0.9822163291861568,-0.5075273281448198,-1.3443354621898775,0.2449221589740604,-0.007746354019770762,-0.9835270964549971,-1.7503783866492042,-0.7730990224888121,0.632012918227801,0.340370990155737,1.46853151380894,-1.2884764179623107,2.1040731775085706,2.299520135017851,1.4350441590512193
2025-07-25,0.412296375445137,0.1589997615005339,1.7865664603498093,0.8724616698504996,-0.7656087563114696,-1.510496897513702,-0.1344344604073926,-0.01551833701993408,1.0986066301785569,-1.7019930780746448,-0.7465653249313361,0.46684618899219577,0.12927507914140648,1.1006710427884752,-1.3777031575533245,2.002866582139036,0.08092625542875548,3.2637317244824233
2025-08-01,-0.36239181814528937,-0.38332455929341686,1.623928444017208,0.7673487449752147,0.22070824101918715,-1.1804425869453168,-0.4774013342585274,-0.8163163014170339,0.5034698542619381,-1.6621068302058841,-0.7216053239969605,-0.2074733682591331,-0.4225996742861214,1.308977431187774,-0.9453280554998859,2.0954992619376784,0.518574236509665,1.500230198202891
2025-08-08,-0.3856682618573088,-0.40649500059588517,1.5492286371733643,0.7434937782365679,-0.6984337309192153,-1.2735143939013134,-0.5922017884521207,-0.8102131637065291,0.4752537698744725,-1.6312058970929333,-0.4921772157022427,-0.07870769415913366,-0.4952588218009777,1.127191700639197,-0.8472310016676344,1.9849646579275753,0.4916462806951142,2.270940931640387
2025-08-15,-0.4098788789608441,-0.43059500784906274,1.4805783424753496,0.7201667418235882,-0.7106938115265138,-1.3159485260873511,-0.2267076357590947,-0.8041614564654692,0.4468318510041255,-1.6104378984534198,-0.4619728737492771,0.12722554895906543,-0.5772105254071389,1.473124478831292,-0.752271046129778,1.8876187293737225,0.4646796421251478,1.8662078870119858
2025-08-22,-0.43512156221470827,-0.4474386457202401,1.4170838574807798,0.6973273658454489,-0.8574212029000139,-1.3162372544405143,-0.8142085151409745,-0.7981602122046692,0.4346619928379855,-1.6019619366652667,-0.4312218588467916,-0.19766274315604446,-0.5454054595597225,1.4417355181824898,-0.7877642965606989,1.801096476165975,0.43485590992417666,2.274612043849378
2025-08-29,-0.46150854194913665,-0.35632307469876223,1.358022019364753,0.10526870430656415,-0.6558280361710231,-1.2640438838030523,-0.9973699588991054,-0.7922084875865436,-0.30577544692048625,-1.6096708236386308,-0.39971006610308896,-0.3587975753231106,-0.9228668746757334,1.7118277052587727,-0.03374393109948994,1.7236377788826245,0.192721046353027,1.693637164748844
2025-09-05,0.0855171490956084,0.013983094976332275,1.293015085983309,0.05897815137850464,-0.6627079231887604,-1.2302831909099066,-1.5238423315362009,-0.6110094399766174,-0.1662963232714969,-1.6407910266973356,0.3713296920567969,-1.007703597028446,-1.0255280766284287,1.3817768269089912,-0.19693401806340854,1.6662815125217911,0.20082777100399268,1.3360894665620335
2025-09-12,0.06257630303286368,-0.004339998178067617,1.2477964039015368,0.0294535729889725,-0.7288870224873242,-1.2509789860625762,-1.7567839581840061,-0.6293529556571098,-0.17549397726069288,-1.5803809388811847,0.36862813016437646,-1.328649161340475,-1.0903863742635995,0.8441908690094145,-1.049969596044089,1.60027903759532,0.16802499810277266,1.3585137331842185
2025-09-19,0.039052950203155516,-0.022995109835540442,1.205566909561761,-0.0014729567712085119,-0.6030388469375797,-1.1987933968344764,-1.541517882598262,-0.6482669203331289,-0.18477056412108872,-1.525862742037692,0.36593293823338047,-1.0559888920783982,-0.6580630482221766,1.193390846499533,-1.1302613958093024,1.5403613543633412,0.1334066959395608,1.6467730547974302
2025-09-26,0.01486705927519792,-0.32075332943352514,1.1661347050085673,-0.7000450223911544,-0.6240384855530042,-1.0527639727551243,-1.196152454570573,-0.667791681486534,-0.4887026781615467,-1.4767752051520022,0.363244045108696,-0.8626414348344513,-0.6980758251212401,1.1472992600551246,-0.3582542169404245,1.4858798452977098,-1.4702155262492453,1.8535232773310197
2025-10-03,0.332044680818939,-0.10775310381171588,0.6918168328812799,-1.2752443338887527,-0.37400894431338966,-1.1216070208067652,-1.3432530615988818,-0.6492684303577242,-0.4711159749887184,-1.432841724958098,0.7150843287062911,-1.3373105422476106,-1.1376012813948075,1.0025809202795872,-1.0496905195873143,0.9825011441792086,-2.530725581421703,0.7479086120834862
2025-10-10,0.3052053319437599,-0.12431429877863455,0.6619037780805027,-1.3343873788664873,0.5070255301363966,-0.7929718839278752,-1.6675295667202465,-0.6310567309692647,-0.45368333301658725,-1.393972228796865,0.6896794152335206,-1.8140964111337217,-1.3759424681104553,0.8542037305675665,-1.4799984698703101,0.9465005002643243,-2.3431574387631247,0.8938442796969495
2025-10-17,0.27783472794291936,-0.1411937321032255,0.6323310802590923,-1.3994947546807475,0.34199623845193466,-0.8957449768932298,-1.6584234815634995,-0.6131369409179973,-0.4363888468222986,-1.3405949444905587,0.6604665948456525,-1.965311510555441,-1.3132131088949488,0.9925773700116773,-0.5017512914761538,0.911809787976777,-2.1857235386653078,0.36556019278383106
2025-10-24,0.2498072781822937,0.437447608308054,0.6030146775690254,-1.3213392492555125,-0.4219294405383661,-0.7445789812525411,-1.7094369477980569,-0.5954905006579558,0.17399565712264578,-1.290488077094531,0.6317168939284402,-1.8766767765084313,-0.7854908614842026,0.8419601728995288,-1.1353288851096672,0.8783150783300047,-2.4591002645513833,1.7503510905174862
2025-10-31,-0.16527255540392619,0.19187261146745863,0.573729754280119,-1.338218361998354,-0.2189127297234625,-0.521187519341032,-1.1643210937510726,-0.5700299867399348,0.19354589041239198,-1.2432665750987444,0.6033986981090971,-1.3004489094921081,-0.6105628433653524,0.6326507520118662,-1.0958873430603848,0.4708982918286795,-2.914593528999706,1.2051647910058694
2025-11-07,-0.21751371469984124,0.18080492721836952,0.8511835542950967,-1.0168904963646883,0.056931925433831417,-0.5453276749038412,-1.0165105058386208,-0.544805904474024,0.2136357437754274,-1.1986041041243523,0.5755088096065971,-1.2599471092212011,-0.7564972902398168,0.9142015069492535,-1.2400265379314577,0.4436251899131469,-2.6514326124947245,1.0487026982466854
2025-11-14,-0.27739473441851403,0.16973235225024866,0.8260712803282516,-1.047669683853447,0.17770081547803282,-0.5958586470830757,-0.8021501891101434,-0.5197671964311974,0.2343156013423179,-1.1589592388967878,0.5493630639386742,-1.050425576354948,-0.4290395138709944,0.631339479658002,-1.5547163269043334,0.4161439741324952,-2.4406774617371845,1.307070165726622
2025-11-21,-0.34800369069820286,0.1586506416458479,0.8033823374690436,-1.0800834702844628,0.7877678068059757,-0.3483722377190574,-1.0098034363354227,-0.49486264757399495,0.2556417358247197,-1.1211589275318763,0.5244141731007382,-1.4345613910756787,-0.5528098539161252,0.8106096804569137,-1.7672129344197445,0.38835372670002455,-2.2664482564936783,0.4821688331543264
2025-11-28,-0.4345511576347332,-0.26274253127957753,0.783797095278918,-1.0397461254286988,-0.4807646859617507,-0.49964044964596666,-1.1630664894353233,-0.47004028490425287,0.13148905484897602,-1.0850263064657693,0.5014766364911769,-1.605370478958446,-0.24451302940272246,0.7967415116917278,-1.2892702995158372,0.3601401538554971,-2.1414926565544534,1.0435429690428109
2025-12-05,-1.0630550593153085,-0.5386544489292104,0.4830216512956273,-1.2809653016112772,-0.6630642851652933,-0.5880854374084136,-0.6179348728693235,-0.44164002558103455,0.17670474941852082,-1.0504061877244468,0.47249045754637314,-0.9558659772504923,0.2961073190449046,1.0247222711562436,-0.2057439985540124,0.3948204333408869,-1.9343385660207812,1.1407407508891556
2025-12-12,-1.053372094920105,-0.51906789110691,0.4555380618439239,-1.2483642605708656,-0.6135427917269961,-0.7048612044736849,-0.3025856078477082,-0.4129034298090811,0.22710066032906118,-1.0108894973508782,0.44959665892892026,-0.6629677547914792,0.24943783287667115,1.726977266982818,-0.04214723951044942,0.3649907741614355,-1.8304759748118697,0.6865107337285316
2025-12-19,-1.0438222286694683,-0.49968779266390245,0.42911095272394295,-1.217117182387868,-0.7477634931124305,-0.6243095131558665,-0.33392080498067256,-0.3836955483845976,0.2843535570453681,-0.9729007759509681,0.4267638080700545,-0.7918825972748076,-0.0056920949500244965,1.755900031537534,0.036884050237451685,0.3343725283627641,-1.7376343058805155,0.8181037196655068
2025-12-26,-1.0344018326483602,-0.7102970376888842,0.40533915416200134,-0.6293003834680918,-0.9694225896460821,-0.7457562138311208,-0.363929175038848,-0.35385761776141933,0.3069047310697027,-0.9362750698696979,0.4039516357113118,-0.868730697201517,0.2392686712243963,1.6794031624327515,0.25805777040703265,0.30273314582418426,-1.0434910499590915,1.913762507572759
2026-01-02,-1.3534188060888397,-0.8529492751000696,0.8090684528349368,-0.3213869357089166,-0.7981140063615713,-0.6116635507697981,-0.13910505573315507,-0.32766408929562074,0.32013868177222116,-0.900864666034469,0.38111861230866556,-0.5626566309716089,0.8182776452291446,1.9120239598350368,0.8457513789252381,0.536730444839343,-0.727948317580051,1.1066001389628815
2026-01-09,-1.2999443788938412,-0.8197873487283847,0.7796124178934402,-0.2981006836904362,-0.7797523180166269,-0.3807922993629569,-0.3692293188383403,-0.30105930332632946,0.3336095486696303,-0.8666944560882817,0.40594002801240564,-0.5983834962872455,1.0352729991270317,1.206647556564051,-0.20508360464203412,0.5069875051348414,-0.7090487970108164,1.5266033864600859
2026-01-16,-1.24967011531291,-0.7874250236936343,0.7512214213195714,-0.2745711474606517,-0.5364955987018997,-0.2650792382147264,-0.2679018558143961,-0.2739390015742925,0.3473305924893683,-0.8335000500164282,0.4318553610496017,-0.19611849234575984,1.3469710028924406,1.239646229504502,0.1122388185519615,0.47693838744078054,-0.6905104419300542,1.8777541154239776
2026-01-23,-1.202213735793644,-0.5184931261497231,0.7239527309499284,-0.25149045861773683,-0.5012591153451911,-0.8191934710416725,-0.162201866705644,-0.2461829819579147,0.3473305924893683,-0.8011741871558193,0.45898758408549234,-0.156543206077501,0.9554185766580066,1.1144198087901647,0.3300611278133526,0.44641113022677303,-0.18439182486871578,2.7359174639561665
2026-01-30,-1.1838779696330224,-0.49173368280262025,0.6979378215997694,-0.5900604096170532,-0.2652313481039987,-1.0246707202132441,-0.28137109988722053,-0.2627192027897363,0.31750526799172285,-0.7696185921676709,0.4874792343849644,0.02033224141084031,1.0785613193508623,1.8330913792941703,0.90470168448082,0.41678453967043605,-0.17923643966808275,2.0649420705633377
2026-02-06,4.03357872669384,2.6591733238120763,4.685935878163181,2.6092586124189365,0.24305201861446346,-0.7872091509739779,-0.41012981961332146,-0.2796358128336166,0.28676384454487064,-0.7387428092586051,0.5250307959787955,-0.23107946600605597,0.741368023666385,1.6532401367992402,1.080274743454715,0.945277094834348,0.35237029178804635,1.2176794493501275
2026-02-13,3.6198181123072324,2.7156672877658785,3.8694567141618377,2.527854641607226,0.2653435659868386,-1.0852141625573168,-1.210462936097314,-0.29696094693519953,0.2548614848866153,-0.7084634202854693,0.5654897875839991,-1.4788036672314016,0.27250948656882834,0.9780911457579684,-0.058894084940486625,0.9146925790157326,0.34676701226197826,1.548898196972413
2026-02-20,3.3052339572409983,2.7754637250992196,3.3537889524780025,2.452660516071218,-0.007882152466954326,-0.6833437565012235,-0.9454399024223614,-0.31472534218440584,0.22148725420132423,-0.6787037427135815,0.6093803271005926,-1.1446720457249913,0.6846006077259263,0.6033771167676674,-0.4575508519668505,0.8858614183835902,0.34118588083052903,1.3184184116161985
2026-02-27,3.0058367812156086,2.8820227045122846,2.988779654043698,2.5883868509240493,0.12913244420472647,-0.8125819785824101,-1.503796662687248,-0.3329626745571287,0.1811903444065098,-0.6493942193246504,0.6573688754299271,-1.8435797676635097,-0.41475635271970707,0.4819528695500358,-0.848432142172431,0.8596582194575495,0.2592121322353522,1.4552171953641226
2026-03-06,2.6373178094976995,2.5797064231128743,3.941283592208116,3.7514593157239764,1.7835494955340978,0.01525331405551906,-0.8746499300887973,-0.3019849104996333,0.17661167067358932,-0.6204739264966324,0.6715999015131489,-0.5540383146138257,0.21858873878474452,0.4514342764851878,-1.7205657448437457,0.829340186677621,0.25069578254520164,1.795378851816338
2026-03-13,2.4686955186563164,2.432373871823492,3.411354905323281,3.316239494937729,1.342734190258859,0.9572107571456276,0.030151662784678773,-0.2698337160220608,0.17203907112621858,-0.5932914769161535,0.6946870818067944,0.3664462173605449,0.9660526738125967,-0.031127101482793344,-2.1060067930111726,0.8082068527551103,0.247635908586079,1.575245594579646
2026-03-20,2.3246086760630957,2.3043602029873975,3.0382249605815956,2.994686538430659,1.2290719962554828,0.6205580795802332,0.6859999451676843,-0.23618175284182666,0.1674722562953816,-0.5668765190799854,0.7187185063645887,1.1103625945729634,1.5360320796542308,-0.5831545395616907,-2.3505538140228994,0.7907895171024556,0.24458130047432527,-0.13460530132245146
2026-03-27,2.199440087376757,2.309993748472562,2.7562678476330342,2.5656394168810506,1.8562880958545271,1.2295713936601886,1.5102435368280935,-0.20059694771626346,0.17222273021564707,-0.5415100024066193,0.7437787665306752,1.409031237521513,1.4738464011143826,0.0,-2.1163470351406617,0.7787213967011639,-0.048875799688873504,0.8566905488631752
2026-04-03,2.0633482669626266,2.1565562628083876,2.533720020423552,2.37027376400982,0.9189975336924127,1.35330520171857,0.4718633943869154,-0.15240015239937615,0.1926443366527619,-0.5177841022453222,0.7515133572706908,0.7620727844830568,1.1245945600029705,-0.7735484188508651,-1.7885471828122785,0.21930448118634682,-0.39144346848683903,0.05293842911629138
2026-04-10,1.9448474932513073,2.0246682113034047,2.3512242173150515,2.2071500247167104,0.07200575276369534,-0.01094495448855807,0.24316650447800456,-0.09452358384895207,0.21366940101087284,-0.4888088133481709,0.738640406046892,0.5192758417714711,0.5609123095005788,-0.9087860224699585,-1.8609260250350348,0.17425856903814058,-0.3817953454039707,-0.6196502203518067
2026-04-17,1.8402204573276622,1.9094436206987762,2.197715095748927,2.0679093489670093,-0.2994240042766225,-0.5462684031607866,-0.11817115226093128,-0.017685961768006533,0.23535732242540974,-0.45978960031555616,0.7259662712738469,0.17396081549888712,0.2623691110281632,-0.1943095540747273,-1.287514426157265,0.1218181002484624,-0.37220500449924043,-0.7100448046429326
2026-04-24,1.7467629795151132,1.8126136033768492,2.0659985097916835,1.9469439586064712,0.03590741624979157,-0.11049277430909563,0.05717813928857523,0.11233337871114818,0.3504863634709956,-0.43078758424024804,0.7134830947937104,0.7385276428974198,0.5645028162532081,-0.4765585239781491,-2.17155609161598,0.05628737378708727,-0.37089746031622195,-0.220365908883007
